SEARCHER public-tree scrub (Bible §36.3)
root: <home>/<tooling-home>/worktrees/searcher-regrade4-20260817-002726

WORKING TREE
  counts:
    home_path: 911
    localhost: 99
    tilde_home: 2
    username: 969
  findings:
    src/searcher/sources/platform.py:28  [localhost] localhost/private address not on the documentation allowlist  _LOOPBACK = frozenset({"localhost", "127.0.0.1", "::1", "0.0.0.0"})
    artifacts/grading-round4/attacks.py:506  [home_path] home-directory path  real = Path("<home>/Downloads/searcher/data/models/embedding.pt")
    artifacts/grading-round4/attacks.py:506  [username] personal username  real = Path("<home>/Downloads/searcher/data/models/embedding.pt")
    artifacts/grading-round4/benchmark-all.log:2  [home_path] home-directory path  receipt: <home>/<tooling-home>/worktrees/searcher-regrade4-20260817-002726/artifacts/searcher-public-benchmark.receipt.json
    artifacts/grading-round4/benchmark-all.log:2  [username] personal username  receipt: <home>/<tooling-home>/worktrees/searcher-regrade4-20260817-002726/artifacts/searcher-public-benchmark.receipt.json
    artifacts/grading-round4/benchmark-all.log:3  [home_path] home-directory path  evidence: <home>/<tooling-home>/worktrees/searcher-regrade4-20260817-002726/artifacts/benchmark/evidence-board.html
    artifacts/grading-round4/benchmark-all.log:3  [username] personal username  evidence: <home>/<tooling-home>/worktrees/searcher-regrade4-20260817-002726/artifacts/benchmark/evidence-board.html
    artifacts/grading-round4/benchmark-all.log:4  [home_path] home-directory path  splits: <home>/<tooling-home>/worktrees/searcher-regrade4-20260817-002726/fixtures/benchmark/splits.json
    artifacts/grading-round4/benchmark-all.log:4  [username] personal username  splits: <home>/<tooling-home>/worktrees/searcher-regrade4-20260817-002726/fixtures/benchmark/splits.json
    artifacts/grading-round4/pages-tunnel-cloudflared.log:7  [tilde_home] tilde home path  2026-08-17T04:54:47Z INF Cannot determine default configuration path. No file [config.yml config.yaml] in [~/.cloudflared ~/.cloudflare-warp ~/cloudflare-warp /etc/cloudflared /usr/local/etc/cloudflared]
    artifacts/grading-round4/pages-tunnel-cloudflared.log:10  [localhost] localhost/private address not on the documentation allowlist  2026-08-17T04:54:47Z INF Settings: map[ha-connections:1 no-autoupdate:true protocol:quic url:http://127.0.0.1:55171]
    artifacts/grading-round4/pages-tunnel-cloudflared.log:14  [localhost] localhost/private address not on the documentation allowlist  2026-08-17T04:54:47Z INF ICMP proxy will use 192.168.2.158 as source for IPv4
    artifacts/grading-round4/pages-tunnel-cloudflared.log:16  [localhost] localhost/private address not on the documentation allowlist  2026-08-17T04:54:47Z INF Created ICMP proxy listening on 192.168.2.158:0
    artifacts/grading-round4/pages-tunnel-cloudflared.log:17  [localhost] localhost/private address not on the documentation allowlist  2026-08-17T04:54:47Z INF ICMP proxy will use 192.168.2.158 as source for IPv4
    artifacts/grading-round4/pages-tunnel-cloudflared.log:19  [localhost] localhost/private address not on the documentation allowlist  2026-08-17T04:54:47Z INF Starting metrics server on 127.0.0.1:20242/metrics
    artifacts/grading-round4/pages_tunnel.py:33  [localhost] localhost/private address not on the documentation allowlist  sock.bind(("127.0.0.1", 0))
    artifacts/grading-round4/pages_tunnel.py:124  [localhost] localhost/private address not on the documentation allowlist  f"http://127.0.0.1:{port},http://localhost:{port},{PAGES_ORIGIN}"
    artifacts/grading-round4/pages_tunnel.py:131  [localhost] localhost/private address not on the documentation allowlist  "SEARCHER_API_HOST": "127.0.0.1",
    artifacts/grading-round4/pages_tunnel.py:148  [localhost] localhost/private address not on the documentation allowlist  "127.0.0.1",
    artifacts/grading-round4/pages_tunnel.py:166  [localhost] localhost/private address not on the documentation allowlist  st, _, raw = _http(f"http://127.0.0.1:{port}/v1/health", timeout=2)
    artifacts/grading-round4/pages_tunnel.py:186  [localhost] localhost/private address not on the documentation allowlist  f"http://127.0.0.1:{port}",
    artifacts/grading-round4/round3_attacks.py:503  [home_path] home-directory path  real = Path("<home>/Downloads/searcher/data/models/embedding.pt")
    artifacts/grading-round4/round3_attacks.py:503  [username] personal username  real = Path("<home>/Downloads/searcher/data/models/embedding.pt")
    artifacts/grading-round4/test_all.log:4  [home_path] home-directory path  File "<home>/.local/share/uv/python/cpython-3.13.13-macos-aarch64-none/lib/python3.13/threading.py", line 359 in wait
    artifacts/grading-round4/test_all.log:4  [username] personal username  File "<home>/.local/share/uv/python/cpython-3.13.13-macos-aarch64-none/lib/python3.13/threading.py", line 359 in wait
    artifacts/grading-round4/test_all.log:5  [home_path] home-directory path  File "<home>/.local/share/uv/python/cpython-3.13.13-macos-aarch64-none/lib/python3.13/queue.py", line 199 in get
    artifacts/grading-round4/test_all.log:5  [username] personal username  File "<home>/.local/share/uv/python/cpython-3.13.13-macos-aarch64-none/lib/python3.13/queue.py", line 199 in get
    artifacts/grading-round4/test_all.log:6  [home_path] home-directory path  File "<home>/<tooling-home>/worktrees/searcher-regrade4-20260817-002726/.venv/lib/python3.13/site-packages/anyio/_backends/_asyncio.py", line 1022 in run
    artifacts/grading-round4/test_all.log:6  [username] personal username  File "<home>/<tooling-home>/worktrees/searcher-regrade4-20260817-002726/.venv/lib/python3.13/site-packages/anyio/_backends/_asyncio.py", line 1022 in run
    artifacts/grading-round4/test_all.log:7  [home_path] home-directory path  File "<home>/.local/share/uv/python/cpython-3.13.13-macos-aarch64-none/lib/python3.13/threading.py", line 1044 in _bootstrap_inner
    artifacts/grading-round4/test_all.log:7  [username] personal username  File "<home>/.local/share/uv/python/cpython-3.13.13-macos-aarch64-none/lib/python3.13/threading.py", line 1044 in _bootstrap_inner
    artifacts/grading-round4/test_all.log:8  [home_path] home-directory path  File "<home>/.local/share/uv/python/cpython-3.13.13-macos-aarch64-none/lib/python3.13/threading.py", line 1015 in _bootstrap
    artifacts/grading-round4/test_all.log:8  [username] personal username  File "<home>/.local/share/uv/python/cpython-3.13.13-macos-aarch64-none/lib/python3.13/threading.py", line 1015 in _bootstrap
    artifacts/grading-round4/test_all.log:11  [home_path] home-directory path  File "<home>/.local/share/uv/python/cpython-3.13.13-macos-aarch64-none/lib/python3.13/subprocess.py", line 1921 in _execute_child
    artifacts/grading-round4/test_all.log:11  [username] personal username  File "<home>/.local/share/uv/python/cpython-3.13.13-macos-aarch64-none/lib/python3.13/subprocess.py", line 1921 in _execute_child
    artifacts/grading-round4/test_all.log:12  [home_path] home-directory path  File "<home>/.local/share/uv/python/cpython-3.13.13-macos-aarch64-none/lib/python3.13/subprocess.py", line 1039 in __init__
    artifacts/grading-round4/test_all.log:12  [username] personal username  File "<home>/.local/share/uv/python/cpython-3.13.13-macos-aarch64-none/lib/python3.13/subprocess.py", line 1039 in __init__
    artifacts/grading-round4/test_all.log:13  [home_path] home-directory path  File "<home>/.local/share/uv/python/cpython-3.13.13-macos-aarch64-none/lib/python3.13/subprocess.py", line 554 in run
    artifacts/grading-round4/test_all.log:13  [username] personal username  File "<home>/.local/share/uv/python/cpython-3.13.13-macos-aarch64-none/lib/python3.13/subprocess.py", line 554 in run
    artifacts/grading-round4/test_all.log:14  [home_path] home-directory path  File "<home>/<tooling-home>/worktrees/searcher-regrade4-20260817-002726/src/searcher/reference/ocr.py", line 114 in run_tesseract
    artifacts/grading-round4/test_all.log:14  [username] personal username  File "<home>/<tooling-home>/worktrees/searcher-regrade4-20260817-002726/src/searcher/reference/ocr.py", line 114 in run_tesseract
    artifacts/grading-round4/test_all.log:15  [home_path] home-directory path  File "<home>/<tooling-home>/worktrees/searcher-regrade4-20260817-002726/src/searcher/reference/analysis.py", line 182 in analyze_stored_references
    artifacts/grading-round4/test_all.log:15  [username] personal username  File "<home>/<tooling-home>/worktrees/searcher-regrade4-20260817-002726/src/searcher/reference/analysis.py", line 182 in analyze_stored_references
    artifacts/grading-round4/test_all.log:16  [home_path] home-directory path  File "<home>/<tooling-home>/worktrees/searcher-regrade4-20260817-002726/src/searcher/workers/reference/pipeline.py", line 153 in run_reference_query_wave
    artifacts/grading-round4/test_all.log:16  [username] personal username  File "<home>/<tooling-home>/worktrees/searcher-regrade4-20260817-002726/src/searcher/workers/reference/pipeline.py", line 153 in run_reference_query_wave
    artifacts/grading-round4/test_all.log:17  [home_path] home-directory path  File "<home>/<tooling-home>/worktrees/searcher-regrade4-20260817-002726/src/searcher/workers/api_campaign.py", line 436 in run_api_campaign
    artifacts/grading-round4/test_all.log:17  [username] personal username  File "<home>/<tooling-home>/worktrees/searcher-regrade4-20260817-002726/src/searcher/workers/api_campaign.py", line 436 in run_api_campaign
    artifacts/grading-round4/test_all.log:18  [home_path] home-directory path  File "<home>/<tooling-home>/worktrees/searcher-regrade4-20260817-002726/src/searcher/api/dependencies.py", line 81 in _run
    artifacts/grading-round4/test_all.log:18  [username] personal username  File "<home>/<tooling-home>/worktrees/searcher-regrade4-20260817-002726/src/searcher/api/dependencies.py", line 81 in _run
    artifacts/grading-round4/test_all.log:19  [home_path] home-directory path  File "<home>/.local/share/uv/python/cpython-3.13.13-macos-aarch64-none/lib/python3.13/threading.py", line 995 in run
    artifacts/grading-round4/test_all.log:19  [username] personal username  File "<home>/.local/share/uv/python/cpython-3.13.13-macos-aarch64-none/lib/python3.13/threading.py", line 995 in run
    artifacts/grading-round4/test_all.log:20  [home_path] home-directory path  File "<home>/.local/share/uv/python/cpython-3.13.13-macos-aarch64-none/lib/python3.13/threading.py", line 1044 in _bootstrap_inner
    artifacts/grading-round4/test_all.log:20  [username] personal username  File "<home>/.local/share/uv/python/cpython-3.13.13-macos-aarch64-none/lib/python3.13/threading.py", line 1044 in _bootstrap_inner
    artifacts/grading-round4/test_all.log:21  [home_path] home-directory path  File "<home>/.local/share/uv/python/cpython-3.13.13-macos-aarch64-none/lib/python3.13/threading.py", line 1015 in _bootstrap
    artifacts/grading-round4/test_all.log:21  [username] personal username  File "<home>/.local/share/uv/python/cpython-3.13.13-macos-aarch64-none/lib/python3.13/threading.py", line 1015 in _bootstrap
    artifacts/grading-round4/test_all.log:24  [home_path] home-directory path  File "<home>/.local/share/uv/python/cpython-3.13.13-macos-aarch64-none/lib/python3.13/selectors.py", line 548 in select
    artifacts/grading-round4/test_all.log:24  [username] personal username  File "<home>/.local/share/uv/python/cpython-3.13.13-macos-aarch64-none/lib/python3.13/selectors.py", line 548 in select
    artifacts/grading-round4/test_all.log:25  [home_path] home-directory path  File "<home>/.local/share/uv/python/cpython-3.13.13-macos-aarch64-none/lib/python3.13/asyncio/base_events.py", line 2023 in _run_once
    artifacts/grading-round4/test_all.log:25  [username] personal username  File "<home>/.local/share/uv/python/cpython-3.13.13-macos-aarch64-none/lib/python3.13/asyncio/base_events.py", line 2023 in _run_once
    artifacts/grading-round4/test_all.log:26  [home_path] home-directory path  File "<home>/.local/share/uv/python/cpython-3.13.13-macos-aarch64-none/lib/python3.13/asyncio/base_events.py", line 683 in run_forever
    artifacts/grading-round4/test_all.log:26  [username] personal username  File "<home>/.local/share/uv/python/cpython-3.13.13-macos-aarch64-none/lib/python3.13/asyncio/base_events.py", line 683 in run_forever
    artifacts/grading-round4/test_all.log:27  [home_path] home-directory path  File "<home>/.local/share/uv/python/cpython-3.13.13-macos-aarch64-none/lib/python3.13/asyncio/base_events.py", line 712 in run_until_complete
    artifacts/grading-round4/test_all.log:27  [username] personal username  File "<home>/.local/share/uv/python/cpython-3.13.13-macos-aarch64-none/lib/python3.13/asyncio/base_events.py", line 712 in run_until_complete
    artifacts/grading-round4/test_all.log:28  [home_path] home-directory path  File "<home>/.local/share/uv/python/cpython-3.13.13-macos-aarch64-none/lib/python3.13/asyncio/runners.py", line 118 in run
    artifacts/grading-round4/test_all.log:28  [username] personal username  File "<home>/.local/share/uv/python/cpython-3.13.13-macos-aarch64-none/lib/python3.13/asyncio/runners.py", line 118 in run
    artifacts/grading-round4/test_all.log:29  [home_path] home-directory path  File "<home>/<tooling-home>/worktrees/searcher-regrade4-20260817-002726/.venv/lib/python3.13/site-packages/anyio/_backends/_asyncio.py", line 2481 in run
    artifacts/grading-round4/test_all.log:29  [username] personal username  File "<home>/<tooling-home>/worktrees/searcher-regrade4-20260817-002726/.venv/lib/python3.13/site-packages/anyio/_backends/_asyncio.py", line 2481 in run
    artifacts/grading-round4/test_all.log:30  [home_path] home-directory path  File "<home>/<tooling-home>/worktrees/searcher-regrade4-20260817-002726/.venv/lib/python3.13/site-packages/anyio/_core/_eventloop.py", line 83 in run
    artifacts/grading-round4/test_all.log:30  [username] personal username  File "<home>/<tooling-home>/worktrees/searcher-regrade4-20260817-002726/.venv/lib/python3.13/site-packages/anyio/_core/_eventloop.py", line 83 in run
    artifacts/grading-round4/test_all.log:31  [home_path] home-directory path  File "<home>/<tooling-home>/worktrees/searcher-regrade4-20260817-002726/.venv/lib/python3.13/site-packages/anyio/from_thread.py", line 536 in run_blocking_portal
    artifacts/grading-round4/test_all.log:31  [username] personal username  File "<home>/<tooling-home>/worktrees/searcher-regrade4-20260817-002726/.venv/lib/python3.13/site-packages/anyio/from_thread.py", line 536 in run_blocking_portal
    artifacts/grading-round4/test_all.log:32  [home_path] home-directory path  File "<home>/.local/share/uv/python/cpython-3.13.13-macos-aarch64-none/lib/python3.13/threading.py", line 995 in run
    artifacts/grading-round4/test_all.log:32  [username] personal username  File "<home>/.local/share/uv/python/cpython-3.13.13-macos-aarch64-none/lib/python3.13/threading.py", line 995 in run
    artifacts/grading-round4/test_all.log:33  [home_path] home-directory path  File "<home>/.local/share/uv/python/cpython-3.13.13-macos-aarch64-none/lib/python3.13/threading.py", line 1044 in _bootstrap_inner
    artifacts/grading-round4/test_all.log:33  [username] personal username  File "<home>/.local/share/uv/python/cpython-3.13.13-macos-aarch64-none/lib/python3.13/threading.py", line 1044 in _bootstrap_inner
    artifacts/grading-round4/test_all.log:34  [home_path] home-directory path  File "<home>/.local/share/uv/python/cpython-3.13.13-macos-aarch64-none/lib/python3.13/threading.py", line 1015 in _bootstrap
    artifacts/grading-round4/test_all.log:34  [username] personal username  File "<home>/.local/share/uv/python/cpython-3.13.13-macos-aarch64-none/lib/python3.13/threading.py", line 1015 in _bootstrap
    artifacts/grading-round4/test_all.log:37  [home_path] home-directory path  File "<home>/<tooling-home>/worktrees/searcher-regrade4-20260817-002726/tests/integration/test_api.py", line 55 in wait_terminal
    artifacts/grading-round4/test_all.log:37  [username] personal username  File "<home>/<tooling-home>/worktrees/searcher-regrade4-20260817-002726/tests/integration/test_api.py", line 55 in wait_terminal
    artifacts/grading-round4/test_all.log:38  [home_path] home-directory path  File "<home>/<tooling-home>/worktrees/searcher-regrade4-20260817-002726/tests/integration/test_source_scopes_api.py", line 109 in test_results_payload_and_sse_carry_three_lists
    artifacts/grading-round4/test_all.log:38  [username] personal username  File "<home>/<tooling-home>/worktrees/searcher-regrade4-20260817-002726/tests/integration/test_source_scopes_api.py", line 109 in test_results_payload_and_sse_carry_three_lists
    artifacts/grading-round4/test_all.log:39  [home_path] home-directory path  File "<home>/<tooling-home>/worktrees/searcher-regrade4-20260817-002726/.venv/lib/python3.13/site-packages/_pytest/python.py", line 167 in pytest_pyfunc_call
    artifacts/grading-round4/test_all.log:39  [username] personal username  File "<home>/<tooling-home>/worktrees/searcher-regrade4-20260817-002726/.venv/lib/python3.13/site-packages/_pytest/python.py", line 167 in pytest_pyfunc_call
    artifacts/grading-round4/test_all.log:40  [home_path] home-directory path  File "<home>/<tooling-home>/worktrees/searcher-regrade4-20260817-002726/.venv/lib/python3.13/site-packages/pluggy/_callers.py", line 121 in _multicall
    artifacts/grading-round4/test_all.log:40  [username] personal username  File "<home>/<tooling-home>/worktrees/searcher-regrade4-20260817-002726/.venv/lib/python3.13/site-packages/pluggy/_callers.py", line 121 in _multicall
    artifacts/grading-round4/test_all.log:41  [home_path] home-directory path  File "<home>/<tooling-home>/worktrees/searcher-regrade4-20260817-002726/.venv/lib/python3.13/site-packages/pluggy/_manager.py", line 120 in _hookexec
    artifacts/grading-round4/test_all.log:41  [username] personal username  File "<home>/<tooling-home>/worktrees/searcher-regrade4-20260817-002726/.venv/lib/python3.13/site-packages/pluggy/_manager.py", line 120 in _hookexec
    artifacts/grading-round4/test_all.log:42  [home_path] home-directory path  File "<home>/<tooling-home>/worktrees/searcher-regrade4-20260817-002726/.venv/lib/python3.13/site-packages/pluggy/_hooks.py", line 512 in __call__
    artifacts/grading-round4/test_all.log:42  [username] personal username  File "<home>/<tooling-home>/worktrees/searcher-regrade4-20260817-002726/.venv/lib/python3.13/site-packages/pluggy/_hooks.py", line 512 in __call__
    artifacts/grading-round4/test_all.log:43  [home_path] home-directory path  File "<home>/<tooling-home>/worktrees/searcher-regrade4-20260817-002726/.venv/lib/python3.13/site-packages/_pytest/python.py", line 1707 in runtest
    artifacts/grading-round4/test_all.log:43  [username] personal username  File "<home>/<tooling-home>/worktrees/searcher-regrade4-20260817-002726/.venv/lib/python3.13/site-packages/_pytest/python.py", line 1707 in runtest
    artifacts/grading-round4/test_all.log:44  [home_path] home-directory path  File "<home>/<tooling-home>/worktrees/searcher-regrade4-20260817-002726/.venv/lib/python3.13/site-packages/_pytest/runner.py", line 184 in pytest_runtest_call
    artifacts/grading-round4/test_all.log:44  [username] personal username  File "<home>/<tooling-home>/worktrees/searcher-regrade4-20260817-002726/.venv/lib/python3.13/site-packages/_pytest/runner.py", line 184 in pytest_runtest_call
    artifacts/grading-round4/test_all.log:45  [home_path] home-directory path  File "<home>/<tooling-home>/worktrees/searcher-regrade4-20260817-002726/.venv/lib/python3.13/site-packages/pluggy/_callers.py", line 121 in _multicall
    artifacts/grading-round4/test_all.log:45  [username] personal username  File "<home>/<tooling-home>/worktrees/searcher-regrade4-20260817-002726/.venv/lib/python3.13/site-packages/pluggy/_callers.py", line 121 in _multicall
    artifacts/grading-round4/test_all.log:46  [home_path] home-directory path  File "<home>/<tooling-home>/worktrees/searcher-regrade4-20260817-002726/.venv/lib/python3.13/site-packages/pluggy/_manager.py", line 120 in _hookexec
    artifacts/grading-round4/test_all.log:46  [username] personal username  File "<home>/<tooling-home>/worktrees/searcher-regrade4-20260817-002726/.venv/lib/python3.13/site-packages/pluggy/_manager.py", line 120 in _hookexec
    artifacts/grading-round4/test_all.log:47  [home_path] home-directory path  File "<home>/<tooling-home>/worktrees/searcher-regrade4-20260817-002726/.venv/lib/python3.13/site-packages/pluggy/_hooks.py", line 512 in __call__
    artifacts/grading-round4/test_all.log:47  [username] personal username  File "<home>/<tooling-home>/worktrees/searcher-regrade4-20260817-002726/.venv/lib/python3.13/site-packages/pluggy/_hooks.py", line 512 in __call__
    artifacts/grading-round4/test_all.log:48  [home_path] home-directory path  File "<home>/<tooling-home>/worktrees/searcher-regrade4-20260817-002726/.venv/lib/python3.13/site-packages/_pytest/runner.py", line 250 in <lambda>
    artifacts/grading-round4/test_all.log:48  [username] personal username  File "<home>/<tooling-home>/worktrees/searcher-regrade4-20260817-002726/.venv/lib/python3.13/site-packages/_pytest/runner.py", line 250 in <lambda>
    artifacts/grading-round4/test_all.log:49  [home_path] home-directory path  File "<home>/<tooling-home>/worktrees/searcher-regrade4-20260817-002726/.venv/lib/python3.13/site-packages/_pytest/runner.py", line 361 in from_call
    artifacts/grading-round4/test_all.log:49  [username] personal username  File "<home>/<tooling-home>/worktrees/searcher-regrade4-20260817-002726/.venv/lib/python3.13/site-packages/_pytest/runner.py", line 361 in from_call
    artifacts/grading-round4/test_all.log:50  [home_path] home-directory path  File "<home>/<tooling-home>/worktrees/searcher-regrade4-20260817-002726/.venv/lib/python3.13/site-packages/_pytest/runner.py", line 249 in call_and_report
    artifacts/grading-round4/test_all.log:50  [username] personal username  File "<home>/<tooling-home>/worktrees/searcher-regrade4-20260817-002726/.venv/lib/python3.13/site-packages/_pytest/runner.py", line 249 in call_and_report
    artifacts/grading-round4/test_all.log:51  [home_path] home-directory path  File "<home>/<tooling-home>/worktrees/searcher-regrade4-20260817-002726/.venv/lib/python3.13/site-packages/_pytest/runner.py", line 139 in runtestprotocol
    artifacts/grading-round4/test_all.log:51  [username] personal username  File "<home>/<tooling-home>/worktrees/searcher-regrade4-20260817-002726/.venv/lib/python3.13/site-packages/_pytest/runner.py", line 139 in runtestprotocol
    artifacts/grading-round4/test_all.log:52  [home_path] home-directory path  File "<home>/<tooling-home>/worktrees/searcher-regrade4-20260817-002726/.venv/lib/python3.13/site-packages/_pytest/runner.py", line 118 in pytest_runtest_protocol
    artifacts/grading-round4/test_all.log:52  [username] personal username  File "<home>/<tooling-home>/worktrees/searcher-regrade4-20260817-002726/.venv/lib/python3.13/site-packages/_pytest/runner.py", line 118 in pytest_runtest_protocol
    artifacts/grading-round4/test_all.log:53  [home_path] home-directory path  File "<home>/<tooling-home>/worktrees/searcher-regrade4-20260817-002726/.venv/lib/python3.13/site-packages/pluggy/_callers.py", line 121 in _multicall
    artifacts/grading-round4/test_all.log:53  [username] personal username  File "<home>/<tooling-home>/worktrees/searcher-regrade4-20260817-002726/.venv/lib/python3.13/site-packages/pluggy/_callers.py", line 121 in _multicall
    artifacts/grading-round4/test_all.log:54  [home_path] home-directory path  File "<home>/<tooling-home>/worktrees/searcher-regrade4-20260817-002726/.venv/lib/python3.13/site-packages/pluggy/_manager.py", line 120 in _hookexec
    artifacts/grading-round4/test_all.log:54  [username] personal username  File "<home>/<tooling-home>/worktrees/searcher-regrade4-20260817-002726/.venv/lib/python3.13/site-packages/pluggy/_manager.py", line 120 in _hookexec
    artifacts/grading-round4/test_all.log:55  [home_path] home-directory path  File "<home>/<tooling-home>/worktrees/searcher-regrade4-20260817-002726/.venv/lib/python3.13/site-packages/pluggy/_hooks.py", line 512 in __call__
    artifacts/grading-round4/test_all.log:55  [username] personal username  File "<home>/<tooling-home>/worktrees/searcher-regrade4-20260817-002726/.venv/lib/python3.13/site-packages/pluggy/_hooks.py", line 512 in __call__
    artifacts/grading-round4/test_all.log:56  [home_path] home-directory path  File "<home>/<tooling-home>/worktrees/searcher-regrade4-20260817-002726/.venv/lib/python3.13/site-packages/_pytest/main.py", line 408 in pytest_runtestloop
    artifacts/grading-round4/test_all.log:56  [username] personal username  File "<home>/<tooling-home>/worktrees/searcher-regrade4-20260817-002726/.venv/lib/python3.13/site-packages/_pytest/main.py", line 408 in pytest_runtestloop
    artifacts/grading-round4/test_all.log:57  [home_path] home-directory path  File "<home>/<tooling-home>/worktrees/searcher-regrade4-20260817-002726/.venv/lib/python3.13/site-packages/pluggy/_callers.py", line 121 in _multicall
    artifacts/grading-round4/test_all.log:57  [username] personal username  File "<home>/<tooling-home>/worktrees/searcher-regrade4-20260817-002726/.venv/lib/python3.13/site-packages/pluggy/_callers.py", line 121 in _multicall
    artifacts/grading-round4/test_all.log:58  [home_path] home-directory path  File "<home>/<tooling-home>/worktrees/searcher-regrade4-20260817-002726/.venv/lib/python3.13/site-packages/pluggy/_manager.py", line 120 in _hookexec
    artifacts/grading-round4/test_all.log:58  [username] personal username  File "<home>/<tooling-home>/worktrees/searcher-regrade4-20260817-002726/.venv/lib/python3.13/site-packages/pluggy/_manager.py", line 120 in _hookexec
    artifacts/grading-round4/test_all.log:59  [home_path] home-directory path  File "<home>/<tooling-home>/worktrees/searcher-regrade4-20260817-002726/.venv/lib/python3.13/site-packages/pluggy/_hooks.py", line 512 in __call__
    artifacts/grading-round4/test_all.log:59  [username] personal username  File "<home>/<tooling-home>/worktrees/searcher-regrade4-20260817-002726/.venv/lib/python3.13/site-packages/pluggy/_hooks.py", line 512 in __call__
    artifacts/grading-round4/test_all.log:60  [home_path] home-directory path  File "<home>/<tooling-home>/worktrees/searcher-regrade4-20260817-002726/.venv/lib/python3.13/site-packages/_pytest/main.py", line 384 in _main
    artifacts/grading-round4/test_all.log:60  [username] personal username  File "<home>/<tooling-home>/worktrees/searcher-regrade4-20260817-002726/.venv/lib/python3.13/site-packages/_pytest/main.py", line 384 in _main
    artifacts/grading-round4/test_all.log:61  [home_path] home-directory path  File "<home>/<tooling-home>/worktrees/searcher-regrade4-20260817-002726/.venv/lib/python3.13/site-packages/_pytest/main.py", line 330 in wrap_session
    artifacts/grading-round4/test_all.log:61  [username] personal username  File "<home>/<tooling-home>/worktrees/searcher-regrade4-20260817-002726/.venv/lib/python3.13/site-packages/_pytest/main.py", line 330 in wrap_session
    artifacts/grading-round4/test_all.log:62  [home_path] home-directory path  File "<home>/<tooling-home>/worktrees/searcher-regrade4-20260817-002726/.venv/lib/python3.13/site-packages/_pytest/main.py", line 377 in pytest_cmdline_main
    artifacts/grading-round4/test_all.log:62  [username] personal username  File "<home>/<tooling-home>/worktrees/searcher-regrade4-20260817-002726/.venv/lib/python3.13/site-packages/_pytest/main.py", line 377 in pytest_cmdline_main
    artifacts/grading-round4/test_all.log:63  [home_path] home-directory path  File "<home>/<tooling-home>/worktrees/searcher-regrade4-20260817-002726/.venv/lib/python3.13/site-packages/pluggy/_callers.py", line 121 in _multicall
    artifacts/grading-round4/test_all.log:63  [username] personal username  File "<home>/<tooling-home>/worktrees/searcher-regrade4-20260817-002726/.venv/lib/python3.13/site-packages/pluggy/_callers.py", line 121 in _multicall
    artifacts/grading-round4/test_all.log:64  [home_path] home-directory path  File "<home>/<tooling-home>/worktrees/searcher-regrade4-20260817-002726/.venv/lib/python3.13/site-packages/pluggy/_manager.py", line 120 in _hookexec
    artifacts/grading-round4/test_all.log:64  [username] personal username  File "<home>/<tooling-home>/worktrees/searcher-regrade4-20260817-002726/.venv/lib/python3.13/site-packages/pluggy/_manager.py", line 120 in _hookexec
    artifacts/grading-round4/test_all.log:65  [home_path] home-directory path  File "<home>/<tooling-home>/worktrees/searcher-regrade4-20260817-002726/.venv/lib/python3.13/site-packages/pluggy/_hooks.py", line 512 in __call__
    artifacts/grading-round4/test_all.log:65  [username] personal username  File "<home>/<tooling-home>/worktrees/searcher-regrade4-20260817-002726/.venv/lib/python3.13/site-packages/pluggy/_hooks.py", line 512 in __call__
    artifacts/grading-round4/test_all.log:66  [home_path] home-directory path  File "<home>/<tooling-home>/worktrees/searcher-regrade4-20260817-002726/.venv/lib/python3.13/site-packages/_pytest/config/__init__.py", line 229 in _main
    artifacts/grading-round4/test_all.log:66  [username] personal username  File "<home>/<tooling-home>/worktrees/searcher-regrade4-20260817-002726/.venv/lib/python3.13/site-packages/_pytest/config/__init__.py", line 229 in _main
    artifacts/grading-round4/test_all.log:67  [home_path] home-directory path  File "<home>/<tooling-home>/worktrees/searcher-regrade4-20260817-002726/.venv/lib/python3.13/site-packages/_pytest/config/__init__.py", line 253 in _console_main
    artifacts/grading-round4/test_all.log:67  [username] personal username  File "<home>/<tooling-home>/worktrees/searcher-regrade4-20260817-002726/.venv/lib/python3.13/site-packages/_pytest/config/__init__.py", line 253 in _console_main
    artifacts/grading-round4/test_all.log:68  [home_path] home-directory path  File "<home>/<tooling-home>/worktrees/searcher-regrade4-20260817-002726/.venv/bin/pytest", line 10 in <module>
    artifacts/grading-round4/test_all.log:68  [username] personal username  File "<home>/<tooling-home>/worktrees/searcher-regrade4-20260817-002726/.venv/bin/pytest", line 10 in <module>
    artifacts/grading-round4/test_all.log:74  [home_path] home-directory path  File "<home>/.local/share/uv/python/cpython-3.13.13-macos-aarch64-none/lib/python3.13/selectors.py", line 398 in select
    artifacts/grading-round4/test_all.log:74  [username] personal username  File "<home>/.local/share/uv/python/cpython-3.13.13-macos-aarch64-none/lib/python3.13/selectors.py", line 398 in select
    artifacts/grading-round4/test_all.log:75  [home_path] home-directory path  File "<home>/.local/share/uv/python/cpython-3.13.13-macos-aarch64-none/lib/python3.13/socketserver.py", line 235 in serve_forever
    artifacts/grading-round4/test_all.log:75  [username] personal username  File "<home>/.local/share/uv/python/cpython-3.13.13-macos-aarch64-none/lib/python3.13/socketserver.py", line 235 in serve_forever
    artifacts/grading-round4/test_all.log:76  [home_path] home-directory path  File "<home>/.local/share/uv/python/cpython-3.13.13-macos-aarch64-none/lib/python3.13/threading.py", line 995 in run
    artifacts/grading-round4/test_all.log:76  [username] personal username  File "<home>/.local/share/uv/python/cpython-3.13.13-macos-aarch64-none/lib/python3.13/threading.py", line 995 in run
    artifacts/grading-round4/test_all.log:77  [home_path] home-directory path  File "<home>/.local/share/uv/python/cpython-3.13.13-macos-aarch64-none/lib/python3.13/threading.py", line 1044 in _bootstrap_inner
    artifacts/grading-round4/test_all.log:77  [username] personal username  File "<home>/.local/share/uv/python/cpython-3.13.13-macos-aarch64-none/lib/python3.13/threading.py", line 1044 in _bootstrap_inner
    artifacts/grading-round4/test_all.log:78  [home_path] home-directory path  File "<home>/.local/share/uv/python/cpython-3.13.13-macos-aarch64-none/lib/python3.13/threading.py", line 1015 in _bootstrap
    artifacts/grading-round4/test_all.log:78  [username] personal username  File "<home>/.local/share/uv/python/cpython-3.13.13-macos-aarch64-none/lib/python3.13/threading.py", line 1015 in _bootstrap
    artifacts/grading-round4/test_all.log:81  [home_path] home-directory path  File "<home>/.local/share/uv/python/cpython-3.13.13-macos-aarch64-none/lib/python3.13/subprocess.py", line 1921 in _execute_child
    artifacts/grading-round4/test_all.log:81  [username] personal username  File "<home>/.local/share/uv/python/cpython-3.13.13-macos-aarch64-none/lib/python3.13/subprocess.py", line 1921 in _execute_child
    artifacts/grading-round4/test_all.log:82  [home_path] home-directory path  File "<home>/.local/share/uv/python/cpython-3.13.13-macos-aarch64-none/lib/python3.13/subprocess.py", line 1039 in __init__
    artifacts/grading-round4/test_all.log:82  [username] personal username  File "<home>/.local/share/uv/python/cpython-3.13.13-macos-aarch64-none/lib/python3.13/subprocess.py", line 1039 in __init__
    artifacts/grading-round4/test_all.log:83  [home_path] home-directory path  File "<home>/.local/share/uv/python/cpython-3.13.13-macos-aarch64-none/lib/python3.13/subprocess.py", line 554 in run
    artifacts/grading-round4/test_all.log:83  [username] personal username  File "<home>/.local/share/uv/python/cpython-3.13.13-macos-aarch64-none/lib/python3.13/subprocess.py", line 554 in run
    artifacts/grading-round4/test_all.log:84  [home_path] home-directory path  File "<home>/<tooling-home>/worktrees/searcher-regrade4-20260817-002726/src/searcher/reference/ocr.py", line 114 in run_tesseract
    artifacts/grading-round4/test_all.log:84  [username] personal username  File "<home>/<tooling-home>/worktrees/searcher-regrade4-20260817-002726/src/searcher/reference/ocr.py", line 114 in run_tesseract
    artifacts/grading-round4/test_all.log:85  [home_path] home-directory path  File "<home>/<tooling-home>/worktrees/searcher-regrade4-20260817-002726/src/searcher/reference/analysis.py", line 182 in analyze_stored_references
    artifacts/grading-round4/test_all.log:85  [username] personal username  File "<home>/<tooling-home>/worktrees/searcher-regrade4-20260817-002726/src/searcher/reference/analysis.py", line 182 in analyze_stored_references
    artifacts/grading-round4/test_all.log:86  [home_path] home-directory path  File "<home>/<tooling-home>/worktrees/searcher-regrade4-20260817-002726/src/searcher/workers/reference/pipeline.py", line 153 in run_reference_query_wave
    artifacts/grading-round4/test_all.log:86  [username] personal username  File "<home>/<tooling-home>/worktrees/searcher-regrade4-20260817-002726/src/searcher/workers/reference/pipeline.py", line 153 in run_reference_query_wave
    artifacts/grading-round4/test_all.log:87  [home_path] home-directory path  File "<home>/<tooling-home>/worktrees/searcher-regrade4-20260817-002726/src/searcher/campaigns/orchestrator.py", line 338 in _ensure_reference
    artifacts/grading-round4/test_all.log:87  [username] personal username  File "<home>/<tooling-home>/worktrees/searcher-regrade4-20260817-002726/src/searcher/campaigns/orchestrator.py", line 338 in _ensure_reference
    artifacts/grading-round4/test_all.log:88  [home_path] home-directory path  File "<home>/<tooling-home>/worktrees/searcher-regrade4-20260817-002726/src/searcher/campaigns/orchestrator.py", line 197 in run
    artifacts/grading-round4/test_all.log:88  [username] personal username  File "<home>/<tooling-home>/worktrees/searcher-regrade4-20260817-002726/src/searcher/campaigns/orchestrator.py", line 197 in run
    artifacts/grading-round4/test_all.log:89  [home_path] home-directory path  File "<home>/<tooling-home>/worktrees/searcher-regrade4-20260817-002726/tests/integration/test_speed_budget.py", line 175 in test_stalling_source_is_abandoned_and_campaign_terminates
    artifacts/grading-round4/test_all.log:89  [username] personal username  File "<home>/<tooling-home>/worktrees/searcher-regrade4-20260817-002726/tests/integration/test_speed_budget.py", line 175 in test_stalling_source_is_abandoned_and_campaign_terminates
    artifacts/grading-round4/test_all.log:90  [home_path] home-directory path  File "<home>/<tooling-home>/worktrees/searcher-regrade4-20260817-002726/.venv/lib/python3.13/site-packages/_pytest/python.py", line 167 in pytest_pyfunc_call
    artifacts/grading-round4/test_all.log:90  [username] personal username  File "<home>/<tooling-home>/worktrees/searcher-regrade4-20260817-002726/.venv/lib/python3.13/site-packages/_pytest/python.py", line 167 in pytest_pyfunc_call
    artifacts/grading-round4/test_all.log:91  [home_path] home-directory path  File "<home>/<tooling-home>/worktrees/searcher-regrade4-20260817-002726/.venv/lib/python3.13/site-packages/pluggy/_callers.py", line 121 in _multicall
    artifacts/grading-round4/test_all.log:91  [username] personal username  File "<home>/<tooling-home>/worktrees/searcher-regrade4-20260817-002726/.venv/lib/python3.13/site-packages/pluggy/_callers.py", line 121 in _multicall
    artifacts/grading-round4/test_all.log:92  [home_path] home-directory path  File "<home>/<tooling-home>/worktrees/searcher-regrade4-20260817-002726/.venv/lib/python3.13/site-packages/pluggy/_manager.py", line 120 in _hookexec
    artifacts/grading-round4/test_all.log:92  [username] personal username  File "<home>/<tooling-home>/worktrees/searcher-regrade4-20260817-002726/.venv/lib/python3.13/site-packages/pluggy/_manager.py", line 120 in _hookexec
    artifacts/grading-round4/test_all.log:93  [home_path] home-directory path  File "<home>/<tooling-home>/worktrees/searcher-regrade4-20260817-002726/.venv/lib/python3.13/site-packages/pluggy/_hooks.py", line 512 in __call__
    artifacts/grading-round4/test_all.log:93  [username] personal username  File "<home>/<tooling-home>/worktrees/searcher-regrade4-20260817-002726/.venv/lib/python3.13/site-packages/pluggy/_hooks.py", line 512 in __call__
    artifacts/grading-round4/test_all.log:94  [home_path] home-directory path  File "<home>/<tooling-home>/worktrees/searcher-regrade4-20260817-002726/.venv/lib/python3.13/site-packages/_pytest/python.py", line 1707 in runtest
    artifacts/grading-round4/test_all.log:94  [username] personal username  File "<home>/<tooling-home>/worktrees/searcher-regrade4-20260817-002726/.venv/lib/python3.13/site-packages/_pytest/python.py", line 1707 in runtest
    artifacts/grading-round4/test_all.log:95  [home_path] home-directory path  File "<home>/<tooling-home>/worktrees/searcher-regrade4-20260817-002726/.venv/lib/python3.13/site-packages/_pytest/runner.py", line 184 in pytest_runtest_call
    artifacts/grading-round4/test_all.log:95  [username] personal username  File "<home>/<tooling-home>/worktrees/searcher-regrade4-20260817-002726/.venv/lib/python3.13/site-packages/_pytest/runner.py", line 184 in pytest_runtest_call
    artifacts/grading-round4/test_all.log:96  [home_path] home-directory path  File "<home>/<tooling-home>/worktrees/searcher-regrade4-20260817-002726/.venv/lib/python3.13/site-packages/pluggy/_callers.py", line 121 in _multicall
    artifacts/grading-round4/test_all.log:96  [username] personal username  File "<home>/<tooling-home>/worktrees/searcher-regrade4-20260817-002726/.venv/lib/python3.13/site-packages/pluggy/_callers.py", line 121 in _multicall
    artifacts/grading-round4/test_all.log:97  [home_path] home-directory path  File "<home>/<tooling-home>/worktrees/searcher-regrade4-20260817-002726/.venv/lib/python3.13/site-packages/pluggy/_manager.py", line 120 in _hookexec
    artifacts/grading-round4/test_all.log:97  [username] personal username  File "<home>/<tooling-home>/worktrees/searcher-regrade4-20260817-002726/.venv/lib/python3.13/site-packages/pluggy/_manager.py", line 120 in _hookexec
    artifacts/grading-round4/test_all.log:98  [home_path] home-directory path  File "<home>/<tooling-home>/worktrees/searcher-regrade4-20260817-002726/.venv/lib/python3.13/site-packages/pluggy/_hooks.py", line 512 in __call__
    artifacts/grading-round4/test_all.log:98  [username] personal username  File "<home>/<tooling-home>/worktrees/searcher-regrade4-20260817-002726/.venv/lib/python3.13/site-packages/pluggy/_hooks.py", line 512 in __call__
    artifacts/grading-round4/test_all.log:99  [home_path] home-directory path  File "<home>/<tooling-home>/worktrees/searcher-regrade4-20260817-002726/.venv/lib/python3.13/site-packages/_pytest/runner.py", line 250 in <lambda>
    artifacts/grading-round4/test_all.log:99  [username] personal username  File "<home>/<tooling-home>/worktrees/searcher-regrade4-20260817-002726/.venv/lib/python3.13/site-packages/_pytest/runner.py", line 250 in <lambda>
    artifacts/grading-round4/test_all.log:100  [home_path] home-directory path  File "<home>/<tooling-home>/worktrees/searcher-regrade4-20260817-002726/.venv/lib/python3.13/site-packages/_pytest/runner.py", line 361 in from_call
    artifacts/grading-round4/test_all.log:100  [username] personal username  File "<home>/<tooling-home>/worktrees/searcher-regrade4-20260817-002726/.venv/lib/python3.13/site-packages/_pytest/runner.py", line 361 in from_call
    artifacts/grading-round4/test_all.log:101  [home_path] home-directory path  File "<home>/<tooling-home>/worktrees/searcher-regrade4-20260817-002726/.venv/lib/python3.13/site-packages/_pytest/runner.py", line 249 in call_and_report
    artifacts/grading-round4/test_all.log:101  [username] personal username  File "<home>/<tooling-home>/worktrees/searcher-regrade4-20260817-002726/.venv/lib/python3.13/site-packages/_pytest/runner.py", line 249 in call_and_report
    artifacts/grading-round4/test_all.log:102  [home_path] home-directory path  File "<home>/<tooling-home>/worktrees/searcher-regrade4-20260817-002726/.venv/lib/python3.13/site-packages/_pytest/runner.py", line 139 in runtestprotocol
    artifacts/grading-round4/test_all.log:102  [username] personal username  File "<home>/<tooling-home>/worktrees/searcher-regrade4-20260817-002726/.venv/lib/python3.13/site-packages/_pytest/runner.py", line 139 in runtestprotocol
    artifacts/grading-round4/test_all.log:103  [home_path] home-directory path  File "<home>/<tooling-home>/worktrees/searcher-regrade4-20260817-002726/.venv/lib/python3.13/site-packages/_pytest/runner.py", line 118 in pytest_runtest_protocol
    artifacts/grading-round4/test_all.log:103  [username] personal username  File "<home>/<tooling-home>/worktrees/searcher-regrade4-20260817-002726/.venv/lib/python3.13/site-packages/_pytest/runner.py", line 118 in pytest_runtest_protocol
    artifacts/grading-round4/test_all.log:104  [home_path] home-directory path  File "<home>/<tooling-home>/worktrees/searcher-regrade4-20260817-002726/.venv/lib/python3.13/site-packages/pluggy/_callers.py", line 121 in _multicall
    artifacts/grading-round4/test_all.log:104  [username] personal username  File "<home>/<tooling-home>/worktrees/searcher-regrade4-20260817-002726/.venv/lib/python3.13/site-packages/pluggy/_callers.py", line 121 in _multicall
    artifacts/grading-round4/test_all.log:105  [home_path] home-directory path  File "<home>/<tooling-home>/worktrees/searcher-regrade4-20260817-002726/.venv/lib/python3.13/site-packages/pluggy/_manager.py", line 120 in _hookexec
    artifacts/grading-round4/test_all.log:105  [username] personal username  File "<home>/<tooling-home>/worktrees/searcher-regrade4-20260817-002726/.venv/lib/python3.13/site-packages/pluggy/_manager.py", line 120 in _hookexec
    artifacts/grading-round4/test_all.log:106  [home_path] home-directory path  File "<home>/<tooling-home>/worktrees/searcher-regrade4-20260817-002726/.venv/lib/python3.13/site-packages/pluggy/_hooks.py", line 512 in __call__
    artifacts/grading-round4/test_all.log:106  [username] personal username  File "<home>/<tooling-home>/worktrees/searcher-regrade4-20260817-002726/.venv/lib/python3.13/site-packages/pluggy/_hooks.py", line 512 in __call__
    artifacts/grading-round4/test_all.log:107  [home_path] home-directory path  File "<home>/<tooling-home>/worktrees/searcher-regrade4-20260817-002726/.venv/lib/python3.13/site-packages/_pytest/main.py", line 408 in pytest_runtestloop
    artifacts/grading-round4/test_all.log:107  [username] personal username  File "<home>/<tooling-home>/worktrees/searcher-regrade4-20260817-002726/.venv/lib/python3.13/site-packages/_pytest/main.py", line 408 in pytest_runtestloop
    artifacts/grading-round4/test_all.log:108  [home_path] home-directory path  File "<home>/<tooling-home>/worktrees/searcher-regrade4-20260817-002726/.venv/lib/python3.13/site-packages/pluggy/_callers.py", line 121 in _multicall
    artifacts/grading-round4/test_all.log:108  [username] personal username  File "<home>/<tooling-home>/worktrees/searcher-regrade4-20260817-002726/.venv/lib/python3.13/site-packages/pluggy/_callers.py", line 121 in _multicall
    artifacts/grading-round4/test_all.log:109  [home_path] home-directory path  File "<home>/<tooling-home>/worktrees/searcher-regrade4-20260817-002726/.venv/lib/python3.13/site-packages/pluggy/_manager.py", line 120 in _hookexec
    artifacts/grading-round4/test_all.log:109  [username] personal username  File "<home>/<tooling-home>/worktrees/searcher-regrade4-20260817-002726/.venv/lib/python3.13/site-packages/pluggy/_manager.py", line 120 in _hookexec
    artifacts/grading-round4/test_all.log:110  [home_path] home-directory path  File "<home>/<tooling-home>/worktrees/searcher-regrade4-20260817-002726/.venv/lib/python3.13/site-packages/pluggy/_hooks.py", line 512 in __call__
    artifacts/grading-round4/test_all.log:110  [username] personal username  File "<home>/<tooling-home>/worktrees/searcher-regrade4-20260817-002726/.venv/lib/python3.13/site-packages/pluggy/_hooks.py", line 512 in __call__
    artifacts/grading-round4/test_all.log:111  [home_path] home-directory path  File "<home>/<tooling-home>/worktrees/searcher-regrade4-20260817-002726/.venv/lib/python3.13/site-packages/_pytest/main.py", line 384 in _main
    artifacts/grading-round4/test_all.log:111  [username] personal username  File "<home>/<tooling-home>/worktrees/searcher-regrade4-20260817-002726/.venv/lib/python3.13/site-packages/_pytest/main.py", line 384 in _main
    artifacts/grading-round4/test_all.log:112  [home_path] home-directory path  File "<home>/<tooling-home>/worktrees/searcher-regrade4-20260817-002726/.venv/lib/python3.13/site-packages/_pytest/main.py", line 330 in wrap_session
    artifacts/grading-round4/test_all.log:112  [username] personal username  File "<home>/<tooling-home>/worktrees/searcher-regrade4-20260817-002726/.venv/lib/python3.13/site-packages/_pytest/main.py", line 330 in wrap_session
    artifacts/grading-round4/test_all.log:113  [home_path] home-directory path  File "<home>/<tooling-home>/worktrees/searcher-regrade4-20260817-002726/.venv/lib/python3.13/site-packages/_pytest/main.py", line 377 in pytest_cmdline_main
    artifacts/grading-round4/test_all.log:113  [username] personal username  File "<home>/<tooling-home>/worktrees/searcher-regrade4-20260817-002726/.venv/lib/python3.13/site-packages/_pytest/main.py", line 377 in pytest_cmdline_main
    artifacts/grading-round4/test_all.log:114  [home_path] home-directory path  File "<home>/<tooling-home>/worktrees/searcher-regrade4-20260817-002726/.venv/lib/python3.13/site-packages/pluggy/_callers.py", line 121 in _multicall
    artifacts/grading-round4/test_all.log:114  [username] personal username  File "<home>/<tooling-home>/worktrees/searcher-regrade4-20260817-002726/.venv/lib/python3.13/site-packages/pluggy/_callers.py", line 121 in _multicall
    artifacts/grading-round4/test_all.log:115  [home_path] home-directory path  File "<home>/<tooling-home>/worktrees/searcher-regrade4-20260817-002726/.venv/lib/python3.13/site-packages/pluggy/_manager.py", line 120 in _hookexec
    artifacts/grading-round4/test_all.log:115  [username] personal username  File "<home>/<tooling-home>/worktrees/searcher-regrade4-20260817-002726/.venv/lib/python3.13/site-packages/pluggy/_manager.py", line 120 in _hookexec
    artifacts/grading-round4/test_all.log:116  [home_path] home-directory path  File "<home>/<tooling-home>/worktrees/searcher-regrade4-20260817-002726/.venv/lib/python3.13/site-packages/pluggy/_hooks.py", line 512 in __call__
    artifacts/grading-round4/test_all.log:116  [username] personal username  File "<home>/<tooling-home>/worktrees/searcher-regrade4-20260817-002726/.venv/lib/python3.13/site-packages/pluggy/_hooks.py", line 512 in __call__
    artifacts/grading-round4/test_all.log:117  [home_path] home-directory path  File "<home>/<tooling-home>/worktrees/searcher-regrade4-20260817-002726/.venv/lib/python3.13/site-packages/_pytest/config/__init__.py", line 229 in _main
    artifacts/grading-round4/test_all.log:117  [username] personal username  File "<home>/<tooling-home>/worktrees/searcher-regrade4-20260817-002726/.venv/lib/python3.13/site-packages/_pytest/config/__init__.py", line 229 in _main
    artifacts/grading-round4/test_all.log:118  [home_path] home-directory path  File "<home>/<tooling-home>/worktrees/searcher-regrade4-20260817-002726/.venv/lib/python3.13/site-packages/_pytest/config/__init__.py", line 253 in _console_main
    artifacts/grading-round4/test_all.log:118  [username] personal username  File "<home>/<tooling-home>/worktrees/searcher-regrade4-20260817-002726/.venv/lib/python3.13/site-packages/_pytest/config/__init__.py", line 253 in _console_main
    artifacts/grading-round4/test_all.log:119  [home_path] home-directory path  File "<home>/<tooling-home>/worktrees/searcher-regrade4-20260817-002726/.venv/bin/pytest", line 10 in <module>
    artifacts/grading-round4/test_all.log:119  [username] personal username  File "<home>/<tooling-home>/worktrees/searcher-regrade4-20260817-002726/.venv/bin/pytest", line 10 in <module>
    artifacts/grading-round4/test_all.log:125  [home_path] home-directory path  File "<home>/.local/share/uv/python/cpython-3.13.13-macos-aarch64-none/lib/python3.13/selectors.py", line 398 in select
    artifacts/grading-round4/test_all.log:125  [username] personal username  File "<home>/.local/share/uv/python/cpython-3.13.13-macos-aarch64-none/lib/python3.13/selectors.py", line 398 in select
    artifacts/grading-round4/test_all.log:126  [home_path] home-directory path  File "<home>/.local/share/uv/python/cpython-3.13.13-macos-aarch64-none/lib/python3.13/socketserver.py", line 235 in serve_forever
    artifacts/grading-round4/test_all.log:126  [username] personal username  File "<home>/.local/share/uv/python/cpython-3.13.13-macos-aarch64-none/lib/python3.13/socketserver.py", line 235 in serve_forever
    artifacts/grading-round4/test_all.log:127  [home_path] home-directory path  File "<home>/.local/share/uv/python/cpython-3.13.13-macos-aarch64-none/lib/python3.13/threading.py", line 995 in run
    artifacts/grading-round4/test_all.log:127  [username] personal username  File "<home>/.local/share/uv/python/cpython-3.13.13-macos-aarch64-none/lib/python3.13/threading.py", line 995 in run
    artifacts/grading-round4/test_all.log:128  [home_path] home-directory path  File "<home>/.local/share/uv/python/cpython-3.13.13-macos-aarch64-none/lib/python3.13/threading.py", line 1044 in _bootstrap_inner
    artifacts/grading-round4/test_all.log:128  [username] personal username  File "<home>/.local/share/uv/python/cpython-3.13.13-macos-aarch64-none/lib/python3.13/threading.py", line 1044 in _bootstrap_inner
    artifacts/grading-round4/test_all.log:129  [home_path] home-directory path  File "<home>/.local/share/uv/python/cpython-3.13.13-macos-aarch64-none/lib/python3.13/threading.py", line 1015 in _bootstrap
    artifacts/grading-round4/test_all.log:129  [username] personal username  File "<home>/.local/share/uv/python/cpython-3.13.13-macos-aarch64-none/lib/python3.13/threading.py", line 1015 in _bootstrap
    artifacts/grading-round4/test_all.log:132  [home_path] home-directory path  File "<home>/.local/share/uv/python/cpython-3.13.13-macos-aarch64-none/lib/python3.13/subprocess.py", line 1921 in _execute_child
    artifacts/grading-round4/test_all.log:132  [username] personal username  File "<home>/.local/share/uv/python/cpython-3.13.13-macos-aarch64-none/lib/python3.13/subprocess.py", line 1921 in _execute_child
    artifacts/grading-round4/test_all.log:133  [home_path] home-directory path  File "<home>/.local/share/uv/python/cpython-3.13.13-macos-aarch64-none/lib/python3.13/subprocess.py", line 1039 in __init__
    artifacts/grading-round4/test_all.log:133  [username] personal username  File "<home>/.local/share/uv/python/cpython-3.13.13-macos-aarch64-none/lib/python3.13/subprocess.py", line 1039 in __init__
    artifacts/grading-round4/test_all.log:134  [home_path] home-directory path  File "<home>/.local/share/uv/python/cpython-3.13.13-macos-aarch64-none/lib/python3.13/subprocess.py", line 554 in run
    artifacts/grading-round4/test_all.log:134  [username] personal username  File "<home>/.local/share/uv/python/cpython-3.13.13-macos-aarch64-none/lib/python3.13/subprocess.py", line 554 in run
    artifacts/grading-round4/test_all.log:135  [home_path] home-directory path  File "<home>/<tooling-home>/worktrees/searcher-regrade4-20260817-002726/src/searcher/reference/ocr.py", line 114 in run_tesseract
    artifacts/grading-round4/test_all.log:135  [username] personal username  File "<home>/<tooling-home>/worktrees/searcher-regrade4-20260817-002726/src/searcher/reference/ocr.py", line 114 in run_tesseract
    artifacts/grading-round4/test_all.log:136  [home_path] home-directory path  File "<home>/<tooling-home>/worktrees/searcher-regrade4-20260817-002726/src/searcher/reference/analysis.py", line 182 in analyze_stored_references
    artifacts/grading-round4/test_all.log:136  [username] personal username  File "<home>/<tooling-home>/worktrees/searcher-regrade4-20260817-002726/src/searcher/reference/analysis.py", line 182 in analyze_stored_references
    artifacts/grading-round4/test_all.log:137  [home_path] home-directory path  File "<home>/<tooling-home>/worktrees/searcher-regrade4-20260817-002726/src/searcher/workers/reference/pipeline.py", line 153 in run_reference_query_wave
    artifacts/grading-round4/test_all.log:137  [username] personal username  File "<home>/<tooling-home>/worktrees/searcher-regrade4-20260817-002726/src/searcher/workers/reference/pipeline.py", line 153 in run_reference_query_wave
    artifacts/grading-round4/test_all.log:138  [home_path] home-directory path  File "<home>/<tooling-home>/worktrees/searcher-regrade4-20260817-002726/src/searcher/campaigns/orchestrator.py", line 338 in _ensure_reference
    artifacts/grading-round4/test_all.log:138  [username] personal username  File "<home>/<tooling-home>/worktrees/searcher-regrade4-20260817-002726/src/searcher/campaigns/orchestrator.py", line 338 in _ensure_reference
    artifacts/grading-round4/test_all.log:139  [home_path] home-directory path  File "<home>/<tooling-home>/worktrees/searcher-regrade4-20260817-002726/src/searcher/campaigns/orchestrator.py", line 197 in run
    artifacts/grading-round4/test_all.log:139  [username] personal username  File "<home>/<tooling-home>/worktrees/searcher-regrade4-20260817-002726/src/searcher/campaigns/orchestrator.py", line 197 in run
    artifacts/grading-round4/test_all.log:140  [home_path] home-directory path  File "<home>/<tooling-home>/worktrees/searcher-regrade4-20260817-002726/tests/integration/test_stage_deadlines.py", line 172 in test_stalling_source_is_abandoned_and_campaign_terminates
    artifacts/grading-round4/test_all.log:140  [username] personal username  File "<home>/<tooling-home>/worktrees/searcher-regrade4-20260817-002726/tests/integration/test_stage_deadlines.py", line 172 in test_stalling_source_is_abandoned_and_campaign_terminates
    artifacts/grading-round4/test_all.log:141  [home_path] home-directory path  File "<home>/<tooling-home>/worktrees/searcher-regrade4-20260817-002726/.venv/lib/python3.13/site-packages/_pytest/python.py", line 167 in pytest_pyfunc_call
    artifacts/grading-round4/test_all.log:141  [username] personal username  File "<home>/<tooling-home>/worktrees/searcher-regrade4-20260817-002726/.venv/lib/python3.13/site-packages/_pytest/python.py", line 167 in pytest_pyfunc_call
    artifacts/grading-round4/test_all.log:142  [home_path] home-directory path  File "<home>/<tooling-home>/worktrees/searcher-regrade4-20260817-002726/.venv/lib/python3.13/site-packages/pluggy/_callers.py", line 121 in _multicall
    artifacts/grading-round4/test_all.log:142  [username] personal username  File "<home>/<tooling-home>/worktrees/searcher-regrade4-20260817-002726/.venv/lib/python3.13/site-packages/pluggy/_callers.py", line 121 in _multicall
    artifacts/grading-round4/test_all.log:143  [home_path] home-directory path  File "<home>/<tooling-home>/worktrees/searcher-regrade4-20260817-002726/.venv/lib/python3.13/site-packages/pluggy/_manager.py", line 120 in _hookexec
    artifacts/grading-round4/test_all.log:143  [username] personal username  File "<home>/<tooling-home>/worktrees/searcher-regrade4-20260817-002726/.venv/lib/python3.13/site-packages/pluggy/_manager.py", line 120 in _hookexec
    artifacts/grading-round4/test_all.log:144  [home_path] home-directory path  File "<home>/<tooling-home>/worktrees/searcher-regrade4-20260817-002726/.venv/lib/python3.13/site-packages/pluggy/_hooks.py", line 512 in __call__
    artifacts/grading-round4/test_all.log:144  [username] personal username  File "<home>/<tooling-home>/worktrees/searcher-regrade4-20260817-002726/.venv/lib/python3.13/site-packages/pluggy/_hooks.py", line 512 in __call__
    artifacts/grading-round4/test_all.log:145  [home_path] home-directory path  File "<home>/<tooling-home>/worktrees/searcher-regrade4-20260817-002726/.venv/lib/python3.13/site-packages/_pytest/python.py", line 1707 in runtest
    artifacts/grading-round4/test_all.log:145  [username] personal username  File "<home>/<tooling-home>/worktrees/searcher-regrade4-20260817-002726/.venv/lib/python3.13/site-packages/_pytest/python.py", line 1707 in runtest
    artifacts/grading-round4/test_all.log:146  [home_path] home-directory path  File "<home>/<tooling-home>/worktrees/searcher-regrade4-20260817-002726/.venv/lib/python3.13/site-packages/_pytest/runner.py", line 184 in pytest_runtest_call
    artifacts/grading-round4/test_all.log:146  [username] personal username  File "<home>/<tooling-home>/worktrees/searcher-regrade4-20260817-002726/.venv/lib/python3.13/site-packages/_pytest/runner.py", line 184 in pytest_runtest_call
    artifacts/grading-round4/test_all.log:147  [home_path] home-directory path  File "<home>/<tooling-home>/worktrees/searcher-regrade4-20260817-002726/.venv/lib/python3.13/site-packages/pluggy/_callers.py", line 121 in _multicall
    artifacts/grading-round4/test_all.log:147  [username] personal username  File "<home>/<tooling-home>/worktrees/searcher-regrade4-20260817-002726/.venv/lib/python3.13/site-packages/pluggy/_callers.py", line 121 in _multicall
    artifacts/grading-round4/test_all.log:148  [home_path] home-directory path  File "<home>/<tooling-home>/worktrees/searcher-regrade4-20260817-002726/.venv/lib/python3.13/site-packages/pluggy/_manager.py", line 120 in _hookexec
    artifacts/grading-round4/test_all.log:148  [username] personal username  File "<home>/<tooling-home>/worktrees/searcher-regrade4-20260817-002726/.venv/lib/python3.13/site-packages/pluggy/_manager.py", line 120 in _hookexec
    artifacts/grading-round4/test_all.log:149  [home_path] home-directory path  File "<home>/<tooling-home>/worktrees/searcher-regrade4-20260817-002726/.venv/lib/python3.13/site-packages/pluggy/_hooks.py", line 512 in __call__
    artifacts/grading-round4/test_all.log:149  [username] personal username  File "<home>/<tooling-home>/worktrees/searcher-regrade4-20260817-002726/.venv/lib/python3.13/site-packages/pluggy/_hooks.py", line 512 in __call__
    artifacts/grading-round4/test_all.log:150  [home_path] home-directory path  File "<home>/<tooling-home>/worktrees/searcher-regrade4-20260817-002726/.venv/lib/python3.13/site-packages/_pytest/runner.py", line 250 in <lambda>
    artifacts/grading-round4/test_all.log:150  [username] personal username  File "<home>/<tooling-home>/worktrees/searcher-regrade4-20260817-002726/.venv/lib/python3.13/site-packages/_pytest/runner.py", line 250 in <lambda>
    artifacts/grading-round4/test_all.log:151  [home_path] home-directory path  File "<home>/<tooling-home>/worktrees/searcher-regrade4-20260817-002726/.venv/lib/python3.13/site-packages/_pytest/runner.py", line 361 in from_call
    artifacts/grading-round4/test_all.log:151  [username] personal username  File "<home>/<tooling-home>/worktrees/searcher-regrade4-20260817-002726/.venv/lib/python3.13/site-packages/_pytest/runner.py", line 361 in from_call
    artifacts/grading-round4/test_all.log:152  [home_path] home-directory path  File "<home>/<tooling-home>/worktrees/searcher-regrade4-20260817-002726/.venv/lib/python3.13/site-packages/_pytest/runner.py", line 249 in call_and_report
    artifacts/grading-round4/test_all.log:152  [username] personal username  File "<home>/<tooling-home>/worktrees/searcher-regrade4-20260817-002726/.venv/lib/python3.13/site-packages/_pytest/runner.py", line 249 in call_and_report
    artifacts/grading-round4/test_all.log:153  [home_path] home-directory path  File "<home>/<tooling-home>/worktrees/searcher-regrade4-20260817-002726/.venv/lib/python3.13/site-packages/_pytest/runner.py", line 139 in runtestprotocol
    artifacts/grading-round4/test_all.log:153  [username] personal username  File "<home>/<tooling-home>/worktrees/searcher-regrade4-20260817-002726/.venv/lib/python3.13/site-packages/_pytest/runner.py", line 139 in runtestprotocol
    artifacts/grading-round4/test_all.log:154  [home_path] home-directory path  File "<home>/<tooling-home>/worktrees/searcher-regrade4-20260817-002726/.venv/lib/python3.13/site-packages/_pytest/runner.py", line 118 in pytest_runtest_protocol
    artifacts/grading-round4/test_all.log:154  [username] personal username  File "<home>/<tooling-home>/worktrees/searcher-regrade4-20260817-002726/.venv/lib/python3.13/site-packages/_pytest/runner.py", line 118 in pytest_runtest_protocol
    artifacts/grading-round4/test_all.log:155  [home_path] home-directory path  File "<home>/<tooling-home>/worktrees/searcher-regrade4-20260817-002726/.venv/lib/python3.13/site-packages/pluggy/_callers.py", line 121 in _multicall
    artifacts/grading-round4/test_all.log:155  [username] personal username  File "<home>/<tooling-home>/worktrees/searcher-regrade4-20260817-002726/.venv/lib/python3.13/site-packages/pluggy/_callers.py", line 121 in _multicall
    artifacts/grading-round4/test_all.log:156  [home_path] home-directory path  File "<home>/<tooling-home>/worktrees/searcher-regrade4-20260817-002726/.venv/lib/python3.13/site-packages/pluggy/_manager.py", line 120 in _hookexec
    artifacts/grading-round4/test_all.log:156  [username] personal username  File "<home>/<tooling-home>/worktrees/searcher-regrade4-20260817-002726/.venv/lib/python3.13/site-packages/pluggy/_manager.py", line 120 in _hookexec
    artifacts/grading-round4/test_all.log:157  [home_path] home-directory path  File "<home>/<tooling-home>/worktrees/searcher-regrade4-20260817-002726/.venv/lib/python3.13/site-packages/pluggy/_hooks.py", line 512 in __call__
    artifacts/grading-round4/test_all.log:157  [username] personal username  File "<home>/<tooling-home>/worktrees/searcher-regrade4-20260817-002726/.venv/lib/python3.13/site-packages/pluggy/_hooks.py", line 512 in __call__
    artifacts/grading-round4/test_all.log:158  [home_path] home-directory path  File "<home>/<tooling-home>/worktrees/searcher-regrade4-20260817-002726/.venv/lib/python3.13/site-packages/_pytest/main.py", line 408 in pytest_runtestloop
    artifacts/grading-round4/test_all.log:158  [username] personal username  File "<home>/<tooling-home>/worktrees/searcher-regrade4-20260817-002726/.venv/lib/python3.13/site-packages/_pytest/main.py", line 408 in pytest_runtestloop
    artifacts/grading-round4/test_all.log:159  [home_path] home-directory path  File "<home>/<tooling-home>/worktrees/searcher-regrade4-20260817-002726/.venv/lib/python3.13/site-packages/pluggy/_callers.py", line 121 in _multicall
    artifacts/grading-round4/test_all.log:159  [username] personal username  File "<home>/<tooling-home>/worktrees/searcher-regrade4-20260817-002726/.venv/lib/python3.13/site-packages/pluggy/_callers.py", line 121 in _multicall
    artifacts/grading-round4/test_all.log:160  [home_path] home-directory path  File "<home>/<tooling-home>/worktrees/searcher-regrade4-20260817-002726/.venv/lib/python3.13/site-packages/pluggy/_manager.py", line 120 in _hookexec
    artifacts/grading-round4/test_all.log:160  [username] personal username  File "<home>/<tooling-home>/worktrees/searcher-regrade4-20260817-002726/.venv/lib/python3.13/site-packages/pluggy/_manager.py", line 120 in _hookexec
    artifacts/grading-round4/test_all.log:161  [home_path] home-directory path  File "<home>/<tooling-home>/worktrees/searcher-regrade4-20260817-002726/.venv/lib/python3.13/site-packages/pluggy/_hooks.py", line 512 in __call__
    artifacts/grading-round4/test_all.log:161  [username] personal username  File "<home>/<tooling-home>/worktrees/searcher-regrade4-20260817-002726/.venv/lib/python3.13/site-packages/pluggy/_hooks.py", line 512 in __call__
    artifacts/grading-round4/test_all.log:162  [home_path] home-directory path  File "<home>/<tooling-home>/worktrees/searcher-regrade4-20260817-002726/.venv/lib/python3.13/site-packages/_pytest/main.py", line 384 in _main
    artifacts/grading-round4/test_all.log:162  [username] personal username  File "<home>/<tooling-home>/worktrees/searcher-regrade4-20260817-002726/.venv/lib/python3.13/site-packages/_pytest/main.py", line 384 in _main
    artifacts/grading-round4/test_all.log:163  [home_path] home-directory path  File "<home>/<tooling-home>/worktrees/searcher-regrade4-20260817-002726/.venv/lib/python3.13/site-packages/_pytest/main.py", line 330 in wrap_session
    artifacts/grading-round4/test_all.log:163  [username] personal username  File "<home>/<tooling-home>/worktrees/searcher-regrade4-20260817-002726/.venv/lib/python3.13/site-packages/_pytest/main.py", line 330 in wrap_session
    artifacts/grading-round4/test_all.log:164  [home_path] home-directory path  File "<home>/<tooling-home>/worktrees/searcher-regrade4-20260817-002726/.venv/lib/python3.13/site-packages/_pytest/main.py", line 377 in pytest_cmdline_main
    artifacts/grading-round4/test_all.log:164  [username] personal username  File "<home>/<tooling-home>/worktrees/searcher-regrade4-20260817-002726/.venv/lib/python3.13/site-packages/_pytest/main.py", line 377 in pytest_cmdline_main
    artifacts/grading-round4/test_all.log:165  [home_path] home-directory path  File "<home>/<tooling-home>/worktrees/searcher-regrade4-20260817-002726/.venv/lib/python3.13/site-packages/pluggy/_callers.py", line 121 in _multicall
    artifacts/grading-round4/test_all.log:165  [username] personal username  File "<home>/<tooling-home>/worktrees/searcher-regrade4-20260817-002726/.venv/lib/python3.13/site-packages/pluggy/_callers.py", line 121 in _multicall
    artifacts/grading-round4/test_all.log:166  [home_path] home-directory path  File "<home>/<tooling-home>/worktrees/searcher-regrade4-20260817-002726/.venv/lib/python3.13/site-packages/pluggy/_manager.py", line 120 in _hookexec
    artifacts/grading-round4/test_all.log:166  [username] personal username  File "<home>/<tooling-home>/worktrees/searcher-regrade4-20260817-002726/.venv/lib/python3.13/site-packages/pluggy/_manager.py", line 120 in _hookexec
    artifacts/grading-round4/test_all.log:167  [home_path] home-directory path  File "<home>/<tooling-home>/worktrees/searcher-regrade4-20260817-002726/.venv/lib/python3.13/site-packages/pluggy/_hooks.py", line 512 in __call__
    artifacts/grading-round4/test_all.log:167  [username] personal username  File "<home>/<tooling-home>/worktrees/searcher-regrade4-20260817-002726/.venv/lib/python3.13/site-packages/pluggy/_hooks.py", line 512 in __call__
    artifacts/grading-round4/test_all.log:168  [home_path] home-directory path  File "<home>/<tooling-home>/worktrees/searcher-regrade4-20260817-002726/.venv/lib/python3.13/site-packages/_pytest/config/__init__.py", line 229 in _main
    artifacts/grading-round4/test_all.log:168  [username] personal username  File "<home>/<tooling-home>/worktrees/searcher-regrade4-20260817-002726/.venv/lib/python3.13/site-packages/_pytest/config/__init__.py", line 229 in _main
    artifacts/grading-round4/test_all.log:169  [home_path] home-directory path  File "<home>/<tooling-home>/worktrees/searcher-regrade4-20260817-002726/.venv/lib/python3.13/site-packages/_pytest/config/__init__.py", line 253 in _console_main
    artifacts/grading-round4/test_all.log:169  [username] personal username  File "<home>/<tooling-home>/worktrees/searcher-regrade4-20260817-002726/.venv/lib/python3.13/site-packages/_pytest/config/__init__.py", line 253 in _console_main
    artifacts/grading-round4/test_all.log:170  [home_path] home-directory path  File "<home>/<tooling-home>/worktrees/searcher-regrade4-20260817-002726/.venv/bin/pytest", line 10 in <module>
    artifacts/grading-round4/test_all.log:170  [username] personal username  File "<home>/<tooling-home>/worktrees/searcher-regrade4-20260817-002726/.venv/bin/pytest", line 10 in <module>
    artifacts/grading-round4/test_all.log:176  [home_path] home-directory path  File "<home>/.local/share/uv/python/cpython-3.13.13-macos-aarch64-none/lib/python3.13/subprocess.py", line 1921 in _execute_child
    artifacts/grading-round4/test_all.log:176  [username] personal username  File "<home>/.local/share/uv/python/cpython-3.13.13-macos-aarch64-none/lib/python3.13/subprocess.py", line 1921 in _execute_child
    artifacts/grading-round4/test_all.log:177  [home_path] home-directory path  File "<home>/.local/share/uv/python/cpython-3.13.13-macos-aarch64-none/lib/python3.13/subprocess.py", line 1039 in __init__
    artifacts/grading-round4/test_all.log:177  [username] personal username  File "<home>/.local/share/uv/python/cpython-3.13.13-macos-aarch64-none/lib/python3.13/subprocess.py", line 1039 in __init__
    artifacts/grading-round4/test_all.log:178  [home_path] home-directory path  File "<home>/.local/share/uv/python/cpython-3.13.13-macos-aarch64-none/lib/python3.13/subprocess.py", line 554 in run
    artifacts/grading-round4/test_all.log:178  [username] personal username  File "<home>/.local/share/uv/python/cpython-3.13.13-macos-aarch64-none/lib/python3.13/subprocess.py", line 554 in run
    artifacts/grading-round4/test_all.log:179  [home_path] home-directory path  File "<home>/<tooling-home>/worktrees/searcher-regrade4-20260817-002726/src/searcher/reference/ocr.py", line 114 in run_tesseract
    artifacts/grading-round4/test_all.log:179  [username] personal username  File "<home>/<tooling-home>/worktrees/searcher-regrade4-20260817-002726/src/searcher/reference/ocr.py", line 114 in run_tesseract
    artifacts/grading-round4/test_all.log:180  [home_path] home-directory path  File "<home>/<tooling-home>/worktrees/searcher-regrade4-20260817-002726/src/searcher/reference/analysis.py", line 182 in analyze_stored_references
    artifacts/grading-round4/test_all.log:180  [username] personal username  File "<home>/<tooling-home>/worktrees/searcher-regrade4-20260817-002726/src/searcher/reference/analysis.py", line 182 in analyze_stored_references
    artifacts/grading-round4/test_all.log:181  [home_path] home-directory path  File "<home>/<tooling-home>/worktrees/searcher-regrade4-20260817-002726/src/searcher/workers/reference/pipeline.py", line 153 in run_reference_query_wave
    artifacts/grading-round4/test_all.log:181  [username] personal username  File "<home>/<tooling-home>/worktrees/searcher-regrade4-20260817-002726/src/searcher/workers/reference/pipeline.py", line 153 in run_reference_query_wave
    artifacts/grading-round4/test_all.log:182  [home_path] home-directory path  File "<home>/<tooling-home>/worktrees/searcher-regrade4-20260817-002726/src/searcher/campaigns/orchestrator.py", line 338 in _ensure_reference
    artifacts/grading-round4/test_all.log:182  [username] personal username  File "<home>/<tooling-home>/worktrees/searcher-regrade4-20260817-002726/src/searcher/campaigns/orchestrator.py", line 338 in _ensure_reference
    artifacts/grading-round4/test_all.log:183  [home_path] home-directory path  File "<home>/<tooling-home>/worktrees/searcher-regrade4-20260817-002726/src/searcher/campaigns/orchestrator.py", line 197 in run
    artifacts/grading-round4/test_all.log:183  [username] personal username  File "<home>/<tooling-home>/worktrees/searcher-regrade4-20260817-002726/src/searcher/campaigns/orchestrator.py", line 197 in run
    artifacts/grading-round4/test_all.log:184  [home_path] home-directory path  File "<home>/<tooling-home>/worktrees/searcher-regrade4-20260817-002726/tests/integration/test_terminal_requires_work.py", line 53 in test_zero_fetch_run_is_blocked_never_complete
    artifacts/grading-round4/test_all.log:184  [username] personal username  File "<home>/<tooling-home>/worktrees/searcher-regrade4-20260817-002726/tests/integration/test_terminal_requires_work.py", line 53 in test_zero_fetch_run_is_blocked_never_complete
    artifacts/grading-round4/test_all.log:185  [home_path] home-directory path  File "<home>/<tooling-home>/worktrees/searcher-regrade4-20260817-002726/.venv/lib/python3.13/site-packages/_pytest/python.py", line 167 in pytest_pyfunc_call
    artifacts/grading-round4/test_all.log:185  [username] personal username  File "<home>/<tooling-home>/worktrees/searcher-regrade4-20260817-002726/.venv/lib/python3.13/site-packages/_pytest/python.py", line 167 in pytest_pyfunc_call
    artifacts/grading-round4/test_all.log:186  [home_path] home-directory path  File "<home>/<tooling-home>/worktrees/searcher-regrade4-20260817-002726/.venv/lib/python3.13/site-packages/pluggy/_callers.py", line 121 in _multicall
    artifacts/grading-round4/test_all.log:186  [username] personal username  File "<home>/<tooling-home>/worktrees/searcher-regrade4-20260817-002726/.venv/lib/python3.13/site-packages/pluggy/_callers.py", line 121 in _multicall
    artifacts/grading-round4/test_all.log:187  [home_path] home-directory path  File "<home>/<tooling-home>/worktrees/searcher-regrade4-20260817-002726/.venv/lib/python3.13/site-packages/pluggy/_manager.py", line 120 in _hookexec
    artifacts/grading-round4/test_all.log:187  [username] personal username  File "<home>/<tooling-home>/worktrees/searcher-regrade4-20260817-002726/.venv/lib/python3.13/site-packages/pluggy/_manager.py", line 120 in _hookexec
    artifacts/grading-round4/test_all.log:188  [home_path] home-directory path  File "<home>/<tooling-home>/worktrees/searcher-regrade4-20260817-002726/.venv/lib/python3.13/site-packages/pluggy/_hooks.py", line 512 in __call__
    artifacts/grading-round4/test_all.log:188  [username] personal username  File "<home>/<tooling-home>/worktrees/searcher-regrade4-20260817-002726/.venv/lib/python3.13/site-packages/pluggy/_hooks.py", line 512 in __call__
    artifacts/grading-round4/test_all.log:189  [home_path] home-directory path  File "<home>/<tooling-home>/worktrees/searcher-regrade4-20260817-002726/.venv/lib/python3.13/site-packages/_pytest/python.py", line 1707 in runtest
    artifacts/grading-round4/test_all.log:189  [username] personal username  File "<home>/<tooling-home>/worktrees/searcher-regrade4-20260817-002726/.venv/lib/python3.13/site-packages/_pytest/python.py", line 1707 in runtest
    artifacts/grading-round4/test_all.log:190  [home_path] home-directory path  File "<home>/<tooling-home>/worktrees/searcher-regrade4-20260817-002726/.venv/lib/python3.13/site-packages/_pytest/runner.py", line 184 in pytest_runtest_call
    artifacts/grading-round4/test_all.log:190  [username] personal username  File "<home>/<tooling-home>/worktrees/searcher-regrade4-20260817-002726/.venv/lib/python3.13/site-packages/_pytest/runner.py", line 184 in pytest_runtest_call
    artifacts/grading-round4/test_all.log:191  [home_path] home-directory path  File "<home>/<tooling-home>/worktrees/searcher-regrade4-20260817-002726/.venv/lib/python3.13/site-packages/pluggy/_callers.py", line 121 in _multicall
    artifacts/grading-round4/test_all.log:191  [username] personal username  File "<home>/<tooling-home>/worktrees/searcher-regrade4-20260817-002726/.venv/lib/python3.13/site-packages/pluggy/_callers.py", line 121 in _multicall
    artifacts/grading-round4/test_all.log:192  [home_path] home-directory path  File "<home>/<tooling-home>/worktrees/searcher-regrade4-20260817-002726/.venv/lib/python3.13/site-packages/pluggy/_manager.py", line 120 in _hookexec
    artifacts/grading-round4/test_all.log:192  [username] personal username  File "<home>/<tooling-home>/worktrees/searcher-regrade4-20260817-002726/.venv/lib/python3.13/site-packages/pluggy/_manager.py", line 120 in _hookexec
    artifacts/grading-round4/test_all.log:193  [home_path] home-directory path  File "<home>/<tooling-home>/worktrees/searcher-regrade4-20260817-002726/.venv/lib/python3.13/site-packages/pluggy/_hooks.py", line 512 in __call__
    artifacts/grading-round4/test_all.log:193  [username] personal username  File "<home>/<tooling-home>/worktrees/searcher-regrade4-20260817-002726/.venv/lib/python3.13/site-packages/pluggy/_hooks.py", line 512 in __call__
    artifacts/grading-round4/test_all.log:194  [home_path] home-directory path  File "<home>/<tooling-home>/worktrees/searcher-regrade4-20260817-002726/.venv/lib/python3.13/site-packages/_pytest/runner.py", line 250 in <lambda>
    artifacts/grading-round4/test_all.log:194  [username] personal username  File "<home>/<tooling-home>/worktrees/searcher-regrade4-20260817-002726/.venv/lib/python3.13/site-packages/_pytest/runner.py", line 250 in <lambda>
    artifacts/grading-round4/test_all.log:195  [home_path] home-directory path  File "<home>/<tooling-home>/worktrees/searcher-regrade4-20260817-002726/.venv/lib/python3.13/site-packages/_pytest/runner.py", line 361 in from_call
    artifacts/grading-round4/test_all.log:195  [username] personal username  File "<home>/<tooling-home>/worktrees/searcher-regrade4-20260817-002726/.venv/lib/python3.13/site-packages/_pytest/runner.py", line 361 in from_call
    artifacts/grading-round4/test_all.log:196  [home_path] home-directory path  File "<home>/<tooling-home>/worktrees/searcher-regrade4-20260817-002726/.venv/lib/python3.13/site-packages/_pytest/runner.py", line 249 in call_and_report
    artifacts/grading-round4/test_all.log:196  [username] personal username  File "<home>/<tooling-home>/worktrees/searcher-regrade4-20260817-002726/.venv/lib/python3.13/site-packages/_pytest/runner.py", line 249 in call_and_report
    artifacts/grading-round4/test_all.log:197  [home_path] home-directory path  File "<home>/<tooling-home>/worktrees/searcher-regrade4-20260817-002726/.venv/lib/python3.13/site-packages/_pytest/runner.py", line 139 in runtestprotocol
    artifacts/grading-round4/test_all.log:197  [username] personal username  File "<home>/<tooling-home>/worktrees/searcher-regrade4-20260817-002726/.venv/lib/python3.13/site-packages/_pytest/runner.py", line 139 in runtestprotocol
    artifacts/grading-round4/test_all.log:198  [home_path] home-directory path  File "<home>/<tooling-home>/worktrees/searcher-regrade4-20260817-002726/.venv/lib/python3.13/site-packages/_pytest/runner.py", line 118 in pytest_runtest_protocol
    artifacts/grading-round4/test_all.log:198  [username] personal username  File "<home>/<tooling-home>/worktrees/searcher-regrade4-20260817-002726/.venv/lib/python3.13/site-packages/_pytest/runner.py", line 118 in pytest_runtest_protocol
    artifacts/grading-round4/test_all.log:199  [home_path] home-directory path  File "<home>/<tooling-home>/worktrees/searcher-regrade4-20260817-002726/.venv/lib/python3.13/site-packages/pluggy/_callers.py", line 121 in _multicall
    artifacts/grading-round4/test_all.log:199  [username] personal username  File "<home>/<tooling-home>/worktrees/searcher-regrade4-20260817-002726/.venv/lib/python3.13/site-packages/pluggy/_callers.py", line 121 in _multicall
    artifacts/grading-round4/test_all.log:200  [home_path] home-directory path  File "<home>/<tooling-home>/worktrees/searcher-regrade4-20260817-002726/.venv/lib/python3.13/site-packages/pluggy/_manager.py", line 120 in _hookexec
    artifacts/grading-round4/test_all.log:200  [username] personal username  File "<home>/<tooling-home>/worktrees/searcher-regrade4-20260817-002726/.venv/lib/python3.13/site-packages/pluggy/_manager.py", line 120 in _hookexec
    artifacts/grading-round4/test_all.log:201  [home_path] home-directory path  File "<home>/<tooling-home>/worktrees/searcher-regrade4-20260817-002726/.venv/lib/python3.13/site-packages/pluggy/_hooks.py", line 512 in __call__
    artifacts/grading-round4/test_all.log:201  [username] personal username  File "<home>/<tooling-home>/worktrees/searcher-regrade4-20260817-002726/.venv/lib/python3.13/site-packages/pluggy/_hooks.py", line 512 in __call__
    artifacts/grading-round4/test_all.log:202  [home_path] home-directory path  File "<home>/<tooling-home>/worktrees/searcher-regrade4-20260817-002726/.venv/lib/python3.13/site-packages/_pytest/main.py", line 408 in pytest_runtestloop
    artifacts/grading-round4/test_all.log:202  [username] personal username  File "<home>/<tooling-home>/worktrees/searcher-regrade4-20260817-002726/.venv/lib/python3.13/site-packages/_pytest/main.py", line 408 in pytest_runtestloop
    artifacts/grading-round4/test_all.log:203  [home_path] home-directory path  File "<home>/<tooling-home>/worktrees/searcher-regrade4-20260817-002726/.venv/lib/python3.13/site-packages/pluggy/_callers.py", line 121 in _multicall
    artifacts/grading-round4/test_all.log:203  [username] personal username  File "<home>/<tooling-home>/worktrees/searcher-regrade4-20260817-002726/.venv/lib/python3.13/site-packages/pluggy/_callers.py", line 121 in _multicall
    artifacts/grading-round4/test_all.log:204  [home_path] home-directory path  File "<home>/<tooling-home>/worktrees/searcher-regrade4-20260817-002726/.venv/lib/python3.13/site-packages/pluggy/_manager.py", line 120 in _hookexec
    artifacts/grading-round4/test_all.log:204  [username] personal username  File "<home>/<tooling-home>/worktrees/searcher-regrade4-20260817-002726/.venv/lib/python3.13/site-packages/pluggy/_manager.py", line 120 in _hookexec
    artifacts/grading-round4/test_all.log:205  [home_path] home-directory path  File "<home>/<tooling-home>/worktrees/searcher-regrade4-20260817-002726/.venv/lib/python3.13/site-packages/pluggy/_hooks.py", line 512 in __call__
    artifacts/grading-round4/test_all.log:205  [username] personal username  File "<home>/<tooling-home>/worktrees/searcher-regrade4-20260817-002726/.venv/lib/python3.13/site-packages/pluggy/_hooks.py", line 512 in __call__
    artifacts/grading-round4/test_all.log:206  [home_path] home-directory path  File "<home>/<tooling-home>/worktrees/searcher-regrade4-20260817-002726/.venv/lib/python3.13/site-packages/_pytest/main.py", line 384 in _main
    artifacts/grading-round4/test_all.log:206  [username] personal username  File "<home>/<tooling-home>/worktrees/searcher-regrade4-20260817-002726/.venv/lib/python3.13/site-packages/_pytest/main.py", line 384 in _main
    artifacts/grading-round4/test_all.log:207  [home_path] home-directory path  File "<home>/<tooling-home>/worktrees/searcher-regrade4-20260817-002726/.venv/lib/python3.13/site-packages/_pytest/main.py", line 330 in wrap_session
    artifacts/grading-round4/test_all.log:207  [username] personal username  File "<home>/<tooling-home>/worktrees/searcher-regrade4-20260817-002726/.venv/lib/python3.13/site-packages/_pytest/main.py", line 330 in wrap_session
    artifacts/grading-round4/test_all.log:208  [home_path] home-directory path  File "<home>/<tooling-home>/worktrees/searcher-regrade4-20260817-002726/.venv/lib/python3.13/site-packages/_pytest/main.py", line 377 in pytest_cmdline_main
    artifacts/grading-round4/test_all.log:208  [username] personal username  File "<home>/<tooling-home>/worktrees/searcher-regrade4-20260817-002726/.venv/lib/python3.13/site-packages/_pytest/main.py", line 377 in pytest_cmdline_main
    artifacts/grading-round4/test_all.log:209  [home_path] home-directory path  File "<home>/<tooling-home>/worktrees/searcher-regrade4-20260817-002726/.venv/lib/python3.13/site-packages/pluggy/_callers.py", line 121 in _multicall
    artifacts/grading-round4/test_all.log:209  [username] personal username  File "<home>/<tooling-home>/worktrees/searcher-regrade4-20260817-002726/.venv/lib/python3.13/site-packages/pluggy/_callers.py", line 121 in _multicall
    artifacts/grading-round4/test_all.log:210  [home_path] home-directory path  File "<home>/<tooling-home>/worktrees/searcher-regrade4-20260817-002726/.venv/lib/python3.13/site-packages/pluggy/_manager.py", line 120 in _hookexec
    artifacts/grading-round4/test_all.log:210  [username] personal username  File "<home>/<tooling-home>/worktrees/searcher-regrade4-20260817-002726/.venv/lib/python3.13/site-packages/pluggy/_manager.py", line 120 in _hookexec
    artifacts/grading-round4/test_all.log:211  [home_path] home-directory path  File "<home>/<tooling-home>/worktrees/searcher-regrade4-20260817-002726/.venv/lib/python3.13/site-packages/pluggy/_hooks.py", line 512 in __call__
    artifacts/grading-round4/test_all.log:211  [username] personal username  File "<home>/<tooling-home>/worktrees/searcher-regrade4-20260817-002726/.venv/lib/python3.13/site-packages/pluggy/_hooks.py", line 512 in __call__
    artifacts/grading-round4/test_all.log:212  [home_path] home-directory path  File "<home>/<tooling-home>/worktrees/searcher-regrade4-20260817-002726/.venv/lib/python3.13/site-packages/_pytest/config/__init__.py", line 229 in _main
    artifacts/grading-round4/test_all.log:212  [username] personal username  File "<home>/<tooling-home>/worktrees/searcher-regrade4-20260817-002726/.venv/lib/python3.13/site-packages/_pytest/config/__init__.py", line 229 in _main
    artifacts/grading-round4/test_all.log:213  [home_path] home-directory path  File "<home>/<tooling-home>/worktrees/searcher-regrade4-20260817-002726/.venv/lib/python3.13/site-packages/_pytest/config/__init__.py", line 253 in _console_main
    artifacts/grading-round4/test_all.log:213  [username] personal username  File "<home>/<tooling-home>/worktrees/searcher-regrade4-20260817-002726/.venv/lib/python3.13/site-packages/_pytest/config/__init__.py", line 253 in _console_main
    artifacts/grading-round4/test_all.log:214  [home_path] home-directory path  File "<home>/<tooling-home>/worktrees/searcher-regrade4-20260817-002726/.venv/bin/pytest", line 10 in <module>
    artifacts/grading-round4/test_all.log:214  [username] personal username  File "<home>/<tooling-home>/worktrees/searcher-regrade4-20260817-002726/.venv/bin/pytest", line 10 in <module>
    artifacts/grading-round4/test_all.log:220  [home_path] home-directory path  File "<home>/.local/share/uv/python/cpython-3.13.13-macos-aarch64-none/lib/python3.13/subprocess.py", line 1921 in _execute_child
    artifacts/grading-round4/test_all.log:220  [username] personal username  File "<home>/.local/share/uv/python/cpython-3.13.13-macos-aarch64-none/lib/python3.13/subprocess.py", line 1921 in _execute_child
    artifacts/grading-round4/test_all.log:221  [home_path] home-directory path  File "<home>/.local/share/uv/python/cpython-3.13.13-macos-aarch64-none/lib/python3.13/subprocess.py", line 1039 in __init__
    artifacts/grading-round4/test_all.log:221  [username] personal username  File "<home>/.local/share/uv/python/cpython-3.13.13-macos-aarch64-none/lib/python3.13/subprocess.py", line 1039 in __init__
    artifacts/grading-round4/test_all.log:222  [home_path] home-directory path  File "<home>/.local/share/uv/python/cpython-3.13.13-macos-aarch64-none/lib/python3.13/subprocess.py", line 554 in run
    artifacts/grading-round4/test_all.log:222  [username] personal username  File "<home>/.local/share/uv/python/cpython-3.13.13-macos-aarch64-none/lib/python3.13/subprocess.py", line 554 in run
    artifacts/grading-round4/test_all.log:223  [home_path] home-directory path  File "<home>/<tooling-home>/worktrees/searcher-regrade4-20260817-002726/src/searcher/reference/ocr.py", line 114 in run_tesseract
    artifacts/grading-round4/test_all.log:223  [username] personal username  File "<home>/<tooling-home>/worktrees/searcher-regrade4-20260817-002726/src/searcher/reference/ocr.py", line 114 in run_tesseract
    artifacts/grading-round4/test_all.log:224  [home_path] home-directory path  File "<home>/<tooling-home>/worktrees/searcher-regrade4-20260817-002726/src/searcher/reference/analysis.py", line 182 in analyze_stored_references
    artifacts/grading-round4/test_all.log:224  [username] personal username  File "<home>/<tooling-home>/worktrees/searcher-regrade4-20260817-002726/src/searcher/reference/analysis.py", line 182 in analyze_stored_references
    artifacts/grading-round4/test_all.log:225  [home_path] home-directory path  File "<home>/<tooling-home>/worktrees/searcher-regrade4-20260817-002726/tests/integration/test_visionmcp_adapter.py", line 105 in test_honest_degradation_without_donor
    artifacts/grading-round4/test_all.log:225  [username] personal username  File "<home>/<tooling-home>/worktrees/searcher-regrade4-20260817-002726/tests/integration/test_visionmcp_adapter.py", line 105 in test_honest_degradation_without_donor
    artifacts/grading-round4/test_all.log:226  [home_path] home-directory path  File "<home>/<tooling-home>/worktrees/searcher-regrade4-20260817-002726/.venv/lib/python3.13/site-packages/_pytest/python.py", line 167 in pytest_pyfunc_call
    artifacts/grading-round4/test_all.log:226  [username] personal username  File "<home>/<tooling-home>/worktrees/searcher-regrade4-20260817-002726/.venv/lib/python3.13/site-packages/_pytest/python.py", line 167 in pytest_pyfunc_call
    artifacts/grading-round4/test_all.log:227  [home_path] home-directory path  File "<home>/<tooling-home>/worktrees/searcher-regrade4-20260817-002726/.venv/lib/python3.13/site-packages/pluggy/_callers.py", line 121 in _multicall
    artifacts/grading-round4/test_all.log:227  [username] personal username  File "<home>/<tooling-home>/worktrees/searcher-regrade4-20260817-002726/.venv/lib/python3.13/site-packages/pluggy/_callers.py", line 121 in _multicall
    artifacts/grading-round4/test_all.log:228  [home_path] home-directory path  File "<home>/<tooling-home>/worktrees/searcher-regrade4-20260817-002726/.venv/lib/python3.13/site-packages/pluggy/_manager.py", line 120 in _hookexec
    artifacts/grading-round4/test_all.log:228  [username] personal username  File "<home>/<tooling-home>/worktrees/searcher-regrade4-20260817-002726/.venv/lib/python3.13/site-packages/pluggy/_manager.py", line 120 in _hookexec
    artifacts/grading-round4/test_all.log:229  [home_path] home-directory path  File "<home>/<tooling-home>/worktrees/searcher-regrade4-20260817-002726/.venv/lib/python3.13/site-packages/pluggy/_hooks.py", line 512 in __call__
    artifacts/grading-round4/test_all.log:229  [username] personal username  File "<home>/<tooling-home>/worktrees/searcher-regrade4-20260817-002726/.venv/lib/python3.13/site-packages/pluggy/_hooks.py", line 512 in __call__
    artifacts/grading-round4/test_all.log:230  [home_path] home-directory path  File "<home>/<tooling-home>/worktrees/searcher-regrade4-20260817-002726/.venv/lib/python3.13/site-packages/_pytest/python.py", line 1707 in runtest
    artifacts/grading-round4/test_all.log:230  [username] personal username  File "<home>/<tooling-home>/worktrees/searcher-regrade4-20260817-002726/.venv/lib/python3.13/site-packages/_pytest/python.py", line 1707 in runtest
    artifacts/grading-round4/test_all.log:231  [home_path] home-directory path  File "<home>/<tooling-home>/worktrees/searcher-regrade4-20260817-002726/.venv/lib/python3.13/site-packages/_pytest/runner.py", line 184 in pytest_runtest_call
    artifacts/grading-round4/test_all.log:231  [username] personal username  File "<home>/<tooling-home>/worktrees/searcher-regrade4-20260817-002726/.venv/lib/python3.13/site-packages/_pytest/runner.py", line 184 in pytest_runtest_call
    artifacts/grading-round4/test_all.log:232  [home_path] home-directory path  File "<home>/<tooling-home>/worktrees/searcher-regrade4-20260817-002726/.venv/lib/python3.13/site-packages/pluggy/_callers.py", line 121 in _multicall
    artifacts/grading-round4/test_all.log:232  [username] personal username  File "<home>/<tooling-home>/worktrees/searcher-regrade4-20260817-002726/.venv/lib/python3.13/site-packages/pluggy/_callers.py", line 121 in _multicall
    artifacts/grading-round4/test_all.log:233  [home_path] home-directory path  File "<home>/<tooling-home>/worktrees/searcher-regrade4-20260817-002726/.venv/lib/python3.13/site-packages/pluggy/_manager.py", line 120 in _hookexec
    artifacts/grading-round4/test_all.log:233  [username] personal username  File "<home>/<tooling-home>/worktrees/searcher-regrade4-20260817-002726/.venv/lib/python3.13/site-packages/pluggy/_manager.py", line 120 in _hookexec
    artifacts/grading-round4/test_all.log:234  [home_path] home-directory path  File "<home>/<tooling-home>/worktrees/searcher-regrade4-20260817-002726/.venv/lib/python3.13/site-packages/pluggy/_hooks.py", line 512 in __call__
    artifacts/grading-round4/test_all.log:234  [username] personal username  File "<home>/<tooling-home>/worktrees/searcher-regrade4-20260817-002726/.venv/lib/python3.13/site-packages/pluggy/_hooks.py", line 512 in __call__
    artifacts/grading-round4/test_all.log:235  [home_path] home-directory path  File "<home>/<tooling-home>/worktrees/searcher-regrade4-20260817-002726/.venv/lib/python3.13/site-packages/_pytest/runner.py", line 250 in <lambda>
    artifacts/grading-round4/test_all.log:235  [username] personal username  File "<home>/<tooling-home>/worktrees/searcher-regrade4-20260817-002726/.venv/lib/python3.13/site-packages/_pytest/runner.py", line 250 in <lambda>
    artifacts/grading-round4/test_all.log:236  [home_path] home-directory path  File "<home>/<tooling-home>/worktrees/searcher-regrade4-20260817-002726/.venv/lib/python3.13/site-packages/_pytest/runner.py", line 361 in from_call
    artifacts/grading-round4/test_all.log:236  [username] personal username  File "<home>/<tooling-home>/worktrees/searcher-regrade4-20260817-002726/.venv/lib/python3.13/site-packages/_pytest/runner.py", line 361 in from_call
    artifacts/grading-round4/test_all.log:237  [home_path] home-directory path  File "<home>/<tooling-home>/worktrees/searcher-regrade4-20260817-002726/.venv/lib/python3.13/site-packages/_pytest/runner.py", line 249 in call_and_report
    artifacts/grading-round4/test_all.log:237  [username] personal username  File "<home>/<tooling-home>/worktrees/searcher-regrade4-20260817-002726/.venv/lib/python3.13/site-packages/_pytest/runner.py", line 249 in call_and_report
    artifacts/grading-round4/test_all.log:238  [home_path] home-directory path  File "<home>/<tooling-home>/worktrees/searcher-regrade4-20260817-002726/.venv/lib/python3.13/site-packages/_pytest/runner.py", line 139 in runtestprotocol
    artifacts/grading-round4/test_all.log:238  [username] personal username  File "<home>/<tooling-home>/worktrees/searcher-regrade4-20260817-002726/.venv/lib/python3.13/site-packages/_pytest/runner.py", line 139 in runtestprotocol
    artifacts/grading-round4/test_all.log:239  [home_path] home-directory path  File "<home>/<tooling-home>/worktrees/searcher-regrade4-20260817-002726/.venv/lib/python3.13/site-packages/_pytest/runner.py", line 118 in pytest_runtest_protocol
    artifacts/grading-round4/test_all.log:239  [username] personal username  File "<home>/<tooling-home>/worktrees/searcher-regrade4-20260817-002726/.venv/lib/python3.13/site-packages/_pytest/runner.py", line 118 in pytest_runtest_protocol
    artifacts/grading-round4/test_all.log:240  [home_path] home-directory path  File "<home>/<tooling-home>/worktrees/searcher-regrade4-20260817-002726/.venv/lib/python3.13/site-packages/pluggy/_callers.py", line 121 in _multicall
    artifacts/grading-round4/test_all.log:240  [username] personal username  File "<home>/<tooling-home>/worktrees/searcher-regrade4-20260817-002726/.venv/lib/python3.13/site-packages/pluggy/_callers.py", line 121 in _multicall
    artifacts/grading-round4/test_all.log:241  [home_path] home-directory path  File "<home>/<tooling-home>/worktrees/searcher-regrade4-20260817-002726/.venv/lib/python3.13/site-packages/pluggy/_manager.py", line 120 in _hookexec
    artifacts/grading-round4/test_all.log:241  [username] personal username  File "<home>/<tooling-home>/worktrees/searcher-regrade4-20260817-002726/.venv/lib/python3.13/site-packages/pluggy/_manager.py", line 120 in _hookexec
    artifacts/grading-round4/test_all.log:242  [home_path] home-directory path  File "<home>/<tooling-home>/worktrees/searcher-regrade4-20260817-002726/.venv/lib/python3.13/site-packages/pluggy/_hooks.py", line 512 in __call__
    artifacts/grading-round4/test_all.log:242  [username] personal username  File "<home>/<tooling-home>/worktrees/searcher-regrade4-20260817-002726/.venv/lib/python3.13/site-packages/pluggy/_hooks.py", line 512 in __call__
    artifacts/grading-round4/test_all.log:243  [home_path] home-directory path  File "<home>/<tooling-home>/worktrees/searcher-regrade4-20260817-002726/.venv/lib/python3.13/site-packages/_pytest/main.py", line 408 in pytest_runtestloop
    artifacts/grading-round4/test_all.log:243  [username] personal username  File "<home>/<tooling-home>/worktrees/searcher-regrade4-20260817-002726/.venv/lib/python3.13/site-packages/_pytest/main.py", line 408 in pytest_runtestloop
    artifacts/grading-round4/test_all.log:244  [home_path] home-directory path  File "<home>/<tooling-home>/worktrees/searcher-regrade4-20260817-002726/.venv/lib/python3.13/site-packages/pluggy/_callers.py", line 121 in _multicall
    artifacts/grading-round4/test_all.log:244  [username] personal username  File "<home>/<tooling-home>/worktrees/searcher-regrade4-20260817-002726/.venv/lib/python3.13/site-packages/pluggy/_callers.py", line 121 in _multicall
    artifacts/grading-round4/test_all.log:245  [home_path] home-directory path  File "<home>/<tooling-home>/worktrees/searcher-regrade4-20260817-002726/.venv/lib/python3.13/site-packages/pluggy/_manager.py", line 120 in _hookexec
    artifacts/grading-round4/test_all.log:245  [username] personal username  File "<home>/<tooling-home>/worktrees/searcher-regrade4-20260817-002726/.venv/lib/python3.13/site-packages/pluggy/_manager.py", line 120 in _hookexec
    artifacts/grading-round4/test_all.log:246  [home_path] home-directory path  File "<home>/<tooling-home>/worktrees/searcher-regrade4-20260817-002726/.venv/lib/python3.13/site-packages/pluggy/_hooks.py", line 512 in __call__
    artifacts/grading-round4/test_all.log:246  [username] personal username  File "<home>/<tooling-home>/worktrees/searcher-regrade4-20260817-002726/.venv/lib/python3.13/site-packages/pluggy/_hooks.py", line 512 in __call__
    artifacts/grading-round4/test_all.log:247  [home_path] home-directory path  File "<home>/<tooling-home>/worktrees/searcher-regrade4-20260817-002726/.venv/lib/python3.13/site-packages/_pytest/main.py", line 384 in _main
    artifacts/grading-round4/test_all.log:247  [username] personal username  File "<home>/<tooling-home>/worktrees/searcher-regrade4-20260817-002726/.venv/lib/python3.13/site-packages/_pytest/main.py", line 384 in _main
    artifacts/grading-round4/test_all.log:248  [home_path] home-directory path  File "<home>/<tooling-home>/worktrees/searcher-regrade4-20260817-002726/.venv/lib/python3.13/site-packages/_pytest/main.py", line 330 in wrap_session
    artifacts/grading-round4/test_all.log:248  [username] personal username  File "<home>/<tooling-home>/worktrees/searcher-regrade4-20260817-002726/.venv/lib/python3.13/site-packages/_pytest/main.py", line 330 in wrap_session
    artifacts/grading-round4/test_all.log:249  [home_path] home-directory path  File "<home>/<tooling-home>/worktrees/searcher-regrade4-20260817-002726/.venv/lib/python3.13/site-packages/_pytest/main.py", line 377 in pytest_cmdline_main
    artifacts/grading-round4/test_all.log:249  [username] personal username  File "<home>/<tooling-home>/worktrees/searcher-regrade4-20260817-002726/.venv/lib/python3.13/site-packages/_pytest/main.py", line 377 in pytest_cmdline_main
    artifacts/grading-round4/test_all.log:250  [home_path] home-directory path  File "<home>/<tooling-home>/worktrees/searcher-regrade4-20260817-002726/.venv/lib/python3.13/site-packages/pluggy/_callers.py", line 121 in _multicall
    artifacts/grading-round4/test_all.log:250  [username] personal username  File "<home>/<tooling-home>/worktrees/searcher-regrade4-20260817-002726/.venv/lib/python3.13/site-packages/pluggy/_callers.py", line 121 in _multicall
    artifacts/grading-round4/test_all.log:251  [home_path] home-directory path  File "<home>/<tooling-home>/worktrees/searcher-regrade4-20260817-002726/.venv/lib/python3.13/site-packages/pluggy/_manager.py", line 120 in _hookexec
    artifacts/grading-round4/test_all.log:251  [username] personal username  File "<home>/<tooling-home>/worktrees/searcher-regrade4-20260817-002726/.venv/lib/python3.13/site-packages/pluggy/_manager.py", line 120 in _hookexec
    artifacts/grading-round4/test_all.log:252  [home_path] home-directory path  File "<home>/<tooling-home>/worktrees/searcher-regrade4-20260817-002726/.venv/lib/python3.13/site-packages/pluggy/_hooks.py", line 512 in __call__
    artifacts/grading-round4/test_all.log:252  [username] personal username  File "<home>/<tooling-home>/worktrees/searcher-regrade4-20260817-002726/.venv/lib/python3.13/site-packages/pluggy/_hooks.py", line 512 in __call__
    artifacts/grading-round4/test_all.log:253  [home_path] home-directory path  File "<home>/<tooling-home>/worktrees/searcher-regrade4-20260817-002726/.venv/lib/python3.13/site-packages/_pytest/config/__init__.py", line 229 in _main
    artifacts/grading-round4/test_all.log:253  [username] personal username  File "<home>/<tooling-home>/worktrees/searcher-regrade4-20260817-002726/.venv/lib/python3.13/site-packages/_pytest/config/__init__.py", line 229 in _main
    artifacts/grading-round4/test_all.log:254  [home_path] home-directory path  File "<home>/<tooling-home>/worktrees/searcher-regrade4-20260817-002726/.venv/lib/python3.13/site-packages/_pytest/config/__init__.py", line 253 in _console_main
    artifacts/grading-round4/test_all.log:254  [username] personal username  File "<home>/<tooling-home>/worktrees/searcher-regrade4-20260817-002726/.venv/lib/python3.13/site-packages/_pytest/config/__init__.py", line 253 in _console_main
    artifacts/grading-round4/test_all.log:255  [home_path] home-directory path  File "<home>/<tooling-home>/worktrees/searcher-regrade4-20260817-002726/.venv/bin/pytest", line 10 in <module>
    artifacts/grading-round4/test_all.log:255  [username] personal username  File "<home>/<tooling-home>/worktrees/searcher-regrade4-20260817-002726/.venv/bin/pytest", line 10 in <module>
    artifacts/grading-round4/test_all.log:262  [home_path] home-directory path  File "<home>/.local/share/uv/python/cpython-3.13.13-macos-aarch64-none/lib/python3.13/subprocess.py", line 1921 in _execute_child
    artifacts/grading-round4/test_all.log:262  [username] personal username  File "<home>/.local/share/uv/python/cpython-3.13.13-macos-aarch64-none/lib/python3.13/subprocess.py", line 1921 in _execute_child
    artifacts/grading-round4/test_all.log:263  [home_path] home-directory path  File "<home>/.local/share/uv/python/cpython-3.13.13-macos-aarch64-none/lib/python3.13/subprocess.py", line 1039 in __init__
    artifacts/grading-round4/test_all.log:263  [username] personal username  File "<home>/.local/share/uv/python/cpython-3.13.13-macos-aarch64-none/lib/python3.13/subprocess.py", line 1039 in __init__
    artifacts/grading-round4/test_all.log:264  [home_path] home-directory path  File "<home>/<tooling-home>/worktrees/searcher-regrade4-20260817-002726/tests/support/live_api.py", line 83 in live_api
    artifacts/grading-round4/test_all.log:264  [username] personal username  File "<home>/<tooling-home>/worktrees/searcher-regrade4-20260817-002726/tests/support/live_api.py", line 83 in live_api
    artifacts/grading-round4/test_all.log:265  [home_path] home-directory path  File "<home>/.local/share/uv/python/cpython-3.13.13-macos-aarch64-none/lib/python3.13/contextlib.py", line 141 in __enter__
    artifacts/grading-round4/test_all.log:265  [username] personal username  File "<home>/.local/share/uv/python/cpython-3.13.13-macos-aarch64-none/lib/python3.13/contextlib.py", line 141 in __enter__
    artifacts/grading-round4/test_all.log:266  [home_path] home-directory path  File "<home>/<tooling-home>/worktrees/searcher-regrade4-20260817-002726/tests/real_runtime/test_api_abuse.py", line 74 in api
    artifacts/grading-round4/test_all.log:266  [username] personal username  File "<home>/<tooling-home>/worktrees/searcher-regrade4-20260817-002726/tests/real_runtime/test_api_abuse.py", line 74 in api
    artifacts/grading-round4/test_all.log:267  [home_path] home-directory path  File "<home>/<tooling-home>/worktrees/searcher-regrade4-20260817-002726/.venv/lib/python3.13/site-packages/_pytest/fixtures.py", line 998 in call_fixture_func
    artifacts/grading-round4/test_all.log:267  [username] personal username  File "<home>/<tooling-home>/worktrees/searcher-regrade4-20260817-002726/.venv/lib/python3.13/site-packages/_pytest/fixtures.py", line 998 in call_fixture_func
    artifacts/grading-round4/test_all.log:268  [home_path] home-directory path  File "<home>/<tooling-home>/worktrees/searcher-regrade4-20260817-002726/.venv/lib/python3.13/site-packages/_pytest/fixtures.py", line 1328 in pytest_fixture_setup
    artifacts/grading-round4/test_all.log:268  [username] personal username  File "<home>/<tooling-home>/worktrees/searcher-regrade4-20260817-002726/.venv/lib/python3.13/site-packages/_pytest/fixtures.py", line 1328 in pytest_fixture_setup
    artifacts/grading-round4/test_all.log:269  [home_path] home-directory path  File "<home>/<tooling-home>/worktrees/searcher-regrade4-20260817-002726/.venv/lib/python3.13/site-packages/pluggy/_callers.py", line 121 in _multicall
    artifacts/grading-round4/test_all.log:269  [username] personal username  File "<home>/<tooling-home>/worktrees/searcher-regrade4-20260817-002726/.venv/lib/python3.13/site-packages/pluggy/_callers.py", line 121 in _multicall
    artifacts/grading-round4/test_all.log:270  [home_path] home-directory path  File "<home>/<tooling-home>/worktrees/searcher-regrade4-20260817-002726/.venv/lib/python3.13/site-packages/pluggy/_manager.py", line 120 in _hookexec
    artifacts/grading-round4/test_all.log:270  [username] personal username  File "<home>/<tooling-home>/worktrees/searcher-regrade4-20260817-002726/.venv/lib/python3.13/site-packages/pluggy/_manager.py", line 120 in _hookexec
    artifacts/grading-round4/test_all.log:271  [home_path] home-directory path  File "<home>/<tooling-home>/worktrees/searcher-regrade4-20260817-002726/.venv/lib/python3.13/site-packages/pluggy/_hooks.py", line 512 in __call__
    artifacts/grading-round4/test_all.log:271  [username] personal username  File "<home>/<tooling-home>/worktrees/searcher-regrade4-20260817-002726/.venv/lib/python3.13/site-packages/pluggy/_hooks.py", line 512 in __call__
    artifacts/grading-round4/test_all.log:272  [home_path] home-directory path  File "<home>/<tooling-home>/worktrees/searcher-regrade4-20260817-002726/.venv/lib/python3.13/site-packages/_pytest/fixtures.py", line 1232 in execute
    artifacts/grading-round4/test_all.log:272  [username] personal username  File "<home>/<tooling-home>/worktrees/searcher-regrade4-20260817-002726/.venv/lib/python3.13/site-packages/_pytest/fixtures.py", line 1232 in execute
    artifacts/grading-round4/test_all.log:273  [home_path] home-directory path  File "<home>/<tooling-home>/worktrees/searcher-regrade4-20260817-002726/.venv/lib/python3.13/site-packages/_pytest/fixtures.py", line 726 in _get_active_fixturedef
    artifacts/grading-round4/test_all.log:273  [username] personal username  File "<home>/<tooling-home>/worktrees/searcher-regrade4-20260817-002726/.venv/lib/python3.13/site-packages/_pytest/fixtures.py", line 726 in _get_active_fixturedef
    artifacts/grading-round4/test_all.log:274  [home_path] home-directory path  File "<home>/<tooling-home>/worktrees/searcher-regrade4-20260817-002726/.venv/lib/python3.13/site-packages/_pytest/fixtures.py", line 1181 in execute
    artifacts/grading-round4/test_all.log:274  [username] personal username  File "<home>/<tooling-home>/worktrees/searcher-regrade4-20260817-002726/.venv/lib/python3.13/site-packages/_pytest/fixtures.py", line 1181 in execute
    artifacts/grading-round4/test_all.log:275  [home_path] home-directory path  File "<home>/<tooling-home>/worktrees/searcher-regrade4-20260817-002726/.venv/lib/python3.13/site-packages/_pytest/fixtures.py", line 726 in _get_active_fixturedef
    artifacts/grading-round4/test_all.log:275  [username] personal username  File "<home>/<tooling-home>/worktrees/searcher-regrade4-20260817-002726/.venv/lib/python3.13/site-packages/_pytest/fixtures.py", line 726 in _get_active_fixturedef
    artifacts/grading-round4/test_all.log:276  [home_path] home-directory path  File "<home>/<tooling-home>/worktrees/searcher-regrade4-20260817-002726/.venv/lib/python3.13/site-packages/_pytest/fixtures.py", line 630 in getfixturevalue
    artifacts/grading-round4/test_all.log:276  [username] personal username  File "<home>/<tooling-home>/worktrees/searcher-regrade4-20260817-002726/.venv/lib/python3.13/site-packages/_pytest/fixtures.py", line 630 in getfixturevalue
    artifacts/grading-round4/test_all.log:277  [home_path] home-directory path  File "<home>/<tooling-home>/worktrees/searcher-regrade4-20260817-002726/.venv/lib/python3.13/site-packages/_pytest/fixtures.py", line 806 in _fillfixtures
    artifacts/grading-round4/test_all.log:277  [username] personal username  File "<home>/<tooling-home>/worktrees/searcher-regrade4-20260817-002726/.venv/lib/python3.13/site-packages/_pytest/fixtures.py", line 806 in _fillfixtures
    artifacts/grading-round4/test_all.log:278  [home_path] home-directory path  File "<home>/<tooling-home>/worktrees/searcher-regrade4-20260817-002726/.venv/lib/python3.13/site-packages/_pytest/python.py", line 1710 in setup
    artifacts/grading-round4/test_all.log:278  [username] personal username  File "<home>/<tooling-home>/worktrees/searcher-regrade4-20260817-002726/.venv/lib/python3.13/site-packages/_pytest/python.py", line 1710 in setup
    artifacts/grading-round4/test_all.log:279  [home_path] home-directory path  File "<home>/<tooling-home>/worktrees/searcher-regrade4-20260817-002726/.venv/lib/python3.13/site-packages/_pytest/runner.py", line 536 in setup
    artifacts/grading-round4/test_all.log:279  [username] personal username  File "<home>/<tooling-home>/worktrees/searcher-regrade4-20260817-002726/.venv/lib/python3.13/site-packages/_pytest/runner.py", line 536 in setup
    artifacts/grading-round4/test_all.log:280  [home_path] home-directory path  File "<home>/<tooling-home>/worktrees/searcher-regrade4-20260817-002726/.venv/lib/python3.13/site-packages/_pytest/runner.py", line 170 in pytest_runtest_setup
    artifacts/grading-round4/test_all.log:280  [username] personal username  File "<home>/<tooling-home>/worktrees/searcher-regrade4-20260817-002726/.venv/lib/python3.13/site-packages/_pytest/runner.py", line 170 in pytest_runtest_setup
    artifacts/grading-round4/test_all.log:281  [home_path] home-directory path  File "<home>/<tooling-home>/worktrees/searcher-regrade4-20260817-002726/.venv/lib/python3.13/site-packages/pluggy/_callers.py", line 121 in _multicall
    artifacts/grading-round4/test_all.log:281  [username] personal username  File "<home>/<tooling-home>/worktrees/searcher-regrade4-20260817-002726/.venv/lib/python3.13/site-packages/pluggy/_callers.py", line 121 in _multicall
    artifacts/grading-round4/test_all.log:282  [home_path] home-directory path  File "<home>/<tooling-home>/worktrees/searcher-regrade4-20260817-002726/.venv/lib/python3.13/site-packages/pluggy/_manager.py", line 120 in _hookexec
    artifacts/grading-round4/test_all.log:282  [username] personal username  File "<home>/<tooling-home>/worktrees/searcher-regrade4-20260817-002726/.venv/lib/python3.13/site-packages/pluggy/_manager.py", line 120 in _hookexec
    artifacts/grading-round4/test_all.log:283  [home_path] home-directory path  File "<home>/<tooling-home>/worktrees/searcher-regrade4-20260817-002726/.venv/lib/python3.13/site-packages/pluggy/_hooks.py", line 512 in __call__
    artifacts/grading-round4/test_all.log:283  [username] personal username  File "<home>/<tooling-home>/worktrees/searcher-regrade4-20260817-002726/.venv/lib/python3.13/site-packages/pluggy/_hooks.py", line 512 in __call__
    artifacts/grading-round4/test_all.log:284  [home_path] home-directory path  File "<home>/<tooling-home>/worktrees/searcher-regrade4-20260817-002726/.venv/lib/python3.13/site-packages/_pytest/runner.py", line 250 in <lambda>
    artifacts/grading-round4/test_all.log:284  [username] personal username  File "<home>/<tooling-home>/worktrees/searcher-regrade4-20260817-002726/.venv/lib/python3.13/site-packages/_pytest/runner.py", line 250 in <lambda>
    artifacts/grading-round4/test_all.log:285  [home_path] home-directory path  File "<home>/<tooling-home>/worktrees/searcher-regrade4-20260817-002726/.venv/lib/python3.13/site-packages/_pytest/runner.py", line 361 in from_call
    artifacts/grading-round4/test_all.log:285  [username] personal username  File "<home>/<tooling-home>/worktrees/searcher-regrade4-20260817-002726/.venv/lib/python3.13/site-packages/_pytest/runner.py", line 361 in from_call
    artifacts/grading-round4/test_all.log:286  [home_path] home-directory path  File "<home>/<tooling-home>/worktrees/searcher-regrade4-20260817-002726/.venv/lib/python3.13/site-packages/_pytest/runner.py", line 249 in call_and_report
    artifacts/grading-round4/test_all.log:286  [username] personal username  File "<home>/<tooling-home>/worktrees/searcher-regrade4-20260817-002726/.venv/lib/python3.13/site-packages/_pytest/runner.py", line 249 in call_and_report
    artifacts/grading-round4/test_all.log:287  [home_path] home-directory path  File "<home>/<tooling-home>/worktrees/searcher-regrade4-20260817-002726/.venv/lib/python3.13/site-packages/_pytest/runner.py", line 132 in runtestprotocol
    artifacts/grading-round4/test_all.log:287  [username] personal username  File "<home>/<tooling-home>/worktrees/searcher-regrade4-20260817-002726/.venv/lib/python3.13/site-packages/_pytest/runner.py", line 132 in runtestprotocol
    artifacts/grading-round4/test_all.log:288  [home_path] home-directory path  File "<home>/<tooling-home>/worktrees/searcher-regrade4-20260817-002726/.venv/lib/python3.13/site-packages/_pytest/runner.py", line 118 in pytest_runtest_protocol
    artifacts/grading-round4/test_all.log:288  [username] personal username  File "<home>/<tooling-home>/worktrees/searcher-regrade4-20260817-002726/.venv/lib/python3.13/site-packages/_pytest/runner.py", line 118 in pytest_runtest_protocol
    artifacts/grading-round4/test_all.log:289  [home_path] home-directory path  File "<home>/<tooling-home>/worktrees/searcher-regrade4-20260817-002726/.venv/lib/python3.13/site-packages/pluggy/_callers.py", line 121 in _multicall
    artifacts/grading-round4/test_all.log:289  [username] personal username  File "<home>/<tooling-home>/worktrees/searcher-regrade4-20260817-002726/.venv/lib/python3.13/site-packages/pluggy/_callers.py", line 121 in _multicall
    artifacts/grading-round4/test_all.log:290  [home_path] home-directory path  File "<home>/<tooling-home>/worktrees/searcher-regrade4-20260817-002726/.venv/lib/python3.13/site-packages/pluggy/_manager.py", line 120 in _hookexec
    artifacts/grading-round4/test_all.log:290  [username] personal username  File "<home>/<tooling-home>/worktrees/searcher-regrade4-20260817-002726/.venv/lib/python3.13/site-packages/pluggy/_manager.py", line 120 in _hookexec
    artifacts/grading-round4/test_all.log:291  [home_path] home-directory path  File "<home>/<tooling-home>/worktrees/searcher-regrade4-20260817-002726/.venv/lib/python3.13/site-packages/pluggy/_hooks.py", line 512 in __call__
    artifacts/grading-round4/test_all.log:291  [username] personal username  File "<home>/<tooling-home>/worktrees/searcher-regrade4-20260817-002726/.venv/lib/python3.13/site-packages/pluggy/_hooks.py", line 512 in __call__
    artifacts/grading-round4/test_all.log:292  [home_path] home-directory path  File "<home>/<tooling-home>/worktrees/searcher-regrade4-20260817-002726/.venv/lib/python3.13/site-packages/_pytest/main.py", line 408 in pytest_runtestloop
    artifacts/grading-round4/test_all.log:292  [username] personal username  File "<home>/<tooling-home>/worktrees/searcher-regrade4-20260817-002726/.venv/lib/python3.13/site-packages/_pytest/main.py", line 408 in pytest_runtestloop
    artifacts/grading-round4/test_all.log:293  [home_path] home-directory path  File "<home>/<tooling-home>/worktrees/searcher-regrade4-20260817-002726/.venv/lib/python3.13/site-packages/pluggy/_callers.py", line 121 in _multicall
    artifacts/grading-round4/test_all.log:293  [username] personal username  File "<home>/<tooling-home>/worktrees/searcher-regrade4-20260817-002726/.venv/lib/python3.13/site-packages/pluggy/_callers.py", line 121 in _multicall
    artifacts/grading-round4/test_all.log:294  [home_path] home-directory path  File "<home>/<tooling-home>/worktrees/searcher-regrade4-20260817-002726/.venv/lib/python3.13/site-packages/pluggy/_manager.py", line 120 in _hookexec
    artifacts/grading-round4/test_all.log:294  [username] personal username  File "<home>/<tooling-home>/worktrees/searcher-regrade4-20260817-002726/.venv/lib/python3.13/site-packages/pluggy/_manager.py", line 120 in _hookexec
    artifacts/grading-round4/test_all.log:295  [home_path] home-directory path  File "<home>/<tooling-home>/worktrees/searcher-regrade4-20260817-002726/.venv/lib/python3.13/site-packages/pluggy/_hooks.py", line 512 in __call__
    artifacts/grading-round4/test_all.log:295  [username] personal username  File "<home>/<tooling-home>/worktrees/searcher-regrade4-20260817-002726/.venv/lib/python3.13/site-packages/pluggy/_hooks.py", line 512 in __call__
    artifacts/grading-round4/test_all.log:296  [home_path] home-directory path  File "<home>/<tooling-home>/worktrees/searcher-regrade4-20260817-002726/.venv/lib/python3.13/site-packages/_pytest/main.py", line 384 in _main
    artifacts/grading-round4/test_all.log:296  [username] personal username  File "<home>/<tooling-home>/worktrees/searcher-regrade4-20260817-002726/.venv/lib/python3.13/site-packages/_pytest/main.py", line 384 in _main
    artifacts/grading-round4/test_all.log:297  [home_path] home-directory path  File "<home>/<tooling-home>/worktrees/searcher-regrade4-20260817-002726/.venv/lib/python3.13/site-packages/_pytest/main.py", line 330 in wrap_session
    artifacts/grading-round4/test_all.log:297  [username] personal username  File "<home>/<tooling-home>/worktrees/searcher-regrade4-20260817-002726/.venv/lib/python3.13/site-packages/_pytest/main.py", line 330 in wrap_session
    artifacts/grading-round4/test_all.log:298  [home_path] home-directory path  File "<home>/<tooling-home>/worktrees/searcher-regrade4-20260817-002726/.venv/lib/python3.13/site-packages/_pytest/main.py", line 377 in pytest_cmdline_main
    artifacts/grading-round4/test_all.log:298  [username] personal username  File "<home>/<tooling-home>/worktrees/searcher-regrade4-20260817-002726/.venv/lib/python3.13/site-packages/_pytest/main.py", line 377 in pytest_cmdline_main
    artifacts/grading-round4/test_all.log:299  [home_path] home-directory path  File "<home>/<tooling-home>/worktrees/searcher-regrade4-20260817-002726/.venv/lib/python3.13/site-packages/pluggy/_callers.py", line 121 in _multicall
    artifacts/grading-round4/test_all.log:299  [username] personal username  File "<home>/<tooling-home>/worktrees/searcher-regrade4-20260817-002726/.venv/lib/python3.13/site-packages/pluggy/_callers.py", line 121 in _multicall
    artifacts/grading-round4/test_all.log:300  [home_path] home-directory path  File "<home>/<tooling-home>/worktrees/searcher-regrade4-20260817-002726/.venv/lib/python3.13/site-packages/pluggy/_manager.py", line 120 in _hookexec
    artifacts/grading-round4/test_all.log:300  [username] personal username  File "<home>/<tooling-home>/worktrees/searcher-regrade4-20260817-002726/.venv/lib/python3.13/site-packages/pluggy/_manager.py", line 120 in _hookexec
    artifacts/grading-round4/test_all.log:301  [home_path] home-directory path  File "<home>/<tooling-home>/worktrees/searcher-regrade4-20260817-002726/.venv/lib/python3.13/site-packages/pluggy/_hooks.py", line 512 in __call__
    artifacts/grading-round4/test_all.log:301  [username] personal username  File "<home>/<tooling-home>/worktrees/searcher-regrade4-20260817-002726/.venv/lib/python3.13/site-packages/pluggy/_hooks.py", line 512 in __call__
    artifacts/grading-round4/test_all.log:302  [home_path] home-directory path  File "<home>/<tooling-home>/worktrees/searcher-regrade4-20260817-002726/.venv/lib/python3.13/site-packages/_pytest/config/__init__.py", line 229 in _main
    artifacts/grading-round4/test_all.log:302  [username] personal username  File "<home>/<tooling-home>/worktrees/searcher-regrade4-20260817-002726/.venv/lib/python3.13/site-packages/_pytest/config/__init__.py", line 229 in _main
    artifacts/grading-round4/test_all.log:303  [home_path] home-directory path  File "<home>/<tooling-home>/worktrees/searcher-regrade4-20260817-002726/.venv/lib/python3.13/site-packages/_pytest/config/__init__.py", line 253 in _console_main
    artifacts/grading-round4/test_all.log:303  [username] personal username  File "<home>/<tooling-home>/worktrees/searcher-regrade4-20260817-002726/.venv/lib/python3.13/site-packages/_pytest/config/__init__.py", line 253 in _console_main
    artifacts/grading-round4/test_all.log:304  [home_path] home-directory path  File "<home>/<tooling-home>/worktrees/searcher-regrade4-20260817-002726/.venv/bin/pytest", line 10 in <module>
    artifacts/grading-round4/test_all.log:304  [username] personal username  File "<home>/<tooling-home>/worktrees/searcher-regrade4-20260817-002726/.venv/bin/pytest", line 10 in <module>
    artifacts/grading-round4/test_all.log:310  [home_path] home-directory path  File "<home>/.local/share/uv/python/cpython-3.13.13-macos-aarch64-none/lib/python3.13/subprocess.py", line 1921 in _execute_child
    artifacts/grading-round4/test_all.log:310  [username] personal username  File "<home>/.local/share/uv/python/cpython-3.13.13-macos-aarch64-none/lib/python3.13/subprocess.py", line 1921 in _execute_child
    artifacts/grading-round4/test_all.log:311  [home_path] home-directory path  File "<home>/.local/share/uv/python/cpython-3.13.13-macos-aarch64-none/lib/python3.13/subprocess.py", line 1039 in __init__
    artifacts/grading-round4/test_all.log:311  [username] personal username  File "<home>/.local/share/uv/python/cpython-3.13.13-macos-aarch64-none/lib/python3.13/subprocess.py", line 1039 in __init__
    artifacts/grading-round4/test_all.log:312  [home_path] home-directory path  File "<home>/<tooling-home>/worktrees/searcher-regrade4-20260817-002726/tests/support/live_api.py", line 83 in live_api
    artifacts/grading-round4/test_all.log:312  [username] personal username  File "<home>/<tooling-home>/worktrees/searcher-regrade4-20260817-002726/tests/support/live_api.py", line 83 in live_api
    artifacts/grading-round4/test_all.log:313  [home_path] home-directory path  File "<home>/.local/share/uv/python/cpython-3.13.13-macos-aarch64-none/lib/python3.13/contextlib.py", line 141 in __enter__
    artifacts/grading-round4/test_all.log:313  [username] personal username  File "<home>/.local/share/uv/python/cpython-3.13.13-macos-aarch64-none/lib/python3.13/contextlib.py", line 141 in __enter__
    artifacts/grading-round4/test_all.log:314  [home_path] home-directory path  File "<home>/<tooling-home>/worktrees/searcher-regrade4-20260817-002726/tests/real_runtime/test_api_abuse.py", line 618 in test_disk_margin_and_caps_enforced
    artifacts/grading-round4/test_all.log:314  [username] personal username  File "<home>/<tooling-home>/worktrees/searcher-regrade4-20260817-002726/tests/real_runtime/test_api_abuse.py", line 618 in test_disk_margin_and_caps_enforced
    artifacts/grading-round4/test_all.log:315  [home_path] home-directory path  File "<home>/<tooling-home>/worktrees/searcher-regrade4-20260817-002726/.venv/lib/python3.13/site-packages/_pytest/python.py", line 167 in pytest_pyfunc_call
    artifacts/grading-round4/test_all.log:315  [username] personal username  File "<home>/<tooling-home>/worktrees/searcher-regrade4-20260817-002726/.venv/lib/python3.13/site-packages/_pytest/python.py", line 167 in pytest_pyfunc_call
    artifacts/grading-round4/test_all.log:316  [home_path] home-directory path  File "<home>/<tooling-home>/worktrees/searcher-regrade4-20260817-002726/.venv/lib/python3.13/site-packages/pluggy/_callers.py", line 121 in _multicall
    artifacts/grading-round4/test_all.log:316  [username] personal username  File "<home>/<tooling-home>/worktrees/searcher-regrade4-20260817-002726/.venv/lib/python3.13/site-packages/pluggy/_callers.py", line 121 in _multicall
    artifacts/grading-round4/test_all.log:317  [home_path] home-directory path  File "<home>/<tooling-home>/worktrees/searcher-regrade4-20260817-002726/.venv/lib/python3.13/site-packages/pluggy/_manager.py", line 120 in _hookexec
    artifacts/grading-round4/test_all.log:317  [username] personal username  File "<home>/<tooling-home>/worktrees/searcher-regrade4-20260817-002726/.venv/lib/python3.13/site-packages/pluggy/_manager.py", line 120 in _hookexec
    artifacts/grading-round4/test_all.log:318  [home_path] home-directory path  File "<home>/<tooling-home>/worktrees/searcher-regrade4-20260817-002726/.venv/lib/python3.13/site-packages/pluggy/_hooks.py", line 512 in __call__
    artifacts/grading-round4/test_all.log:318  [username] personal username  File "<home>/<tooling-home>/worktrees/searcher-regrade4-20260817-002726/.venv/lib/python3.13/site-packages/pluggy/_hooks.py", line 512 in __call__
    artifacts/grading-round4/test_all.log:319  [home_path] home-directory path  File "<home>/<tooling-home>/worktrees/searcher-regrade4-20260817-002726/.venv/lib/python3.13/site-packages/_pytest/python.py", line 1707 in runtest
    artifacts/grading-round4/test_all.log:319  [username] personal username  File "<home>/<tooling-home>/worktrees/searcher-regrade4-20260817-002726/.venv/lib/python3.13/site-packages/_pytest/python.py", line 1707 in runtest
    artifacts/grading-round4/test_all.log:320  [home_path] home-directory path  File "<home>/<tooling-home>/worktrees/searcher-regrade4-20260817-002726/.venv/lib/python3.13/site-packages/_pytest/runner.py", line 184 in pytest_runtest_call
    artifacts/grading-round4/test_all.log:320  [username] personal username  File "<home>/<tooling-home>/worktrees/searcher-regrade4-20260817-002726/.venv/lib/python3.13/site-packages/_pytest/runner.py", line 184 in pytest_runtest_call
    artifacts/grading-round4/test_all.log:321  [home_path] home-directory path  File "<home>/<tooling-home>/worktrees/searcher-regrade4-20260817-002726/.venv/lib/python3.13/site-packages/pluggy/_callers.py", line 121 in _multicall
    artifacts/grading-round4/test_all.log:321  [username] personal username  File "<home>/<tooling-home>/worktrees/searcher-regrade4-20260817-002726/.venv/lib/python3.13/site-packages/pluggy/_callers.py", line 121 in _multicall
    artifacts/grading-round4/test_all.log:322  [home_path] home-directory path  File "<home>/<tooling-home>/worktrees/searcher-regrade4-20260817-002726/.venv/lib/python3.13/site-packages/pluggy/_manager.py", line 120 in _hookexec
    artifacts/grading-round4/test_all.log:322  [username] personal username  File "<home>/<tooling-home>/worktrees/searcher-regrade4-20260817-002726/.venv/lib/python3.13/site-packages/pluggy/_manager.py", line 120 in _hookexec
    artifacts/grading-round4/test_all.log:323  [home_path] home-directory path  File "<home>/<tooling-home>/worktrees/searcher-regrade4-20260817-002726/.venv/lib/python3.13/site-packages/pluggy/_hooks.py", line 512 in __call__
    artifacts/grading-round4/test_all.log:323  [username] personal username  File "<home>/<tooling-home>/worktrees/searcher-regrade4-20260817-002726/.venv/lib/python3.13/site-packages/pluggy/_hooks.py", line 512 in __call__
    artifacts/grading-round4/test_all.log:324  [home_path] home-directory path  File "<home>/<tooling-home>/worktrees/searcher-regrade4-20260817-002726/.venv/lib/python3.13/site-packages/_pytest/runner.py", line 250 in <lambda>
    artifacts/grading-round4/test_all.log:324  [username] personal username  File "<home>/<tooling-home>/worktrees/searcher-regrade4-20260817-002726/.venv/lib/python3.13/site-packages/_pytest/runner.py", line 250 in <lambda>
    artifacts/grading-round4/test_all.log:325  [home_path] home-directory path  File "<home>/<tooling-home>/worktrees/searcher-regrade4-20260817-002726/.venv/lib/python3.13/site-packages/_pytest/runner.py", line 361 in from_call
    artifacts/grading-round4/test_all.log:325  [username] personal username  File "<home>/<tooling-home>/worktrees/searcher-regrade4-20260817-002726/.venv/lib/python3.13/site-packages/_pytest/runner.py", line 361 in from_call
    artifacts/grading-round4/test_all.log:326  [home_path] home-directory path  File "<home>/<tooling-home>/worktrees/searcher-regrade4-20260817-002726/.venv/lib/python3.13/site-packages/_pytest/runner.py", line 249 in call_and_report
    artifacts/grading-round4/test_all.log:326  [username] personal username  File "<home>/<tooling-home>/worktrees/searcher-regrade4-20260817-002726/.venv/lib/python3.13/site-packages/_pytest/runner.py", line 249 in call_and_report
    artifacts/grading-round4/test_all.log:327  [home_path] home-directory path  File "<home>/<tooling-home>/worktrees/searcher-regrade4-20260817-002726/.venv/lib/python3.13/site-packages/_pytest/runner.py", line 139 in runtestprotocol
    artifacts/grading-round4/test_all.log:327  [username] personal username  File "<home>/<tooling-home>/worktrees/searcher-regrade4-20260817-002726/.venv/lib/python3.13/site-packages/_pytest/runner.py", line 139 in runtestprotocol
    artifacts/grading-round4/test_all.log:328  [home_path] home-directory path  File "<home>/<tooling-home>/worktrees/searcher-regrade4-20260817-002726/.venv/lib/python3.13/site-packages/_pytest/runner.py", line 118 in pytest_runtest_protocol
    artifacts/grading-round4/test_all.log:328  [username] personal username  File "<home>/<tooling-home>/worktrees/searcher-regrade4-20260817-002726/.venv/lib/python3.13/site-packages/_pytest/runner.py", line 118 in pytest_runtest_protocol
    artifacts/grading-round4/test_all.log:329  [home_path] home-directory path  File "<home>/<tooling-home>/worktrees/searcher-regrade4-20260817-002726/.venv/lib/python3.13/site-packages/pluggy/_callers.py", line 121 in _multicall
    artifacts/grading-round4/test_all.log:329  [username] personal username  File "<home>/<tooling-home>/worktrees/searcher-regrade4-20260817-002726/.venv/lib/python3.13/site-packages/pluggy/_callers.py", line 121 in _multicall
    artifacts/grading-round4/test_all.log:330  [home_path] home-directory path  File "<home>/<tooling-home>/worktrees/searcher-regrade4-20260817-002726/.venv/lib/python3.13/site-packages/pluggy/_manager.py", line 120 in _hookexec
    artifacts/grading-round4/test_all.log:330  [username] personal username  File "<home>/<tooling-home>/worktrees/searcher-regrade4-20260817-002726/.venv/lib/python3.13/site-packages/pluggy/_manager.py", line 120 in _hookexec
    artifacts/grading-round4/test_all.log:331  [home_path] home-directory path  File "<home>/<tooling-home>/worktrees/searcher-regrade4-20260817-002726/.venv/lib/python3.13/site-packages/pluggy/_hooks.py", line 512 in __call__
    artifacts/grading-round4/test_all.log:331  [username] personal username  File "<home>/<tooling-home>/worktrees/searcher-regrade4-20260817-002726/.venv/lib/python3.13/site-packages/pluggy/_hooks.py", line 512 in __call__
    artifacts/grading-round4/test_all.log:332  [home_path] home-directory path  File "<home>/<tooling-home>/worktrees/searcher-regrade4-20260817-002726/.venv/lib/python3.13/site-packages/_pytest/main.py", line 408 in pytest_runtestloop
    artifacts/grading-round4/test_all.log:332  [username] personal username  File "<home>/<tooling-home>/worktrees/searcher-regrade4-20260817-002726/.venv/lib/python3.13/site-packages/_pytest/main.py", line 408 in pytest_runtestloop
    artifacts/grading-round4/test_all.log:333  [home_path] home-directory path  File "<home>/<tooling-home>/worktrees/searcher-regrade4-20260817-002726/.venv/lib/python3.13/site-packages/pluggy/_callers.py", line 121 in _multicall
    artifacts/grading-round4/test_all.log:333  [username] personal username  File "<home>/<tooling-home>/worktrees/searcher-regrade4-20260817-002726/.venv/lib/python3.13/site-packages/pluggy/_callers.py", line 121 in _multicall
    artifacts/grading-round4/test_all.log:334  [home_path] home-directory path  File "<home>/<tooling-home>/worktrees/searcher-regrade4-20260817-002726/.venv/lib/python3.13/site-packages/pluggy/_manager.py", line 120 in _hookexec
    artifacts/grading-round4/test_all.log:334  [username] personal username  File "<home>/<tooling-home>/worktrees/searcher-regrade4-20260817-002726/.venv/lib/python3.13/site-packages/pluggy/_manager.py", line 120 in _hookexec
    artifacts/grading-round4/test_all.log:335  [home_path] home-directory path  File "<home>/<tooling-home>/worktrees/searcher-regrade4-20260817-002726/.venv/lib/python3.13/site-packages/pluggy/_hooks.py", line 512 in __call__
    artifacts/grading-round4/test_all.log:335  [username] personal username  File "<home>/<tooling-home>/worktrees/searcher-regrade4-20260817-002726/.venv/lib/python3.13/site-packages/pluggy/_hooks.py", line 512 in __call__
    artifacts/grading-round4/test_all.log:336  [home_path] home-directory path  File "<home>/<tooling-home>/worktrees/searcher-regrade4-20260817-002726/.venv/lib/python3.13/site-packages/_pytest/main.py", line 384 in _main
    artifacts/grading-round4/test_all.log:336  [username] personal username  File "<home>/<tooling-home>/worktrees/searcher-regrade4-20260817-002726/.venv/lib/python3.13/site-packages/_pytest/main.py", line 384 in _main
    artifacts/grading-round4/test_all.log:337  [home_path] home-directory path  File "<home>/<tooling-home>/worktrees/searcher-regrade4-20260817-002726/.venv/lib/python3.13/site-packages/_pytest/main.py", line 330 in wrap_session
    artifacts/grading-round4/test_all.log:337  [username] personal username  File "<home>/<tooling-home>/worktrees/searcher-regrade4-20260817-002726/.venv/lib/python3.13/site-packages/_pytest/main.py", line 330 in wrap_session
    artifacts/grading-round4/test_all.log:338  [home_path] home-directory path  File "<home>/<tooling-home>/worktrees/searcher-regrade4-20260817-002726/.venv/lib/python3.13/site-packages/_pytest/main.py", line 377 in pytest_cmdline_main
    artifacts/grading-round4/test_all.log:338  [username] personal username  File "<home>/<tooling-home>/worktrees/searcher-regrade4-20260817-002726/.venv/lib/python3.13/site-packages/_pytest/main.py", line 377 in pytest_cmdline_main
    artifacts/grading-round4/test_all.log:339  [home_path] home-directory path  File "<home>/<tooling-home>/worktrees/searcher-regrade4-20260817-002726/.venv/lib/python3.13/site-packages/pluggy/_callers.py", line 121 in _multicall
    artifacts/grading-round4/test_all.log:339  [username] personal username  File "<home>/<tooling-home>/worktrees/searcher-regrade4-20260817-002726/.venv/lib/python3.13/site-packages/pluggy/_callers.py", line 121 in _multicall
    artifacts/grading-round4/test_all.log:340  [home_path] home-directory path  File "<home>/<tooling-home>/worktrees/searcher-regrade4-20260817-002726/.venv/lib/python3.13/site-packages/pluggy/_manager.py", line 120 in _hookexec
    artifacts/grading-round4/test_all.log:340  [username] personal username  File "<home>/<tooling-home>/worktrees/searcher-regrade4-20260817-002726/.venv/lib/python3.13/site-packages/pluggy/_manager.py", line 120 in _hookexec
    artifacts/grading-round4/test_all.log:341  [home_path] home-directory path  File "<home>/<tooling-home>/worktrees/searcher-regrade4-20260817-002726/.venv/lib/python3.13/site-packages/pluggy/_hooks.py", line 512 in __call__
    artifacts/grading-round4/test_all.log:341  [username] personal username  File "<home>/<tooling-home>/worktrees/searcher-regrade4-20260817-002726/.venv/lib/python3.13/site-packages/pluggy/_hooks.py", line 512 in __call__
    artifacts/grading-round4/test_all.log:342  [home_path] home-directory path  File "<home>/<tooling-home>/worktrees/searcher-regrade4-20260817-002726/.venv/lib/python3.13/site-packages/_pytest/config/__init__.py", line 229 in _main
    artifacts/grading-round4/test_all.log:342  [username] personal username  File "<home>/<tooling-home>/worktrees/searcher-regrade4-20260817-002726/.venv/lib/python3.13/site-packages/_pytest/config/__init__.py", line 229 in _main
    artifacts/grading-round4/test_all.log:343  [home_path] home-directory path  File "<home>/<tooling-home>/worktrees/searcher-regrade4-20260817-002726/.venv/lib/python3.13/site-packages/_pytest/config/__init__.py", line 253 in _console_main
    artifacts/grading-round4/test_all.log:343  [username] personal username  File "<home>/<tooling-home>/worktrees/searcher-regrade4-20260817-002726/.venv/lib/python3.13/site-packages/_pytest/config/__init__.py", line 253 in _console_main
    artifacts/grading-round4/test_all.log:344  [home_path] home-directory path  File "<home>/<tooling-home>/worktrees/searcher-regrade4-20260817-002726/.venv/bin/pytest", line 10 in <module>
    artifacts/grading-round4/test_all.log:344  [username] personal username  File "<home>/<tooling-home>/worktrees/searcher-regrade4-20260817-002726/.venv/bin/pytest", line 10 in <module>
    artifacts/grading-round4/test_all.log:350  [home_path] home-directory path  File "<home>/.local/share/uv/python/cpython-3.13.13-macos-aarch64-none/lib/python3.13/subprocess.py", line 1921 in _execute_child
    artifacts/grading-round4/test_all.log:350  [username] personal username  File "<home>/.local/share/uv/python/cpython-3.13.13-macos-aarch64-none/lib/python3.13/subprocess.py", line 1921 in _execute_child
    artifacts/grading-round4/test_all.log:351  [home_path] home-directory path  File "<home>/.local/share/uv/python/cpython-3.13.13-macos-aarch64-none/lib/python3.13/subprocess.py", line 1039 in __init__
    artifacts/grading-round4/test_all.log:351  [username] personal username  File "<home>/.local/share/uv/python/cpython-3.13.13-macos-aarch64-none/lib/python3.13/subprocess.py", line 1039 in __init__
    artifacts/grading-round4/test_all.log:352  [home_path] home-directory path  File "<home>/<tooling-home>/worktrees/searcher-regrade4-20260817-002726/tests/support/live_api.py", line 83 in live_api
    artifacts/grading-round4/test_all.log:352  [username] personal username  File "<home>/<tooling-home>/worktrees/searcher-regrade4-20260817-002726/tests/support/live_api.py", line 83 in live_api
    artifacts/grading-round4/test_all.log:353  [home_path] home-directory path  File "<home>/.local/share/uv/python/cpython-3.13.13-macos-aarch64-none/lib/python3.13/contextlib.py", line 141 in __enter__
    artifacts/grading-round4/test_all.log:353  [username] personal username  File "<home>/.local/share/uv/python/cpython-3.13.13-macos-aarch64-none/lib/python3.13/contextlib.py", line 141 in __enter__
    artifacts/grading-round4/test_all.log:354  [home_path] home-directory path  File "<home>/<tooling-home>/worktrees/searcher-regrade4-20260817-002726/tests/real_runtime/test_api_soak.py", line 70 in api
    artifacts/grading-round4/test_all.log:354  [username] personal username  File "<home>/<tooling-home>/worktrees/searcher-regrade4-20260817-002726/tests/real_runtime/test_api_soak.py", line 70 in api
    artifacts/grading-round4/test_all.log:355  [home_path] home-directory path  File "<home>/<tooling-home>/worktrees/searcher-regrade4-20260817-002726/.venv/lib/python3.13/site-packages/_pytest/fixtures.py", line 998 in call_fixture_func
    artifacts/grading-round4/test_all.log:355  [username] personal username  File "<home>/<tooling-home>/worktrees/searcher-regrade4-20260817-002726/.venv/lib/python3.13/site-packages/_pytest/fixtures.py", line 998 in call_fixture_func
    artifacts/grading-round4/test_all.log:356  [home_path] home-directory path  File "<home>/<tooling-home>/worktrees/searcher-regrade4-20260817-002726/.venv/lib/python3.13/site-packages/_pytest/fixtures.py", line 1328 in pytest_fixture_setup
    artifacts/grading-round4/test_all.log:356  [username] personal username  File "<home>/<tooling-home>/worktrees/searcher-regrade4-20260817-002726/.venv/lib/python3.13/site-packages/_pytest/fixtures.py", line 1328 in pytest_fixture_setup
    artifacts/grading-round4/test_all.log:357  [home_path] home-directory path  File "<home>/<tooling-home>/worktrees/searcher-regrade4-20260817-002726/.venv/lib/python3.13/site-packages/pluggy/_callers.py", line 121 in _multicall
    artifacts/grading-round4/test_all.log:357  [username] personal username  File "<home>/<tooling-home>/worktrees/searcher-regrade4-20260817-002726/.venv/lib/python3.13/site-packages/pluggy/_callers.py", line 121 in _multicall
    artifacts/grading-round4/test_all.log:358  [home_path] home-directory path  File "<home>/<tooling-home>/worktrees/searcher-regrade4-20260817-002726/.venv/lib/python3.13/site-packages/pluggy/_manager.py", line 120 in _hookexec
    artifacts/grading-round4/test_all.log:358  [username] personal username  File "<home>/<tooling-home>/worktrees/searcher-regrade4-20260817-002726/.venv/lib/python3.13/site-packages/pluggy/_manager.py", line 120 in _hookexec
    artifacts/grading-round4/test_all.log:359  [home_path] home-directory path  File "<home>/<tooling-home>/worktrees/searcher-regrade4-20260817-002726/.venv/lib/python3.13/site-packages/pluggy/_hooks.py", line 512 in __call__
    artifacts/grading-round4/test_all.log:359  [username] personal username  File "<home>/<tooling-home>/worktrees/searcher-regrade4-20260817-002726/.venv/lib/python3.13/site-packages/pluggy/_hooks.py", line 512 in __call__
    artifacts/grading-round4/test_all.log:360  [home_path] home-directory path  File "<home>/<tooling-home>/worktrees/searcher-regrade4-20260817-002726/.venv/lib/python3.13/site-packages/_pytest/fixtures.py", line 1232 in execute
    artifacts/grading-round4/test_all.log:360  [username] personal username  File "<home>/<tooling-home>/worktrees/searcher-regrade4-20260817-002726/.venv/lib/python3.13/site-packages/_pytest/fixtures.py", line 1232 in execute
    artifacts/grading-round4/test_all.log:361  [home_path] home-directory path  File "<home>/<tooling-home>/worktrees/searcher-regrade4-20260817-002726/.venv/lib/python3.13/site-packages/_pytest/fixtures.py", line 726 in _get_active_fixturedef
    artifacts/grading-round4/test_all.log:361  [username] personal username  File "<home>/<tooling-home>/worktrees/searcher-regrade4-20260817-002726/.venv/lib/python3.13/site-packages/_pytest/fixtures.py", line 726 in _get_active_fixturedef
    artifacts/grading-round4/test_all.log:362  [home_path] home-directory path  File "<home>/<tooling-home>/worktrees/searcher-regrade4-20260817-002726/.venv/lib/python3.13/site-packages/_pytest/fixtures.py", line 630 in getfixturevalue
    artifacts/grading-round4/test_all.log:362  [username] personal username  File "<home>/<tooling-home>/worktrees/searcher-regrade4-20260817-002726/.venv/lib/python3.13/site-packages/_pytest/fixtures.py", line 630 in getfixturevalue
    artifacts/grading-round4/test_all.log:363  [home_path] home-directory path  File "<home>/<tooling-home>/worktrees/searcher-regrade4-20260817-002726/.venv/lib/python3.13/site-packages/_pytest/fixtures.py", line 806 in _fillfixtures
    artifacts/grading-round4/test_all.log:363  [username] personal username  File "<home>/<tooling-home>/worktrees/searcher-regrade4-20260817-002726/.venv/lib/python3.13/site-packages/_pytest/fixtures.py", line 806 in _fillfixtures
    artifacts/grading-round4/test_all.log:364  [home_path] home-directory path  File "<home>/<tooling-home>/worktrees/searcher-regrade4-20260817-002726/.venv/lib/python3.13/site-packages/_pytest/python.py", line 1710 in setup
    artifacts/grading-round4/test_all.log:364  [username] personal username  File "<home>/<tooling-home>/worktrees/searcher-regrade4-20260817-002726/.venv/lib/python3.13/site-packages/_pytest/python.py", line 1710 in setup
    artifacts/grading-round4/test_all.log:365  [home_path] home-directory path  File "<home>/<tooling-home>/worktrees/searcher-regrade4-20260817-002726/.venv/lib/python3.13/site-packages/_pytest/runner.py", line 536 in setup
    artifacts/grading-round4/test_all.log:365  [username] personal username  File "<home>/<tooling-home>/worktrees/searcher-regrade4-20260817-002726/.venv/lib/python3.13/site-packages/_pytest/runner.py", line 536 in setup
    artifacts/grading-round4/test_all.log:366  [home_path] home-directory path  File "<home>/<tooling-home>/worktrees/searcher-regrade4-20260817-002726/.venv/lib/python3.13/site-packages/_pytest/runner.py", line 170 in pytest_runtest_setup
    artifacts/grading-round4/test_all.log:366  [username] personal username  File "<home>/<tooling-home>/worktrees/searcher-regrade4-20260817-002726/.venv/lib/python3.13/site-packages/_pytest/runner.py", line 170 in pytest_runtest_setup
    artifacts/grading-round4/test_all.log:367  [home_path] home-directory path  File "<home>/<tooling-home>/worktrees/searcher-regrade4-20260817-002726/.venv/lib/python3.13/site-packages/pluggy/_callers.py", line 121 in _multicall
    artifacts/grading-round4/test_all.log:367  [username] personal username  File "<home>/<tooling-home>/worktrees/searcher-regrade4-20260817-002726/.venv/lib/python3.13/site-packages/pluggy/_callers.py", line 121 in _multicall
    artifacts/grading-round4/test_all.log:368  [home_path] home-directory path  File "<home>/<tooling-home>/worktrees/searcher-regrade4-20260817-002726/.venv/lib/python3.13/site-packages/pluggy/_manager.py", line 120 in _hookexec
    artifacts/grading-round4/test_all.log:368  [username] personal username  File "<home>/<tooling-home>/worktrees/searcher-regrade4-20260817-002726/.venv/lib/python3.13/site-packages/pluggy/_manager.py", line 120 in _hookexec
    artifacts/grading-round4/test_all.log:369  [home_path] home-directory path  File "<home>/<tooling-home>/worktrees/searcher-regrade4-20260817-002726/.venv/lib/python3.13/site-packages/pluggy/_hooks.py", line 512 in __call__
    artifacts/grading-round4/test_all.log:369  [username] personal username  File "<home>/<tooling-home>/worktrees/searcher-regrade4-20260817-002726/.venv/lib/python3.13/site-packages/pluggy/_hooks.py", line 512 in __call__
    artifacts/grading-round4/test_all.log:370  [home_path] home-directory path  File "<home>/<tooling-home>/worktrees/searcher-regrade4-20260817-002726/.venv/lib/python3.13/site-packages/_pytest/runner.py", line 250 in <lambda>
    artifacts/grading-round4/test_all.log:370  [username] personal username  File "<home>/<tooling-home>/worktrees/searcher-regrade4-20260817-002726/.venv/lib/python3.13/site-packages/_pytest/runner.py", line 250 in <lambda>
    artifacts/grading-round4/test_all.log:371  [home_path] home-directory path  File "<home>/<tooling-home>/worktrees/searcher-regrade4-20260817-002726/.venv/lib/python3.13/site-packages/_pytest/runner.py", line 361 in from_call
    artifacts/grading-round4/test_all.log:371  [username] personal username  File "<home>/<tooling-home>/worktrees/searcher-regrade4-20260817-002726/.venv/lib/python3.13/site-packages/_pytest/runner.py", line 361 in from_call
    artifacts/grading-round4/test_all.log:372  [home_path] home-directory path  File "<home>/<tooling-home>/worktrees/searcher-regrade4-20260817-002726/.venv/lib/python3.13/site-packages/_pytest/runner.py", line 249 in call_and_report
    artifacts/grading-round4/test_all.log:372  [username] personal username  File "<home>/<tooling-home>/worktrees/searcher-regrade4-20260817-002726/.venv/lib/python3.13/site-packages/_pytest/runner.py", line 249 in call_and_report
    artifacts/grading-round4/test_all.log:373  [home_path] home-directory path  File "<home>/<tooling-home>/worktrees/searcher-regrade4-20260817-002726/.venv/lib/python3.13/site-packages/_pytest/runner.py", line 132 in runtestprotocol
    artifacts/grading-round4/test_all.log:373  [username] personal username  File "<home>/<tooling-home>/worktrees/searcher-regrade4-20260817-002726/.venv/lib/python3.13/site-packages/_pytest/runner.py", line 132 in runtestprotocol
    artifacts/grading-round4/test_all.log:374  [home_path] home-directory path  File "<home>/<tooling-home>/worktrees/searcher-regrade4-20260817-002726/.venv/lib/python3.13/site-packages/_pytest/runner.py", line 118 in pytest_runtest_protocol
    artifacts/grading-round4/test_all.log:374  [username] personal username  File "<home>/<tooling-home>/worktrees/searcher-regrade4-20260817-002726/.venv/lib/python3.13/site-packages/_pytest/runner.py", line 118 in pytest_runtest_protocol
    artifacts/grading-round4/test_all.log:375  [home_path] home-directory path  File "<home>/<tooling-home>/worktrees/searcher-regrade4-20260817-002726/.venv/lib/python3.13/site-packages/pluggy/_callers.py", line 121 in _multicall
    artifacts/grading-round4/test_all.log:375  [username] personal username  File "<home>/<tooling-home>/worktrees/searcher-regrade4-20260817-002726/.venv/lib/python3.13/site-packages/pluggy/_callers.py", line 121 in _multicall
    artifacts/grading-round4/test_all.log:376  [home_path] home-directory path  File "<home>/<tooling-home>/worktrees/searcher-regrade4-20260817-002726/.venv/lib/python3.13/site-packages/pluggy/_manager.py", line 120 in _hookexec
    artifacts/grading-round4/test_all.log:376  [username] personal username  File "<home>/<tooling-home>/worktrees/searcher-regrade4-20260817-002726/.venv/lib/python3.13/site-packages/pluggy/_manager.py", line 120 in _hookexec
    artifacts/grading-round4/test_all.log:377  [home_path] home-directory path  File "<home>/<tooling-home>/worktrees/searcher-regrade4-20260817-002726/.venv/lib/python3.13/site-packages/pluggy/_hooks.py", line 512 in __call__
    artifacts/grading-round4/test_all.log:377  [username] personal username  File "<home>/<tooling-home>/worktrees/searcher-regrade4-20260817-002726/.venv/lib/python3.13/site-packages/pluggy/_hooks.py", line 512 in __call__
    artifacts/grading-round4/test_all.log:378  [home_path] home-directory path  File "<home>/<tooling-home>/worktrees/searcher-regrade4-20260817-002726/.venv/lib/python3.13/site-packages/_pytest/main.py", line 408 in pytest_runtestloop
    artifacts/grading-round4/test_all.log:378  [username] personal username  File "<home>/<tooling-home>/worktrees/searcher-regrade4-20260817-002726/.venv/lib/python3.13/site-packages/_pytest/main.py", line 408 in pytest_runtestloop
    artifacts/grading-round4/test_all.log:379  [home_path] home-directory path  File "<home>/<tooling-home>/worktrees/searcher-regrade4-20260817-002726/.venv/lib/python3.13/site-packages/pluggy/_callers.py", line 121 in _multicall
    artifacts/grading-round4/test_all.log:379  [username] personal username  File "<home>/<tooling-home>/worktrees/searcher-regrade4-20260817-002726/.venv/lib/python3.13/site-packages/pluggy/_callers.py", line 121 in _multicall
    artifacts/grading-round4/test_all.log:380  [home_path] home-directory path  File "<home>/<tooling-home>/worktrees/searcher-regrade4-20260817-002726/.venv/lib/python3.13/site-packages/pluggy/_manager.py", line 120 in _hookexec
    artifacts/grading-round4/test_all.log:380  [username] personal username  File "<home>/<tooling-home>/worktrees/searcher-regrade4-20260817-002726/.venv/lib/python3.13/site-packages/pluggy/_manager.py", line 120 in _hookexec
    artifacts/grading-round4/test_all.log:381  [home_path] home-directory path  File "<home>/<tooling-home>/worktrees/searcher-regrade4-20260817-002726/.venv/lib/python3.13/site-packages/pluggy/_hooks.py", line 512 in __call__
    artifacts/grading-round4/test_all.log:381  [username] personal username  File "<home>/<tooling-home>/worktrees/searcher-regrade4-20260817-002726/.venv/lib/python3.13/site-packages/pluggy/_hooks.py", line 512 in __call__
    artifacts/grading-round4/test_all.log:382  [home_path] home-directory path  File "<home>/<tooling-home>/worktrees/searcher-regrade4-20260817-002726/.venv/lib/python3.13/site-packages/_pytest/main.py", line 384 in _main
    artifacts/grading-round4/test_all.log:382  [username] personal username  File "<home>/<tooling-home>/worktrees/searcher-regrade4-20260817-002726/.venv/lib/python3.13/site-packages/_pytest/main.py", line 384 in _main
    artifacts/grading-round4/test_all.log:383  [home_path] home-directory path  File "<home>/<tooling-home>/worktrees/searcher-regrade4-20260817-002726/.venv/lib/python3.13/site-packages/_pytest/main.py", line 330 in wrap_session
    artifacts/grading-round4/test_all.log:383  [username] personal username  File "<home>/<tooling-home>/worktrees/searcher-regrade4-20260817-002726/.venv/lib/python3.13/site-packages/_pytest/main.py", line 330 in wrap_session
    artifacts/grading-round4/test_all.log:384  [home_path] home-directory path  File "<home>/<tooling-home>/worktrees/searcher-regrade4-20260817-002726/.venv/lib/python3.13/site-packages/_pytest/main.py", line 377 in pytest_cmdline_main
    artifacts/grading-round4/test_all.log:384  [username] personal username  File "<home>/<tooling-home>/worktrees/searcher-regrade4-20260817-002726/.venv/lib/python3.13/site-packages/_pytest/main.py", line 377 in pytest_cmdline_main
    artifacts/grading-round4/test_all.log:385  [home_path] home-directory path  File "<home>/<tooling-home>/worktrees/searcher-regrade4-20260817-002726/.venv/lib/python3.13/site-packages/pluggy/_callers.py", line 121 in _multicall
    artifacts/grading-round4/test_all.log:385  [username] personal username  File "<home>/<tooling-home>/worktrees/searcher-regrade4-20260817-002726/.venv/lib/python3.13/site-packages/pluggy/_callers.py", line 121 in _multicall
    artifacts/grading-round4/test_all.log:386  [home_path] home-directory path  File "<home>/<tooling-home>/worktrees/searcher-regrade4-20260817-002726/.venv/lib/python3.13/site-packages/pluggy/_manager.py", line 120 in _hookexec
    artifacts/grading-round4/test_all.log:386  [username] personal username  File "<home>/<tooling-home>/worktrees/searcher-regrade4-20260817-002726/.venv/lib/python3.13/site-packages/pluggy/_manager.py", line 120 in _hookexec
    artifacts/grading-round4/test_all.log:387  [home_path] home-directory path  File "<home>/<tooling-home>/worktrees/searcher-regrade4-20260817-002726/.venv/lib/python3.13/site-packages/pluggy/_hooks.py", line 512 in __call__
    artifacts/grading-round4/test_all.log:387  [username] personal username  File "<home>/<tooling-home>/worktrees/searcher-regrade4-20260817-002726/.venv/lib/python3.13/site-packages/pluggy/_hooks.py", line 512 in __call__
    artifacts/grading-round4/test_all.log:388  [home_path] home-directory path  File "<home>/<tooling-home>/worktrees/searcher-regrade4-20260817-002726/.venv/lib/python3.13/site-packages/_pytest/config/__init__.py", line 229 in _main
    artifacts/grading-round4/test_all.log:388  [username] personal username  File "<home>/<tooling-home>/worktrees/searcher-regrade4-20260817-002726/.venv/lib/python3.13/site-packages/_pytest/config/__init__.py", line 229 in _main
    artifacts/grading-round4/test_all.log:389  [home_path] home-directory path  File "<home>/<tooling-home>/worktrees/searcher-regrade4-20260817-002726/.venv/lib/python3.13/site-packages/_pytest/config/__init__.py", line 253 in _console_main
    artifacts/grading-round4/test_all.log:389  [username] personal username  File "<home>/<tooling-home>/worktrees/searcher-regrade4-20260817-002726/.venv/lib/python3.13/site-packages/_pytest/config/__init__.py", line 253 in _console_main
    artifacts/grading-round4/test_all.log:390  [home_path] home-directory path  File "<home>/<tooling-home>/worktrees/searcher-regrade4-20260817-002726/.venv/bin/pytest", line 10 in <module>
    artifacts/grading-round4/test_all.log:390  [username] personal username  File "<home>/<tooling-home>/worktrees/searcher-regrade4-20260817-002726/.venv/bin/pytest", line 10 in <module>
    artifacts/grading-round4/test_all.log:396  [home_path] home-directory path  File "<home>/.local/share/uv/python/cpython-3.13.13-macos-aarch64-none/lib/python3.13/subprocess.py", line 1921 in _execute_child
    artifacts/grading-round4/test_all.log:396  [username] personal username  File "<home>/.local/share/uv/python/cpython-3.13.13-macos-aarch64-none/lib/python3.13/subprocess.py", line 1921 in _execute_child
    artifacts/grading-round4/test_all.log:397  [home_path] home-directory path  File "<home>/.local/share/uv/python/cpython-3.13.13-macos-aarch64-none/lib/python3.13/subprocess.py", line 1039 in __init__
    artifacts/grading-round4/test_all.log:397  [username] personal username  File "<home>/.local/share/uv/python/cpython-3.13.13-macos-aarch64-none/lib/python3.13/subprocess.py", line 1039 in __init__
    artifacts/grading-round4/test_all.log:398  [home_path] home-directory path  File "<home>/.local/share/uv/python/cpython-3.13.13-macos-aarch64-none/lib/python3.13/subprocess.py", line 554 in run
    artifacts/grading-round4/test_all.log:398  [username] personal username  File "<home>/.local/share/uv/python/cpython-3.13.13-macos-aarch64-none/lib/python3.13/subprocess.py", line 554 in run
    artifacts/grading-round4/test_all.log:399  [home_path] home-directory path  File "<home>/<tooling-home>/worktrees/searcher-regrade4-20260817-002726/src/searcher/sources/browser.py", line 138 in chromium_pids
    artifacts/grading-round4/test_all.log:399  [username] personal username  File "<home>/<tooling-home>/worktrees/searcher-regrade4-20260817-002726/src/searcher/sources/browser.py", line 138 in chromium_pids
    artifacts/grading-round4/test_all.log:400  [home_path] home-directory path  File "<home>/<tooling-home>/worktrees/searcher-regrade4-20260817-002726/tests/real_runtime/test_browser_close_on_raise.py", line 12 in test_browser_pool_reaps_after_failed_navigation
    artifacts/grading-round4/test_all.log:400  [username] personal username  File "<home>/<tooling-home>/worktrees/searcher-regrade4-20260817-002726/tests/real_runtime/test_browser_close_on_raise.py", line 12 in test_browser_pool_reaps_after_failed_navigation
    artifacts/grading-round4/test_all.log:401  [home_path] home-directory path  File "<home>/<tooling-home>/worktrees/searcher-regrade4-20260817-002726/.venv/lib/python3.13/site-packages/_pytest/python.py", line 167 in pytest_pyfunc_call
    artifacts/grading-round4/test_all.log:401  [username] personal username  File "<home>/<tooling-home>/worktrees/searcher-regrade4-20260817-002726/.venv/lib/python3.13/site-packages/_pytest/python.py", line 167 in pytest_pyfunc_call
    artifacts/grading-round4/test_all.log:402  [home_path] home-directory path  File "<home>/<tooling-home>/worktrees/searcher-regrade4-20260817-002726/.venv/lib/python3.13/site-packages/pluggy/_callers.py", line 121 in _multicall
    artifacts/grading-round4/test_all.log:402  [username] personal username  File "<home>/<tooling-home>/worktrees/searcher-regrade4-20260817-002726/.venv/lib/python3.13/site-packages/pluggy/_callers.py", line 121 in _multicall
    artifacts/grading-round4/test_all.log:403  [home_path] home-directory path  File "<home>/<tooling-home>/worktrees/searcher-regrade4-20260817-002726/.venv/lib/python3.13/site-packages/pluggy/_manager.py", line 120 in _hookexec
    artifacts/grading-round4/test_all.log:403  [username] personal username  File "<home>/<tooling-home>/worktrees/searcher-regrade4-20260817-002726/.venv/lib/python3.13/site-packages/pluggy/_manager.py", line 120 in _hookexec
    artifacts/grading-round4/test_all.log:404  [home_path] home-directory path  File "<home>/<tooling-home>/worktrees/searcher-regrade4-20260817-002726/.venv/lib/python3.13/site-packages/pluggy/_hooks.py", line 512 in __call__
    artifacts/grading-round4/test_all.log:404  [username] personal username  File "<home>/<tooling-home>/worktrees/searcher-regrade4-20260817-002726/.venv/lib/python3.13/site-packages/pluggy/_hooks.py", line 512 in __call__
    artifacts/grading-round4/test_all.log:405  [home_path] home-directory path  File "<home>/<tooling-home>/worktrees/searcher-regrade4-20260817-002726/.venv/lib/python3.13/site-packages/_pytest/python.py", line 1707 in runtest
    artifacts/grading-round4/test_all.log:405  [username] personal username  File "<home>/<tooling-home>/worktrees/searcher-regrade4-20260817-002726/.venv/lib/python3.13/site-packages/_pytest/python.py", line 1707 in runtest
    artifacts/grading-round4/test_all.log:406  [home_path] home-directory path  File "<home>/<tooling-home>/worktrees/searcher-regrade4-20260817-002726/.venv/lib/python3.13/site-packages/_pytest/runner.py", line 184 in pytest_runtest_call
    artifacts/grading-round4/test_all.log:406  [username] personal username  File "<home>/<tooling-home>/worktrees/searcher-regrade4-20260817-002726/.venv/lib/python3.13/site-packages/_pytest/runner.py", line 184 in pytest_runtest_call
    artifacts/grading-round4/test_all.log:407  [home_path] home-directory path  File "<home>/<tooling-home>/worktrees/searcher-regrade4-20260817-002726/.venv/lib/python3.13/site-packages/pluggy/_callers.py", line 121 in _multicall
    artifacts/grading-round4/test_all.log:407  [username] personal username  File "<home>/<tooling-home>/worktrees/searcher-regrade4-20260817-002726/.venv/lib/python3.13/site-packages/pluggy/_callers.py", line 121 in _multicall
    artifacts/grading-round4/test_all.log:408  [home_path] home-directory path  File "<home>/<tooling-home>/worktrees/searcher-regrade4-20260817-002726/.venv/lib/python3.13/site-packages/pluggy/_manager.py", line 120 in _hookexec
    artifacts/grading-round4/test_all.log:408  [username] personal username  File "<home>/<tooling-home>/worktrees/searcher-regrade4-20260817-002726/.venv/lib/python3.13/site-packages/pluggy/_manager.py", line 120 in _hookexec
    artifacts/grading-round4/test_all.log:409  [home_path] home-directory path  File "<home>/<tooling-home>/worktrees/searcher-regrade4-20260817-002726/.venv/lib/python3.13/site-packages/pluggy/_hooks.py", line 512 in __call__
    artifacts/grading-round4/test_all.log:409  [username] personal username  File "<home>/<tooling-home>/worktrees/searcher-regrade4-20260817-002726/.venv/lib/python3.13/site-packages/pluggy/_hooks.py", line 512 in __call__
    artifacts/grading-round4/test_all.log:410  [home_path] home-directory path  File "<home>/<tooling-home>/worktrees/searcher-regrade4-20260817-002726/.venv/lib/python3.13/site-packages/_pytest/runner.py", line 250 in <lambda>
    artifacts/grading-round4/test_all.log:410  [username] personal username  File "<home>/<tooling-home>/worktrees/searcher-regrade4-20260817-002726/.venv/lib/python3.13/site-packages/_pytest/runner.py", line 250 in <lambda>
    artifacts/grading-round4/test_all.log:411  [home_path] home-directory path  File "<home>/<tooling-home>/worktrees/searcher-regrade4-20260817-002726/.venv/lib/python3.13/site-packages/_pytest/runner.py", line 361 in from_call
    artifacts/grading-round4/test_all.log:411  [username] personal username  File "<home>/<tooling-home>/worktrees/searcher-regrade4-20260817-002726/.venv/lib/python3.13/site-packages/_pytest/runner.py", line 361 in from_call
    artifacts/grading-round4/test_all.log:412  [home_path] home-directory path  File "<home>/<tooling-home>/worktrees/searcher-regrade4-20260817-002726/.venv/lib/python3.13/site-packages/_pytest/runner.py", line 249 in call_and_report
    artifacts/grading-round4/test_all.log:412  [username] personal username  File "<home>/<tooling-home>/worktrees/searcher-regrade4-20260817-002726/.venv/lib/python3.13/site-packages/_pytest/runner.py", line 249 in call_and_report
    artifacts/grading-round4/test_all.log:413  [home_path] home-directory path  File "<home>/<tooling-home>/worktrees/searcher-regrade4-20260817-002726/.venv/lib/python3.13/site-packages/_pytest/runner.py", line 139 in runtestprotocol
    artifacts/grading-round4/test_all.log:413  [username] personal username  File "<home>/<tooling-home>/worktrees/searcher-regrade4-20260817-002726/.venv/lib/python3.13/site-packages/_pytest/runner.py", line 139 in runtestprotocol
    artifacts/grading-round4/test_all.log:414  [home_path] home-directory path  File "<home>/<tooling-home>/worktrees/searcher-regrade4-20260817-002726/.venv/lib/python3.13/site-packages/_pytest/runner.py", line 118 in pytest_runtest_protocol
    artifacts/grading-round4/test_all.log:414  [username] personal username  File "<home>/<tooling-home>/worktrees/searcher-regrade4-20260817-002726/.venv/lib/python3.13/site-packages/_pytest/runner.py", line 118 in pytest_runtest_protocol
    artifacts/grading-round4/test_all.log:415  [home_path] home-directory path  File "<home>/<tooling-home>/worktrees/searcher-regrade4-20260817-002726/.venv/lib/python3.13/site-packages/pluggy/_callers.py", line 121 in _multicall
    artifacts/grading-round4/test_all.log:415  [username] personal username  File "<home>/<tooling-home>/worktrees/searcher-regrade4-20260817-002726/.venv/lib/python3.13/site-packages/pluggy/_callers.py", line 121 in _multicall
    artifacts/grading-round4/test_all.log:416  [home_path] home-directory path  File "<home>/<tooling-home>/worktrees/searcher-regrade4-20260817-002726/.venv/lib/python3.13/site-packages/pluggy/_manager.py", line 120 in _hookexec
    artifacts/grading-round4/test_all.log:416  [username] personal username  File "<home>/<tooling-home>/worktrees/searcher-regrade4-20260817-002726/.venv/lib/python3.13/site-packages/pluggy/_manager.py", line 120 in _hookexec
    artifacts/grading-round4/test_all.log:417  [home_path] home-directory path  File "<home>/<tooling-home>/worktrees/searcher-regrade4-20260817-002726/.venv/lib/python3.13/site-packages/pluggy/_hooks.py", line 512 in __call__
    artifacts/grading-round4/test_all.log:417  [username] personal username  File "<home>/<tooling-home>/worktrees/searcher-regrade4-20260817-002726/.venv/lib/python3.13/site-packages/pluggy/_hooks.py", line 512 in __call__
    artifacts/grading-round4/test_all.log:418  [home_path] home-directory path  File "<home>/<tooling-home>/worktrees/searcher-regrade4-20260817-002726/.venv/lib/python3.13/site-packages/_pytest/main.py", line 408 in pytest_runtestloop
    artifacts/grading-round4/test_all.log:418  [username] personal username  File "<home>/<tooling-home>/worktrees/searcher-regrade4-20260817-002726/.venv/lib/python3.13/site-packages/_pytest/main.py", line 408 in pytest_runtestloop
    artifacts/grading-round4/test_all.log:419  [home_path] home-directory path  File "<home>/<tooling-home>/worktrees/searcher-regrade4-20260817-002726/.venv/lib/python3.13/site-packages/pluggy/_callers.py", line 121 in _multicall
    artifacts/grading-round4/test_all.log:419  [username] personal username  File "<home>/<tooling-home>/worktrees/searcher-regrade4-20260817-002726/.venv/lib/python3.13/site-packages/pluggy/_callers.py", line 121 in _multicall
    artifacts/grading-round4/test_all.log:420  [home_path] home-directory path  File "<home>/<tooling-home>/worktrees/searcher-regrade4-20260817-002726/.venv/lib/python3.13/site-packages/pluggy/_manager.py", line 120 in _hookexec
    artifacts/grading-round4/test_all.log:420  [username] personal username  File "<home>/<tooling-home>/worktrees/searcher-regrade4-20260817-002726/.venv/lib/python3.13/site-packages/pluggy/_manager.py", line 120 in _hookexec
    artifacts/grading-round4/test_all.log:421  [home_path] home-directory path  File "<home>/<tooling-home>/worktrees/searcher-regrade4-20260817-002726/.venv/lib/python3.13/site-packages/pluggy/_hooks.py", line 512 in __call__
    artifacts/grading-round4/test_all.log:421  [username] personal username  File "<home>/<tooling-home>/worktrees/searcher-regrade4-20260817-002726/.venv/lib/python3.13/site-packages/pluggy/_hooks.py", line 512 in __call__
    artifacts/grading-round4/test_all.log:422  [home_path] home-directory path  File "<home>/<tooling-home>/worktrees/searcher-regrade4-20260817-002726/.venv/lib/python3.13/site-packages/_pytest/main.py", line 384 in _main
    artifacts/grading-round4/test_all.log:422  [username] personal username  File "<home>/<tooling-home>/worktrees/searcher-regrade4-20260817-002726/.venv/lib/python3.13/site-packages/_pytest/main.py", line 384 in _main
    artifacts/grading-round4/test_all.log:423  [home_path] home-directory path  File "<home>/<tooling-home>/worktrees/searcher-regrade4-20260817-002726/.venv/lib/python3.13/site-packages/_pytest/main.py", line 330 in wrap_session
    artifacts/grading-round4/test_all.log:423  [username] personal username  File "<home>/<tooling-home>/worktrees/searcher-regrade4-20260817-002726/.venv/lib/python3.13/site-packages/_pytest/main.py", line 330 in wrap_session
    artifacts/grading-round4/test_all.log:424  [home_path] home-directory path  File "<home>/<tooling-home>/worktrees/searcher-regrade4-20260817-002726/.venv/lib/python3.13/site-packages/_pytest/main.py", line 377 in pytest_cmdline_main
    artifacts/grading-round4/test_all.log:424  [username] personal username  File "<home>/<tooling-home>/worktrees/searcher-regrade4-20260817-002726/.venv/lib/python3.13/site-packages/_pytest/main.py", line 377 in pytest_cmdline_main
    artifacts/grading-round4/test_all.log:425  [home_path] home-directory path  File "<home>/<tooling-home>/worktrees/searcher-regrade4-20260817-002726/.venv/lib/python3.13/site-packages/pluggy/_callers.py", line 121 in _multicall
    artifacts/grading-round4/test_all.log:425  [username] personal username  File "<home>/<tooling-home>/worktrees/searcher-regrade4-20260817-002726/.venv/lib/python3.13/site-packages/pluggy/_callers.py", line 121 in _multicall
    artifacts/grading-round4/test_all.log:426  [home_path] home-directory path  File "<home>/<tooling-home>/worktrees/searcher-regrade4-20260817-002726/.venv/lib/python3.13/site-packages/pluggy/_manager.py", line 120 in _hookexec
    artifacts/grading-round4/test_all.log:426  [username] personal username  File "<home>/<tooling-home>/worktrees/searcher-regrade4-20260817-002726/.venv/lib/python3.13/site-packages/pluggy/_manager.py", line 120 in _hookexec
    artifacts/grading-round4/test_all.log:427  [home_path] home-directory path  File "<home>/<tooling-home>/worktrees/searcher-regrade4-20260817-002726/.venv/lib/python3.13/site-packages/pluggy/_hooks.py", line 512 in __call__
    artifacts/grading-round4/test_all.log:427  [username] personal username  File "<home>/<tooling-home>/worktrees/searcher-regrade4-20260817-002726/.venv/lib/python3.13/site-packages/pluggy/_hooks.py", line 512 in __call__
    artifacts/grading-round4/test_all.log:428  [home_path] home-directory path  File "<home>/<tooling-home>/worktrees/searcher-regrade4-20260817-002726/.venv/lib/python3.13/site-packages/_pytest/config/__init__.py", line 229 in _main
    artifacts/grading-round4/test_all.log:428  [username] personal username  File "<home>/<tooling-home>/worktrees/searcher-regrade4-20260817-002726/.venv/lib/python3.13/site-packages/_pytest/config/__init__.py", line 229 in _main
    artifacts/grading-round4/test_all.log:429  [home_path] home-directory path  File "<home>/<tooling-home>/worktrees/searcher-regrade4-20260817-002726/.venv/lib/python3.13/site-packages/_pytest/config/__init__.py", line 253 in _console_main
    artifacts/grading-round4/test_all.log:429  [username] personal username  File "<home>/<tooling-home>/worktrees/searcher-regrade4-20260817-002726/.venv/lib/python3.13/site-packages/_pytest/config/__init__.py", line 253 in _console_main
    artifacts/grading-round4/test_all.log:430  [home_path] home-directory path  File "<home>/<tooling-home>/worktrees/searcher-regrade4-20260817-002726/.venv/bin/pytest", line 10 in <module>
    artifacts/grading-round4/test_all.log:430  [username] personal username  File "<home>/<tooling-home>/worktrees/searcher-regrade4-20260817-002726/.venv/bin/pytest", line 10 in <module>
    artifacts/grading-round4/test_all.log:436  [home_path] home-directory path  File "<home>/.local/share/uv/python/cpython-3.13.13-macos-aarch64-none/lib/python3.13/subprocess.py", line 1921 in _execute_child
    artifacts/grading-round4/test_all.log:436  [username] personal username  File "<home>/.local/share/uv/python/cpython-3.13.13-macos-aarch64-none/lib/python3.13/subprocess.py", line 1921 in _execute_child
    artifacts/grading-round4/test_all.log:437  [home_path] home-directory path  File "<home>/.local/share/uv/python/cpython-3.13.13-macos-aarch64-none/lib/python3.13/subprocess.py", line 1039 in __init__
    artifacts/grading-round4/test_all.log:437  [username] personal username  File "<home>/.local/share/uv/python/cpython-3.13.13-macos-aarch64-none/lib/python3.13/subprocess.py", line 1039 in __init__
    artifacts/grading-round4/test_all.log:438  [home_path] home-directory path  File "<home>/.local/share/uv/python/cpython-3.13.13-macos-aarch64-none/lib/python3.13/subprocess.py", line 554 in run
    artifacts/grading-round4/test_all.log:438  [username] personal username  File "<home>/.local/share/uv/python/cpython-3.13.13-macos-aarch64-none/lib/python3.13/subprocess.py", line 554 in run
    artifacts/grading-round4/test_all.log:439  [home_path] home-directory path  File "<home>/<tooling-home>/worktrees/searcher-regrade4-20260817-002726/src/searcher/sources/browser.py", line 138 in chromium_pids
    artifacts/grading-round4/test_all.log:439  [username] personal username  File "<home>/<tooling-home>/worktrees/searcher-regrade4-20260817-002726/src/searcher/sources/browser.py", line 138 in chromium_pids
    artifacts/grading-round4/test_all.log:440  [home_path] home-directory path  File "<home>/<tooling-home>/worktrees/searcher-regrade4-20260817-002726/tests/real_runtime/test_browser_close_on_raise.py", line 25 in test_browser_pool_reaps_after_failed_navigation
    artifacts/grading-round4/test_all.log:440  [username] personal username  File "<home>/<tooling-home>/worktrees/searcher-regrade4-20260817-002726/tests/real_runtime/test_browser_close_on_raise.py", line 25 in test_browser_pool_reaps_after_failed_navigation
    artifacts/grading-round4/test_all.log:441  [home_path] home-directory path  File "<home>/<tooling-home>/worktrees/searcher-regrade4-20260817-002726/.venv/lib/python3.13/site-packages/_pytest/python.py", line 167 in pytest_pyfunc_call
    artifacts/grading-round4/test_all.log:441  [username] personal username  File "<home>/<tooling-home>/worktrees/searcher-regrade4-20260817-002726/.venv/lib/python3.13/site-packages/_pytest/python.py", line 167 in pytest_pyfunc_call
    artifacts/grading-round4/test_all.log:442  [home_path] home-directory path  File "<home>/<tooling-home>/worktrees/searcher-regrade4-20260817-002726/.venv/lib/python3.13/site-packages/pluggy/_callers.py", line 121 in _multicall
    artifacts/grading-round4/test_all.log:442  [username] personal username  File "<home>/<tooling-home>/worktrees/searcher-regrade4-20260817-002726/.venv/lib/python3.13/site-packages/pluggy/_callers.py", line 121 in _multicall
    artifacts/grading-round4/test_all.log:443  [home_path] home-directory path  File "<home>/<tooling-home>/worktrees/searcher-regrade4-20260817-002726/.venv/lib/python3.13/site-packages/pluggy/_manager.py", line 120 in _hookexec
    artifacts/grading-round4/test_all.log:443  [username] personal username  File "<home>/<tooling-home>/worktrees/searcher-regrade4-20260817-002726/.venv/lib/python3.13/site-packages/pluggy/_manager.py", line 120 in _hookexec
    artifacts/grading-round4/test_all.log:444  [home_path] home-directory path  File "<home>/<tooling-home>/worktrees/searcher-regrade4-20260817-002726/.venv/lib/python3.13/site-packages/pluggy/_hooks.py", line 512 in __call__
    artifacts/grading-round4/test_all.log:444  [username] personal username  File "<home>/<tooling-home>/worktrees/searcher-regrade4-20260817-002726/.venv/lib/python3.13/site-packages/pluggy/_hooks.py", line 512 in __call__
    artifacts/grading-round4/test_all.log:445  [home_path] home-directory path  File "<home>/<tooling-home>/worktrees/searcher-regrade4-20260817-002726/.venv/lib/python3.13/site-packages/_pytest/python.py", line 1707 in runtest
    artifacts/grading-round4/test_all.log:445  [username] personal username  File "<home>/<tooling-home>/worktrees/searcher-regrade4-20260817-002726/.venv/lib/python3.13/site-packages/_pytest/python.py", line 1707 in runtest
    artifacts/grading-round4/test_all.log:446  [home_path] home-directory path  File "<home>/<tooling-home>/worktrees/searcher-regrade4-20260817-002726/.venv/lib/python3.13/site-packages/_pytest/runner.py", line 184 in pytest_runtest_call
    artifacts/grading-round4/test_all.log:446  [username] personal username  File "<home>/<tooling-home>/worktrees/searcher-regrade4-20260817-002726/.venv/lib/python3.13/site-packages/_pytest/runner.py", line 184 in pytest_runtest_call
    artifacts/grading-round4/test_all.log:447  [home_path] home-directory path  File "<home>/<tooling-home>/worktrees/searcher-regrade4-20260817-002726/.venv/lib/python3.13/site-packages/pluggy/_callers.py", line 121 in _multicall
    artifacts/grading-round4/test_all.log:447  [username] personal username  File "<home>/<tooling-home>/worktrees/searcher-regrade4-20260817-002726/.venv/lib/python3.13/site-packages/pluggy/_callers.py", line 121 in _multicall
    artifacts/grading-round4/test_all.log:448  [home_path] home-directory path  File "<home>/<tooling-home>/worktrees/searcher-regrade4-20260817-002726/.venv/lib/python3.13/site-packages/pluggy/_manager.py", line 120 in _hookexec
    artifacts/grading-round4/test_all.log:448  [username] personal username  File "<home>/<tooling-home>/worktrees/searcher-regrade4-20260817-002726/.venv/lib/python3.13/site-packages/pluggy/_manager.py", line 120 in _hookexec
    artifacts/grading-round4/test_all.log:449  [home_path] home-directory path  File "<home>/<tooling-home>/worktrees/searcher-regrade4-20260817-002726/.venv/lib/python3.13/site-packages/pluggy/_hooks.py", line 512 in __call__
    artifacts/grading-round4/test_all.log:449  [username] personal username  File "<home>/<tooling-home>/worktrees/searcher-regrade4-20260817-002726/.venv/lib/python3.13/site-packages/pluggy/_hooks.py", line 512 in __call__
    artifacts/grading-round4/test_all.log:450  [home_path] home-directory path  File "<home>/<tooling-home>/worktrees/searcher-regrade4-20260817-002726/.venv/lib/python3.13/site-packages/_pytest/runner.py", line 250 in <lambda>
    artifacts/grading-round4/test_all.log:450  [username] personal username  File "<home>/<tooling-home>/worktrees/searcher-regrade4-20260817-002726/.venv/lib/python3.13/site-packages/_pytest/runner.py", line 250 in <lambda>
    artifacts/grading-round4/test_all.log:451  [home_path] home-directory path  File "<home>/<tooling-home>/worktrees/searcher-regrade4-20260817-002726/.venv/lib/python3.13/site-packages/_pytest/runner.py", line 361 in from_call
    artifacts/grading-round4/test_all.log:451  [username] personal username  File "<home>/<tooling-home>/worktrees/searcher-regrade4-20260817-002726/.venv/lib/python3.13/site-packages/_pytest/runner.py", line 361 in from_call
    artifacts/grading-round4/test_all.log:452  [home_path] home-directory path  File "<home>/<tooling-home>/worktrees/searcher-regrade4-20260817-002726/.venv/lib/python3.13/site-packages/_pytest/runner.py", line 249 in call_and_report
    artifacts/grading-round4/test_all.log:452  [username] personal username  File "<home>/<tooling-home>/worktrees/searcher-regrade4-20260817-002726/.venv/lib/python3.13/site-packages/_pytest/runner.py", line 249 in call_and_report
    artifacts/grading-round4/test_all.log:453  [home_path] home-directory path  File "<home>/<tooling-home>/worktrees/searcher-regrade4-20260817-002726/.venv/lib/python3.13/site-packages/_pytest/runner.py", line 139 in runtestprotocol
    artifacts/grading-round4/test_all.log:453  [username] personal username  File "<home>/<tooling-home>/worktrees/searcher-regrade4-20260817-002726/.venv/lib/python3.13/site-packages/_pytest/runner.py", line 139 in runtestprotocol
    artifacts/grading-round4/test_all.log:454  [home_path] home-directory path  File "<home>/<tooling-home>/worktrees/searcher-regrade4-20260817-002726/.venv/lib/python3.13/site-packages/_pytest/runner.py", line 118 in pytest_runtest_protocol
    artifacts/grading-round4/test_all.log:454  [username] personal username  File "<home>/<tooling-home>/worktrees/searcher-regrade4-20260817-002726/.venv/lib/python3.13/site-packages/_pytest/runner.py", line 118 in pytest_runtest_protocol
    artifacts/grading-round4/test_all.log:455  [home_path] home-directory path  File "<home>/<tooling-home>/worktrees/searcher-regrade4-20260817-002726/.venv/lib/python3.13/site-packages/pluggy/_callers.py", line 121 in _multicall
    artifacts/grading-round4/test_all.log:455  [username] personal username  File "<home>/<tooling-home>/worktrees/searcher-regrade4-20260817-002726/.venv/lib/python3.13/site-packages/pluggy/_callers.py", line 121 in _multicall
    artifacts/grading-round4/test_all.log:456  [home_path] home-directory path  File "<home>/<tooling-home>/worktrees/searcher-regrade4-20260817-002726/.venv/lib/python3.13/site-packages/pluggy/_manager.py", line 120 in _hookexec
    artifacts/grading-round4/test_all.log:456  [username] personal username  File "<home>/<tooling-home>/worktrees/searcher-regrade4-20260817-002726/.venv/lib/python3.13/site-packages/pluggy/_manager.py", line 120 in _hookexec
    artifacts/grading-round4/test_all.log:457  [home_path] home-directory path  File "<home>/<tooling-home>/worktrees/searcher-regrade4-20260817-002726/.venv/lib/python3.13/site-packages/pluggy/_hooks.py", line 512 in __call__
    artifacts/grading-round4/test_all.log:457  [username] personal username  File "<home>/<tooling-home>/worktrees/searcher-regrade4-20260817-002726/.venv/lib/python3.13/site-packages/pluggy/_hooks.py", line 512 in __call__
    artifacts/grading-round4/test_all.log:458  [home_path] home-directory path  File "<home>/<tooling-home>/worktrees/searcher-regrade4-20260817-002726/.venv/lib/python3.13/site-packages/_pytest/main.py", line 408 in pytest_runtestloop
    artifacts/grading-round4/test_all.log:458  [username] personal username  File "<home>/<tooling-home>/worktrees/searcher-regrade4-20260817-002726/.venv/lib/python3.13/site-packages/_pytest/main.py", line 408 in pytest_runtestloop
    artifacts/grading-round4/test_all.log:459  [home_path] home-directory path  File "<home>/<tooling-home>/worktrees/searcher-regrade4-20260817-002726/.venv/lib/python3.13/site-packages/pluggy/_callers.py", line 121 in _multicall
    artifacts/grading-round4/test_all.log:459  [username] personal username  File "<home>/<tooling-home>/worktrees/searcher-regrade4-20260817-002726/.venv/lib/python3.13/site-packages/pluggy/_callers.py", line 121 in _multicall
    artifacts/grading-round4/test_all.log:460  [home_path] home-directory path  File "<home>/<tooling-home>/worktrees/searcher-regrade4-20260817-002726/.venv/lib/python3.13/site-packages/pluggy/_manager.py", line 120 in _hookexec
    artifacts/grading-round4/test_all.log:460  [username] personal username  File "<home>/<tooling-home>/worktrees/searcher-regrade4-20260817-002726/.venv/lib/python3.13/site-packages/pluggy/_manager.py", line 120 in _hookexec
    artifacts/grading-round4/test_all.log:461  [home_path] home-directory path  File "<home>/<tooling-home>/worktrees/searcher-regrade4-20260817-002726/.venv/lib/python3.13/site-packages/pluggy/_hooks.py", line 512 in __call__
    artifacts/grading-round4/test_all.log:461  [username] personal username  File "<home>/<tooling-home>/worktrees/searcher-regrade4-20260817-002726/.venv/lib/python3.13/site-packages/pluggy/_hooks.py", line 512 in __call__
    artifacts/grading-round4/test_all.log:462  [home_path] home-directory path  File "<home>/<tooling-home>/worktrees/searcher-regrade4-20260817-002726/.venv/lib/python3.13/site-packages/_pytest/main.py", line 384 in _main
    artifacts/grading-round4/test_all.log:462  [username] personal username  File "<home>/<tooling-home>/worktrees/searcher-regrade4-20260817-002726/.venv/lib/python3.13/site-packages/_pytest/main.py", line 384 in _main
    artifacts/grading-round4/test_all.log:463  [home_path] home-directory path  File "<home>/<tooling-home>/worktrees/searcher-regrade4-20260817-002726/.venv/lib/python3.13/site-packages/_pytest/main.py", line 330 in wrap_session
    artifacts/grading-round4/test_all.log:463  [username] personal username  File "<home>/<tooling-home>/worktrees/searcher-regrade4-20260817-002726/.venv/lib/python3.13/site-packages/_pytest/main.py", line 330 in wrap_session
    artifacts/grading-round4/test_all.log:464  [home_path] home-directory path  File "<home>/<tooling-home>/worktrees/searcher-regrade4-20260817-002726/.venv/lib/python3.13/site-packages/_pytest/main.py", line 377 in pytest_cmdline_main
    artifacts/grading-round4/test_all.log:464  [username] personal username  File "<home>/<tooling-home>/worktrees/searcher-regrade4-20260817-002726/.venv/lib/python3.13/site-packages/_pytest/main.py", line 377 in pytest_cmdline_main
    artifacts/grading-round4/test_all.log:465  [home_path] home-directory path  File "<home>/<tooling-home>/worktrees/searcher-regrade4-20260817-002726/.venv/lib/python3.13/site-packages/pluggy/_callers.py", line 121 in _multicall
    artifacts/grading-round4/test_all.log:465  [username] personal username  File "<home>/<tooling-home>/worktrees/searcher-regrade4-20260817-002726/.venv/lib/python3.13/site-packages/pluggy/_callers.py", line 121 in _multicall
    artifacts/grading-round4/test_all.log:466  [home_path] home-directory path  File "<home>/<tooling-home>/worktrees/searcher-regrade4-20260817-002726/.venv/lib/python3.13/site-packages/pluggy/_manager.py", line 120 in _hookexec
    artifacts/grading-round4/test_all.log:466  [username] personal username  File "<home>/<tooling-home>/worktrees/searcher-regrade4-20260817-002726/.venv/lib/python3.13/site-packages/pluggy/_manager.py", line 120 in _hookexec
    artifacts/grading-round4/test_all.log:467  [home_path] home-directory path  File "<home>/<tooling-home>/worktrees/searcher-regrade4-20260817-002726/.venv/lib/python3.13/site-packages/pluggy/_hooks.py", line 512 in __call__
    artifacts/grading-round4/test_all.log:467  [username] personal username  File "<home>/<tooling-home>/worktrees/searcher-regrade4-20260817-002726/.venv/lib/python3.13/site-packages/pluggy/_hooks.py", line 512 in __call__
    artifacts/grading-round4/test_all.log:468  [home_path] home-directory path  File "<home>/<tooling-home>/worktrees/searcher-regrade4-20260817-002726/.venv/lib/python3.13/site-packages/_pytest/config/__init__.py", line 229 in _main
    artifacts/grading-round4/test_all.log:468  [username] personal username  File "<home>/<tooling-home>/worktrees/searcher-regrade4-20260817-002726/.venv/lib/python3.13/site-packages/_pytest/config/__init__.py", line 229 in _main
    artifacts/grading-round4/test_all.log:469  [home_path] home-directory path  File "<home>/<tooling-home>/worktrees/searcher-regrade4-20260817-002726/.venv/lib/python3.13/site-packages/_pytest/config/__init__.py", line 253 in _console_main
    artifacts/grading-round4/test_all.log:469  [username] personal username  File "<home>/<tooling-home>/worktrees/searcher-regrade4-20260817-002726/.venv/lib/python3.13/site-packages/_pytest/config/__init__.py", line 253 in _console_main
    artifacts/grading-round4/test_all.log:470  [home_path] home-directory path  File "<home>/<tooling-home>/worktrees/searcher-regrade4-20260817-002726/.venv/bin/pytest", line 10 in <module>
    artifacts/grading-round4/test_all.log:470  [username] personal username  File "<home>/<tooling-home>/worktrees/searcher-regrade4-20260817-002726/.venv/bin/pytest", line 10 in <module>
    artifacts/grading-round4/test_all.log:476  [home_path] home-directory path  File "<home>/.local/share/uv/python/cpython-3.13.13-macos-aarch64-none/lib/python3.13/subprocess.py", line 1921 in _execute_child
    artifacts/grading-round4/test_all.log:476  [username] personal username  File "<home>/.local/share/uv/python/cpython-3.13.13-macos-aarch64-none/lib/python3.13/subprocess.py", line 1921 in _execute_child
    artifacts/grading-round4/test_all.log:477  [home_path] home-directory path  File "<home>/.local/share/uv/python/cpython-3.13.13-macos-aarch64-none/lib/python3.13/subprocess.py", line 1039 in __init__
    artifacts/grading-round4/test_all.log:477  [username] personal username  File "<home>/.local/share/uv/python/cpython-3.13.13-macos-aarch64-none/lib/python3.13/subprocess.py", line 1039 in __init__
    artifacts/grading-round4/test_all.log:478  [home_path] home-directory path  File "<home>/.local/share/uv/python/cpython-3.13.13-macos-aarch64-none/lib/python3.13/subprocess.py", line 554 in run
    artifacts/grading-round4/test_all.log:478  [username] personal username  File "<home>/.local/share/uv/python/cpython-3.13.13-macos-aarch64-none/lib/python3.13/subprocess.py", line 554 in run
    artifacts/grading-round4/test_all.log:479  [home_path] home-directory path  File "<home>/<tooling-home>/worktrees/searcher-regrade4-20260817-002726/src/searcher/sources/browser.py", line 138 in chromium_pids
    artifacts/grading-round4/test_all.log:479  [username] personal username  File "<home>/<tooling-home>/worktrees/searcher-regrade4-20260817-002726/src/searcher/sources/browser.py", line 138 in chromium_pids
    artifacts/grading-round4/test_all.log:480  [home_path] home-directory path  File "<home>/<tooling-home>/worktrees/searcher-regrade4-20260817-002726/tests/real_runtime/test_browser_leak.py", line 12 in test_browser_pool_leaves_no_orphans
    artifacts/grading-round4/test_all.log:480  [username] personal username  File "<home>/<tooling-home>/worktrees/searcher-regrade4-20260817-002726/tests/real_runtime/test_browser_leak.py", line 12 in test_browser_pool_leaves_no_orphans
    artifacts/grading-round4/test_all.log:481  [home_path] home-directory path  File "<home>/<tooling-home>/worktrees/searcher-regrade4-20260817-002726/.venv/lib/python3.13/site-packages/_pytest/python.py", line 167 in pytest_pyfunc_call
    artifacts/grading-round4/test_all.log:481  [username] personal username  File "<home>/<tooling-home>/worktrees/searcher-regrade4-20260817-002726/.venv/lib/python3.13/site-packages/_pytest/python.py", line 167 in pytest_pyfunc_call
    artifacts/grading-round4/test_all.log:482  [home_path] home-directory path  File "<home>/<tooling-home>/worktrees/searcher-regrade4-20260817-002726/.venv/lib/python3.13/site-packages/pluggy/_callers.py", line 121 in _multicall
    artifacts/grading-round4/test_all.log:482  [username] personal username  File "<home>/<tooling-home>/worktrees/searcher-regrade4-20260817-002726/.venv/lib/python3.13/site-packages/pluggy/_callers.py", line 121 in _multicall
    artifacts/grading-round4/test_all.log:483  [home_path] home-directory path  File "<home>/<tooling-home>/worktrees/searcher-regrade4-20260817-002726/.venv/lib/python3.13/site-packages/pluggy/_manager.py", line 120 in _hookexec
    artifacts/grading-round4/test_all.log:483  [username] personal username  File "<home>/<tooling-home>/worktrees/searcher-regrade4-20260817-002726/.venv/lib/python3.13/site-packages/pluggy/_manager.py", line 120 in _hookexec
    artifacts/grading-round4/test_all.log:484  [home_path] home-directory path  File "<home>/<tooling-home>/worktrees/searcher-regrade4-20260817-002726/.venv/lib/python3.13/site-packages/pluggy/_hooks.py", line 512 in __call__
    artifacts/grading-round4/test_all.log:484  [username] personal username  File "<home>/<tooling-home>/worktrees/searcher-regrade4-20260817-002726/.venv/lib/python3.13/site-packages/pluggy/_hooks.py", line 512 in __call__
    artifacts/grading-round4/test_all.log:485  [home_path] home-directory path  File "<home>/<tooling-home>/worktrees/searcher-regrade4-20260817-002726/.venv/lib/python3.13/site-packages/_pytest/python.py", line 1707 in runtest
    artifacts/grading-round4/test_all.log:485  [username] personal username  File "<home>/<tooling-home>/worktrees/searcher-regrade4-20260817-002726/.venv/lib/python3.13/site-packages/_pytest/python.py", line 1707 in runtest
    artifacts/grading-round4/test_all.log:486  [home_path] home-directory path  File "<home>/<tooling-home>/worktrees/searcher-regrade4-20260817-002726/.venv/lib/python3.13/site-packages/_pytest/runner.py", line 184 in pytest_runtest_call
    artifacts/grading-round4/test_all.log:486  [username] personal username  File "<home>/<tooling-home>/worktrees/searcher-regrade4-20260817-002726/.venv/lib/python3.13/site-packages/_pytest/runner.py", line 184 in pytest_runtest_call
    artifacts/grading-round4/test_all.log:487  [home_path] home-directory path  File "<home>/<tooling-home>/worktrees/searcher-regrade4-20260817-002726/.venv/lib/python3.13/site-packages/pluggy/_callers.py", line 121 in _multicall
    artifacts/grading-round4/test_all.log:487  [username] personal username  File "<home>/<tooling-home>/worktrees/searcher-regrade4-20260817-002726/.venv/lib/python3.13/site-packages/pluggy/_callers.py", line 121 in _multicall
    artifacts/grading-round4/test_all.log:488  [home_path] home-directory path  File "<home>/<tooling-home>/worktrees/searcher-regrade4-20260817-002726/.venv/lib/python3.13/site-packages/pluggy/_manager.py", line 120 in _hookexec
    artifacts/grading-round4/test_all.log:488  [username] personal username  File "<home>/<tooling-home>/worktrees/searcher-regrade4-20260817-002726/.venv/lib/python3.13/site-packages/pluggy/_manager.py", line 120 in _hookexec
    artifacts/grading-round4/test_all.log:489  [home_path] home-directory path  File "<home>/<tooling-home>/worktrees/searcher-regrade4-20260817-002726/.venv/lib/python3.13/site-packages/pluggy/_hooks.py", line 512 in __call__
    artifacts/grading-round4/test_all.log:489  [username] personal username  File "<home>/<tooling-home>/worktrees/searcher-regrade4-20260817-002726/.venv/lib/python3.13/site-packages/pluggy/_hooks.py", line 512 in __call__
    artifacts/grading-round4/test_all.log:490  [home_path] home-directory path  File "<home>/<tooling-home>/worktrees/searcher-regrade4-20260817-002726/.venv/lib/python3.13/site-packages/_pytest/runner.py", line 250 in <lambda>
    artifacts/grading-round4/test_all.log:490  [username] personal username  File "<home>/<tooling-home>/worktrees/searcher-regrade4-20260817-002726/.venv/lib/python3.13/site-packages/_pytest/runner.py", line 250 in <lambda>
    artifacts/grading-round4/test_all.log:491  [home_path] home-directory path  File "<home>/<tooling-home>/worktrees/searcher-regrade4-20260817-002726/.venv/lib/python3.13/site-packages/_pytest/runner.py", line 361 in from_call
    artifacts/grading-round4/test_all.log:491  [username] personal username  File "<home>/<tooling-home>/worktrees/searcher-regrade4-20260817-002726/.venv/lib/python3.13/site-packages/_pytest/runner.py", line 361 in from_call
    artifacts/grading-round4/test_all.log:492  [home_path] home-directory path  File "<home>/<tooling-home>/worktrees/searcher-regrade4-20260817-002726/.venv/lib/python3.13/site-packages/_pytest/runner.py", line 249 in call_and_report
    artifacts/grading-round4/test_all.log:492  [username] personal username  File "<home>/<tooling-home>/worktrees/searcher-regrade4-20260817-002726/.venv/lib/python3.13/site-packages/_pytest/runner.py", line 249 in call_and_report
    artifacts/grading-round4/test_all.log:493  [home_path] home-directory path  File "<home>/<tooling-home>/worktrees/searcher-regrade4-20260817-002726/.venv/lib/python3.13/site-packages/_pytest/runner.py", line 139 in runtestprotocol
    artifacts/grading-round4/test_all.log:493  [username] personal username  File "<home>/<tooling-home>/worktrees/searcher-regrade4-20260817-002726/.venv/lib/python3.13/site-packages/_pytest/runner.py", line 139 in runtestprotocol
    artifacts/grading-round4/test_all.log:494  [home_path] home-directory path  File "<home>/<tooling-home>/worktrees/searcher-regrade4-20260817-002726/.venv/lib/python3.13/site-packages/_pytest/runner.py", line 118 in pytest_runtest_protocol
    artifacts/grading-round4/test_all.log:494  [username] personal username  File "<home>/<tooling-home>/worktrees/searcher-regrade4-20260817-002726/.venv/lib/python3.13/site-packages/_pytest/runner.py", line 118 in pytest_runtest_protocol
    artifacts/grading-round4/test_all.log:495  [home_path] home-directory path  File "<home>/<tooling-home>/worktrees/searcher-regrade4-20260817-002726/.venv/lib/python3.13/site-packages/pluggy/_callers.py", line 121 in _multicall
    artifacts/grading-round4/test_all.log:495  [username] personal username  File "<home>/<tooling-home>/worktrees/searcher-regrade4-20260817-002726/.venv/lib/python3.13/site-packages/pluggy/_callers.py", line 121 in _multicall
    artifacts/grading-round4/test_all.log:496  [home_path] home-directory path  File "<home>/<tooling-home>/worktrees/searcher-regrade4-20260817-002726/.venv/lib/python3.13/site-packages/pluggy/_manager.py", line 120 in _hookexec
    artifacts/grading-round4/test_all.log:496  [username] personal username  File "<home>/<tooling-home>/worktrees/searcher-regrade4-20260817-002726/.venv/lib/python3.13/site-packages/pluggy/_manager.py", line 120 in _hookexec
    artifacts/grading-round4/test_all.log:497  [home_path] home-directory path  File "<home>/<tooling-home>/worktrees/searcher-regrade4-20260817-002726/.venv/lib/python3.13/site-packages/pluggy/_hooks.py", line 512 in __call__
    artifacts/grading-round4/test_all.log:497  [username] personal username  File "<home>/<tooling-home>/worktrees/searcher-regrade4-20260817-002726/.venv/lib/python3.13/site-packages/pluggy/_hooks.py", line 512 in __call__
    artifacts/grading-round4/test_all.log:498  [home_path] home-directory path  File "<home>/<tooling-home>/worktrees/searcher-regrade4-20260817-002726/.venv/lib/python3.13/site-packages/_pytest/main.py", line 408 in pytest_runtestloop
    artifacts/grading-round4/test_all.log:498  [username] personal username  File "<home>/<tooling-home>/worktrees/searcher-regrade4-20260817-002726/.venv/lib/python3.13/site-packages/_pytest/main.py", line 408 in pytest_runtestloop
    artifacts/grading-round4/test_all.log:499  [home_path] home-directory path  File "<home>/<tooling-home>/worktrees/searcher-regrade4-20260817-002726/.venv/lib/python3.13/site-packages/pluggy/_callers.py", line 121 in _multicall
    artifacts/grading-round4/test_all.log:499  [username] personal username  File "<home>/<tooling-home>/worktrees/searcher-regrade4-20260817-002726/.venv/lib/python3.13/site-packages/pluggy/_callers.py", line 121 in _multicall
    artifacts/grading-round4/test_all.log:500  [home_path] home-directory path  File "<home>/<tooling-home>/worktrees/searcher-regrade4-20260817-002726/.venv/lib/python3.13/site-packages/pluggy/_manager.py", line 120 in _hookexec
    artifacts/grading-round4/test_all.log:500  [username] personal username  File "<home>/<tooling-home>/worktrees/searcher-regrade4-20260817-002726/.venv/lib/python3.13/site-packages/pluggy/_manager.py", line 120 in _hookexec
    artifacts/grading-round4/test_all.log:501  [home_path] home-directory path  File "<home>/<tooling-home>/worktrees/searcher-regrade4-20260817-002726/.venv/lib/python3.13/site-packages/pluggy/_hooks.py", line 512 in __call__
    artifacts/grading-round4/test_all.log:501  [username] personal username  File "<home>/<tooling-home>/worktrees/searcher-regrade4-20260817-002726/.venv/lib/python3.13/site-packages/pluggy/_hooks.py", line 512 in __call__
    artifacts/grading-round4/test_all.log:502  [home_path] home-directory path  File "<home>/<tooling-home>/worktrees/searcher-regrade4-20260817-002726/.venv/lib/python3.13/site-packages/_pytest/main.py", line 384 in _main
    artifacts/grading-round4/test_all.log:502  [username] personal username  File "<home>/<tooling-home>/worktrees/searcher-regrade4-20260817-002726/.venv/lib/python3.13/site-packages/_pytest/main.py", line 384 in _main
    artifacts/grading-round4/test_all.log:503  [home_path] home-directory path  File "<home>/<tooling-home>/worktrees/searcher-regrade4-20260817-002726/.venv/lib/python3.13/site-packages/_pytest/main.py", line 330 in wrap_session
    artifacts/grading-round4/test_all.log:503  [username] personal username  File "<home>/<tooling-home>/worktrees/searcher-regrade4-20260817-002726/.venv/lib/python3.13/site-packages/_pytest/main.py", line 330 in wrap_session
    artifacts/grading-round4/test_all.log:504  [home_path] home-directory path  File "<home>/<tooling-home>/worktrees/searcher-regrade4-20260817-002726/.venv/lib/python3.13/site-packages/_pytest/main.py", line 377 in pytest_cmdline_main
    artifacts/grading-round4/test_all.log:504  [username] personal username  File "<home>/<tooling-home>/worktrees/searcher-regrade4-20260817-002726/.venv/lib/python3.13/site-packages/_pytest/main.py", line 377 in pytest_cmdline_main
    artifacts/grading-round4/test_all.log:505  [home_path] home-directory path  File "<home>/<tooling-home>/worktrees/searcher-regrade4-20260817-002726/.venv/lib/python3.13/site-packages/pluggy/_callers.py", line 121 in _multicall
    artifacts/grading-round4/test_all.log:505  [username] personal username  File "<home>/<tooling-home>/worktrees/searcher-regrade4-20260817-002726/.venv/lib/python3.13/site-packages/pluggy/_callers.py", line 121 in _multicall
    artifacts/grading-round4/test_all.log:506  [home_path] home-directory path  File "<home>/<tooling-home>/worktrees/searcher-regrade4-20260817-002726/.venv/lib/python3.13/site-packages/pluggy/_manager.py", line 120 in _hookexec
    artifacts/grading-round4/test_all.log:506  [username] personal username  File "<home>/<tooling-home>/worktrees/searcher-regrade4-20260817-002726/.venv/lib/python3.13/site-packages/pluggy/_manager.py", line 120 in _hookexec
    artifacts/grading-round4/test_all.log:507  [home_path] home-directory path  File "<home>/<tooling-home>/worktrees/searcher-regrade4-20260817-002726/.venv/lib/python3.13/site-packages/pluggy/_hooks.py", line 512 in __call__
    artifacts/grading-round4/test_all.log:507  [username] personal username  File "<home>/<tooling-home>/worktrees/searcher-regrade4-20260817-002726/.venv/lib/python3.13/site-packages/pluggy/_hooks.py", line 512 in __call__
    artifacts/grading-round4/test_all.log:508  [home_path] home-directory path  File "<home>/<tooling-home>/worktrees/searcher-regrade4-20260817-002726/.venv/lib/python3.13/site-packages/_pytest/config/__init__.py", line 229 in _main
    artifacts/grading-round4/test_all.log:508  [username] personal username  File "<home>/<tooling-home>/worktrees/searcher-regrade4-20260817-002726/.venv/lib/python3.13/site-packages/_pytest/config/__init__.py", line 229 in _main
    artifacts/grading-round4/test_all.log:509  [home_path] home-directory path  File "<home>/<tooling-home>/worktrees/searcher-regrade4-20260817-002726/.venv/lib/python3.13/site-packages/_pytest/config/__init__.py", line 253 in _console_main
    artifacts/grading-round4/test_all.log:509  [username] personal username  File "<home>/<tooling-home>/worktrees/searcher-regrade4-20260817-002726/.venv/lib/python3.13/site-packages/_pytest/config/__init__.py", line 253 in _console_main
    artifacts/grading-round4/test_all.log:510  [home_path] home-directory path  File "<home>/<tooling-home>/worktrees/searcher-regrade4-20260817-002726/.venv/bin/pytest", line 10 in <module>
    artifacts/grading-round4/test_all.log:510  [username] personal username  File "<home>/<tooling-home>/worktrees/searcher-regrade4-20260817-002726/.venv/bin/pytest", line 10 in <module>
    artifacts/grading-round4/test_all.log:516  [home_path] home-directory path  File "<home>/.local/share/uv/python/cpython-3.13.13-macos-aarch64-none/lib/python3.13/subprocess.py", line 1921 in _execute_child
    artifacts/grading-round4/test_all.log:516  [username] personal username  File "<home>/.local/share/uv/python/cpython-3.13.13-macos-aarch64-none/lib/python3.13/subprocess.py", line 1921 in _execute_child
    artifacts/grading-round4/test_all.log:517  [home_path] home-directory path  File "<home>/.local/share/uv/python/cpython-3.13.13-macos-aarch64-none/lib/python3.13/subprocess.py", line 1039 in __init__
    artifacts/grading-round4/test_all.log:517  [username] personal username  File "<home>/.local/share/uv/python/cpython-3.13.13-macos-aarch64-none/lib/python3.13/subprocess.py", line 1039 in __init__
    artifacts/grading-round4/test_all.log:518  [home_path] home-directory path  File "<home>/.local/share/uv/python/cpython-3.13.13-macos-aarch64-none/lib/python3.13/subprocess.py", line 554 in run
    artifacts/grading-round4/test_all.log:518  [username] personal username  File "<home>/.local/share/uv/python/cpython-3.13.13-macos-aarch64-none/lib/python3.13/subprocess.py", line 554 in run
    artifacts/grading-round4/test_all.log:519  [home_path] home-directory path  File "<home>/<tooling-home>/worktrees/searcher-regrade4-20260817-002726/tests/real_runtime/test_crash_resume.py", line 82 in test_sigkill_resume_loses_zero_accepted_evidence
    artifacts/grading-round4/test_all.log:519  [username] personal username  File "<home>/<tooling-home>/worktrees/searcher-regrade4-20260817-002726/tests/real_runtime/test_crash_resume.py", line 82 in test_sigkill_resume_loses_zero_accepted_evidence
    artifacts/grading-round4/test_all.log:520  [home_path] home-directory path  File "<home>/<tooling-home>/worktrees/searcher-regrade4-20260817-002726/.venv/lib/python3.13/site-packages/_pytest/python.py", line 167 in pytest_pyfunc_call
    artifacts/grading-round4/test_all.log:520  [username] personal username  File "<home>/<tooling-home>/worktrees/searcher-regrade4-20260817-002726/.venv/lib/python3.13/site-packages/_pytest/python.py", line 167 in pytest_pyfunc_call
    artifacts/grading-round4/test_all.log:521  [home_path] home-directory path  File "<home>/<tooling-home>/worktrees/searcher-regrade4-20260817-002726/.venv/lib/python3.13/site-packages/pluggy/_callers.py", line 121 in _multicall
    artifacts/grading-round4/test_all.log:521  [username] personal username  File "<home>/<tooling-home>/worktrees/searcher-regrade4-20260817-002726/.venv/lib/python3.13/site-packages/pluggy/_callers.py", line 121 in _multicall
    artifacts/grading-round4/test_all.log:522  [home_path] home-directory path  File "<home>/<tooling-home>/worktrees/searcher-regrade4-20260817-002726/.venv/lib/python3.13/site-packages/pluggy/_manager.py", line 120 in _hookexec
    artifacts/grading-round4/test_all.log:522  [username] personal username  File "<home>/<tooling-home>/worktrees/searcher-regrade4-20260817-002726/.venv/lib/python3.13/site-packages/pluggy/_manager.py", line 120 in _hookexec
    artifacts/grading-round4/test_all.log:523  [home_path] home-directory path  File "<home>/<tooling-home>/worktrees/searcher-regrade4-20260817-002726/.venv/lib/python3.13/site-packages/pluggy/_hooks.py", line 512 in __call__
    artifacts/grading-round4/test_all.log:523  [username] personal username  File "<home>/<tooling-home>/worktrees/searcher-regrade4-20260817-002726/.venv/lib/python3.13/site-packages/pluggy/_hooks.py", line 512 in __call__
    artifacts/grading-round4/test_all.log:524  [home_path] home-directory path  File "<home>/<tooling-home>/worktrees/searcher-regrade4-20260817-002726/.venv/lib/python3.13/site-packages/_pytest/python.py", line 1707 in runtest
    artifacts/grading-round4/test_all.log:524  [username] personal username  File "<home>/<tooling-home>/worktrees/searcher-regrade4-20260817-002726/.venv/lib/python3.13/site-packages/_pytest/python.py", line 1707 in runtest
    artifacts/grading-round4/test_all.log:525  [home_path] home-directory path  File "<home>/<tooling-home>/worktrees/searcher-regrade4-20260817-002726/.venv/lib/python3.13/site-packages/_pytest/runner.py", line 184 in pytest_runtest_call
    artifacts/grading-round4/test_all.log:525  [username] personal username  File "<home>/<tooling-home>/worktrees/searcher-regrade4-20260817-002726/.venv/lib/python3.13/site-packages/_pytest/runner.py", line 184 in pytest_runtest_call
    artifacts/grading-round4/test_all.log:526  [home_path] home-directory path  File "<home>/<tooling-home>/worktrees/searcher-regrade4-20260817-002726/.venv/lib/python3.13/site-packages/pluggy/_callers.py", line 121 in _multicall
    artifacts/grading-round4/test_all.log:526  [username] personal username  File "<home>/<tooling-home>/worktrees/searcher-regrade4-20260817-002726/.venv/lib/python3.13/site-packages/pluggy/_callers.py", line 121 in _multicall
    artifacts/grading-round4/test_all.log:527  [home_path] home-directory path  File "<home>/<tooling-home>/worktrees/searcher-regrade4-20260817-002726/.venv/lib/python3.13/site-packages/pluggy/_manager.py", line 120 in _hookexec
    artifacts/grading-round4/test_all.log:527  [username] personal username  File "<home>/<tooling-home>/worktrees/searcher-regrade4-20260817-002726/.venv/lib/python3.13/site-packages/pluggy/_manager.py", line 120 in _hookexec
    artifacts/grading-round4/test_all.log:528  [home_path] home-directory path  File "<home>/<tooling-home>/worktrees/searcher-regrade4-20260817-002726/.venv/lib/python3.13/site-packages/pluggy/_hooks.py", line 512 in __call__
    artifacts/grading-round4/test_all.log:528  [username] personal username  File "<home>/<tooling-home>/worktrees/searcher-regrade4-20260817-002726/.venv/lib/python3.13/site-packages/pluggy/_hooks.py", line 512 in __call__
    artifacts/grading-round4/test_all.log:529  [home_path] home-directory path  File "<home>/<tooling-home>/worktrees/searcher-regrade4-20260817-002726/.venv/lib/python3.13/site-packages/_pytest/runner.py", line 250 in <lambda>
    artifacts/grading-round4/test_all.log:529  [username] personal username  File "<home>/<tooling-home>/worktrees/searcher-regrade4-20260817-002726/.venv/lib/python3.13/site-packages/_pytest/runner.py", line 250 in <lambda>
    artifacts/grading-round4/test_all.log:530  [home_path] home-directory path  File "<home>/<tooling-home>/worktrees/searcher-regrade4-20260817-002726/.venv/lib/python3.13/site-packages/_pytest/runner.py", line 361 in from_call
    artifacts/grading-round4/test_all.log:530  [username] personal username  File "<home>/<tooling-home>/worktrees/searcher-regrade4-20260817-002726/.venv/lib/python3.13/site-packages/_pytest/runner.py", line 361 in from_call
    artifacts/grading-round4/test_all.log:531  [home_path] home-directory path  File "<home>/<tooling-home>/worktrees/searcher-regrade4-20260817-002726/.venv/lib/python3.13/site-packages/_pytest/runner.py", line 249 in call_and_report
    artifacts/grading-round4/test_all.log:531  [username] personal username  File "<home>/<tooling-home>/worktrees/searcher-regrade4-20260817-002726/.venv/lib/python3.13/site-packages/_pytest/runner.py", line 249 in call_and_report
    artifacts/grading-round4/test_all.log:532  [home_path] home-directory path  File "<home>/<tooling-home>/worktrees/searcher-regrade4-20260817-002726/.venv/lib/python3.13/site-packages/_pytest/runner.py", line 139 in runtestprotocol
    artifacts/grading-round4/test_all.log:532  [username] personal username  File "<home>/<tooling-home>/worktrees/searcher-regrade4-20260817-002726/.venv/lib/python3.13/site-packages/_pytest/runner.py", line 139 in runtestprotocol
    artifacts/grading-round4/test_all.log:533  [home_path] home-directory path  File "<home>/<tooling-home>/worktrees/searcher-regrade4-20260817-002726/.venv/lib/python3.13/site-packages/_pytest/runner.py", line 118 in pytest_runtest_protocol
    artifacts/grading-round4/test_all.log:533  [username] personal username  File "<home>/<tooling-home>/worktrees/searcher-regrade4-20260817-002726/.venv/lib/python3.13/site-packages/_pytest/runner.py", line 118 in pytest_runtest_protocol
    artifacts/grading-round4/test_all.log:534  [home_path] home-directory path  File "<home>/<tooling-home>/worktrees/searcher-regrade4-20260817-002726/.venv/lib/python3.13/site-packages/pluggy/_callers.py", line 121 in _multicall
    artifacts/grading-round4/test_all.log:534  [username] personal username  File "<home>/<tooling-home>/worktrees/searcher-regrade4-20260817-002726/.venv/lib/python3.13/site-packages/pluggy/_callers.py", line 121 in _multicall
    artifacts/grading-round4/test_all.log:535  [home_path] home-directory path  File "<home>/<tooling-home>/worktrees/searcher-regrade4-20260817-002726/.venv/lib/python3.13/site-packages/pluggy/_manager.py", line 120 in _hookexec
    artifacts/grading-round4/test_all.log:535  [username] personal username  File "<home>/<tooling-home>/worktrees/searcher-regrade4-20260817-002726/.venv/lib/python3.13/site-packages/pluggy/_manager.py", line 120 in _hookexec
    artifacts/grading-round4/test_all.log:536  [home_path] home-directory path  File "<home>/<tooling-home>/worktrees/searcher-regrade4-20260817-002726/.venv/lib/python3.13/site-packages/pluggy/_hooks.py", line 512 in __call__
    artifacts/grading-round4/test_all.log:536  [username] personal username  File "<home>/<tooling-home>/worktrees/searcher-regrade4-20260817-002726/.venv/lib/python3.13/site-packages/pluggy/_hooks.py", line 512 in __call__
    artifacts/grading-round4/test_all.log:537  [home_path] home-directory path  File "<home>/<tooling-home>/worktrees/searcher-regrade4-20260817-002726/.venv/lib/python3.13/site-packages/_pytest/main.py", line 408 in pytest_runtestloop
    artifacts/grading-round4/test_all.log:537  [username] personal username  File "<home>/<tooling-home>/worktrees/searcher-regrade4-20260817-002726/.venv/lib/python3.13/site-packages/_pytest/main.py", line 408 in pytest_runtestloop
    artifacts/grading-round4/test_all.log:538  [home_path] home-directory path  File "<home>/<tooling-home>/worktrees/searcher-regrade4-20260817-002726/.venv/lib/python3.13/site-packages/pluggy/_callers.py", line 121 in _multicall
    artifacts/grading-round4/test_all.log:538  [username] personal username  File "<home>/<tooling-home>/worktrees/searcher-regrade4-20260817-002726/.venv/lib/python3.13/site-packages/pluggy/_callers.py", line 121 in _multicall
    artifacts/grading-round4/test_all.log:539  [home_path] home-directory path  File "<home>/<tooling-home>/worktrees/searcher-regrade4-20260817-002726/.venv/lib/python3.13/site-packages/pluggy/_manager.py", line 120 in _hookexec
    artifacts/grading-round4/test_all.log:539  [username] personal username  File "<home>/<tooling-home>/worktrees/searcher-regrade4-20260817-002726/.venv/lib/python3.13/site-packages/pluggy/_manager.py", line 120 in _hookexec
    artifacts/grading-round4/test_all.log:540  [home_path] home-directory path  File "<home>/<tooling-home>/worktrees/searcher-regrade4-20260817-002726/.venv/lib/python3.13/site-packages/pluggy/_hooks.py", line 512 in __call__
    artifacts/grading-round4/test_all.log:540  [username] personal username  File "<home>/<tooling-home>/worktrees/searcher-regrade4-20260817-002726/.venv/lib/python3.13/site-packages/pluggy/_hooks.py", line 512 in __call__
    artifacts/grading-round4/test_all.log:541  [home_path] home-directory path  File "<home>/<tooling-home>/worktrees/searcher-regrade4-20260817-002726/.venv/lib/python3.13/site-packages/_pytest/main.py", line 384 in _main
    artifacts/grading-round4/test_all.log:541  [username] personal username  File "<home>/<tooling-home>/worktrees/searcher-regrade4-20260817-002726/.venv/lib/python3.13/site-packages/_pytest/main.py", line 384 in _main
    artifacts/grading-round4/test_all.log:542  [home_path] home-directory path  File "<home>/<tooling-home>/worktrees/searcher-regrade4-20260817-002726/.venv/lib/python3.13/site-packages/_pytest/main.py", line 330 in wrap_session
    artifacts/grading-round4/test_all.log:542  [username] personal username  File "<home>/<tooling-home>/worktrees/searcher-regrade4-20260817-002726/.venv/lib/python3.13/site-packages/_pytest/main.py", line 330 in wrap_session
    artifacts/grading-round4/test_all.log:543  [home_path] home-directory path  File "<home>/<tooling-home>/worktrees/searcher-regrade4-20260817-002726/.venv/lib/python3.13/site-packages/_pytest/main.py", line 377 in pytest_cmdline_main
    artifacts/grading-round4/test_all.log:543  [username] personal username  File "<home>/<tooling-home>/worktrees/searcher-regrade4-20260817-002726/.venv/lib/python3.13/site-packages/_pytest/main.py", line 377 in pytest_cmdline_main
    artifacts/grading-round4/test_all.log:544  [home_path] home-directory path  File "<home>/<tooling-home>/worktrees/searcher-regrade4-20260817-002726/.venv/lib/python3.13/site-packages/pluggy/_callers.py", line 121 in _multicall
    artifacts/grading-round4/test_all.log:544  [username] personal username  File "<home>/<tooling-home>/worktrees/searcher-regrade4-20260817-002726/.venv/lib/python3.13/site-packages/pluggy/_callers.py", line 121 in _multicall
    artifacts/grading-round4/test_all.log:545  [home_path] home-directory path  File "<home>/<tooling-home>/worktrees/searcher-regrade4-20260817-002726/.venv/lib/python3.13/site-packages/pluggy/_manager.py", line 120 in _hookexec
    artifacts/grading-round4/test_all.log:545  [username] personal username  File "<home>/<tooling-home>/worktrees/searcher-regrade4-20260817-002726/.venv/lib/python3.13/site-packages/pluggy/_manager.py", line 120 in _hookexec
    artifacts/grading-round4/test_all.log:546  [home_path] home-directory path  File "<home>/<tooling-home>/worktrees/searcher-regrade4-20260817-002726/.venv/lib/python3.13/site-packages/pluggy/_hooks.py", line 512 in __call__
    artifacts/grading-round4/test_all.log:546  [username] personal username  File "<home>/<tooling-home>/worktrees/searcher-regrade4-20260817-002726/.venv/lib/python3.13/site-packages/pluggy/_hooks.py", line 512 in __call__
    artifacts/grading-round4/test_all.log:547  [home_path] home-directory path  File "<home>/<tooling-home>/worktrees/searcher-regrade4-20260817-002726/.venv/lib/python3.13/site-packages/_pytest/config/__init__.py", line 229 in _main
    artifacts/grading-round4/test_all.log:547  [username] personal username  File "<home>/<tooling-home>/worktrees/searcher-regrade4-20260817-002726/.venv/lib/python3.13/site-packages/_pytest/config/__init__.py", line 229 in _main
    artifacts/grading-round4/test_all.log:548  [home_path] home-directory path  File "<home>/<tooling-home>/worktrees/searcher-regrade4-20260817-002726/.venv/lib/python3.13/site-packages/_pytest/config/__init__.py", line 253 in _console_main
    artifacts/grading-round4/test_all.log:548  [username] personal username  File "<home>/<tooling-home>/worktrees/searcher-regrade4-20260817-002726/.venv/lib/python3.13/site-packages/_pytest/config/__init__.py", line 253 in _console_main
    artifacts/grading-round4/test_all.log:549  [home_path] home-directory path  File "<home>/<tooling-home>/worktrees/searcher-regrade4-20260817-002726/.venv/bin/pytest", line 10 in <module>
    artifacts/grading-round4/test_all.log:549  [username] personal username  File "<home>/<tooling-home>/worktrees/searcher-regrade4-20260817-002726/.venv/bin/pytest", line 10 in <module>
    artifacts/grading-round4/test_all.log:555  [home_path] home-directory path  File "<home>/.local/share/uv/python/cpython-3.13.13-macos-aarch64-none/lib/python3.13/subprocess.py", line 1921 in _execute_child
    artifacts/grading-round4/test_all.log:555  [username] personal username  File "<home>/.local/share/uv/python/cpython-3.13.13-macos-aarch64-none/lib/python3.13/subprocess.py", line 1921 in _execute_child
    artifacts/grading-round4/test_all.log:556  [home_path] home-directory path  File "<home>/.local/share/uv/python/cpython-3.13.13-macos-aarch64-none/lib/python3.13/subprocess.py", line 1039 in __init__
    artifacts/grading-round4/test_all.log:556  [username] personal username  File "<home>/.local/share/uv/python/cpython-3.13.13-macos-aarch64-none/lib/python3.13/subprocess.py", line 1039 in __init__
    artifacts/grading-round4/test_all.log:557  [home_path] home-directory path  File "<home>/<tooling-home>/worktrees/searcher-regrade4-20260817-002726/tests/real_runtime/test_frontier_sigkill.py", line 72 in test_sigkill_frontier_resume
    artifacts/grading-round4/test_all.log:557  [username] personal username  File "<home>/<tooling-home>/worktrees/searcher-regrade4-20260817-002726/tests/real_runtime/test_frontier_sigkill.py", line 72 in test_sigkill_frontier_resume
    artifacts/grading-round4/test_all.log:558  [home_path] home-directory path  File "<home>/<tooling-home>/worktrees/searcher-regrade4-20260817-002726/.venv/lib/python3.13/site-packages/_pytest/python.py", line 167 in pytest_pyfunc_call
    artifacts/grading-round4/test_all.log:558  [username] personal username  File "<home>/<tooling-home>/worktrees/searcher-regrade4-20260817-002726/.venv/lib/python3.13/site-packages/_pytest/python.py", line 167 in pytest_pyfunc_call
    artifacts/grading-round4/test_all.log:559  [home_path] home-directory path  File "<home>/<tooling-home>/worktrees/searcher-regrade4-20260817-002726/.venv/lib/python3.13/site-packages/pluggy/_callers.py", line 121 in _multicall
    artifacts/grading-round4/test_all.log:559  [username] personal username  File "<home>/<tooling-home>/worktrees/searcher-regrade4-20260817-002726/.venv/lib/python3.13/site-packages/pluggy/_callers.py", line 121 in _multicall
    artifacts/grading-round4/test_all.log:560  [home_path] home-directory path  File "<home>/<tooling-home>/worktrees/searcher-regrade4-20260817-002726/.venv/lib/python3.13/site-packages/pluggy/_manager.py", line 120 in _hookexec
    artifacts/grading-round4/test_all.log:560  [username] personal username  File "<home>/<tooling-home>/worktrees/searcher-regrade4-20260817-002726/.venv/lib/python3.13/site-packages/pluggy/_manager.py", line 120 in _hookexec
    artifacts/grading-round4/test_all.log:561  [home_path] home-directory path  File "<home>/<tooling-home>/worktrees/searcher-regrade4-20260817-002726/.venv/lib/python3.13/site-packages/pluggy/_hooks.py", line 512 in __call__
    artifacts/grading-round4/test_all.log:561  [username] personal username  File "<home>/<tooling-home>/worktrees/searcher-regrade4-20260817-002726/.venv/lib/python3.13/site-packages/pluggy/_hooks.py", line 512 in __call__
    artifacts/grading-round4/test_all.log:562  [home_path] home-directory path  File "<home>/<tooling-home>/worktrees/searcher-regrade4-20260817-002726/.venv/lib/python3.13/site-packages/_pytest/python.py", line 1707 in runtest
    artifacts/grading-round4/test_all.log:562  [username] personal username  File "<home>/<tooling-home>/worktrees/searcher-regrade4-20260817-002726/.venv/lib/python3.13/site-packages/_pytest/python.py", line 1707 in runtest
    artifacts/grading-round4/test_all.log:563  [home_path] home-directory path  File "<home>/<tooling-home>/worktrees/searcher-regrade4-20260817-002726/.venv/lib/python3.13/site-packages/_pytest/runner.py", line 184 in pytest_runtest_call
    artifacts/grading-round4/test_all.log:563  [username] personal username  File "<home>/<tooling-home>/worktrees/searcher-regrade4-20260817-002726/.venv/lib/python3.13/site-packages/_pytest/runner.py", line 184 in pytest_runtest_call
    artifacts/grading-round4/test_all.log:564  [home_path] home-directory path  File "<home>/<tooling-home>/worktrees/searcher-regrade4-20260817-002726/.venv/lib/python3.13/site-packages/pluggy/_callers.py", line 121 in _multicall
    artifacts/grading-round4/test_all.log:564  [username] personal username  File "<home>/<tooling-home>/worktrees/searcher-regrade4-20260817-002726/.venv/lib/python3.13/site-packages/pluggy/_callers.py", line 121 in _multicall
    artifacts/grading-round4/test_all.log:565  [home_path] home-directory path  File "<home>/<tooling-home>/worktrees/searcher-regrade4-20260817-002726/.venv/lib/python3.13/site-packages/pluggy/_manager.py", line 120 in _hookexec
    artifacts/grading-round4/test_all.log:565  [username] personal username  File "<home>/<tooling-home>/worktrees/searcher-regrade4-20260817-002726/.venv/lib/python3.13/site-packages/pluggy/_manager.py", line 120 in _hookexec
    artifacts/grading-round4/test_all.log:566  [home_path] home-directory path  File "<home>/<tooling-home>/worktrees/searcher-regrade4-20260817-002726/.venv/lib/python3.13/site-packages/pluggy/_hooks.py", line 512 in __call__
    artifacts/grading-round4/test_all.log:566  [username] personal username  File "<home>/<tooling-home>/worktrees/searcher-regrade4-20260817-002726/.venv/lib/python3.13/site-packages/pluggy/_hooks.py", line 512 in __call__
    artifacts/grading-round4/test_all.log:567  [home_path] home-directory path  File "<home>/<tooling-home>/worktrees/searcher-regrade4-20260817-002726/.venv/lib/python3.13/site-packages/_pytest/runner.py", line 250 in <lambda>
    artifacts/grading-round4/test_all.log:567  [username] personal username  File "<home>/<tooling-home>/worktrees/searcher-regrade4-20260817-002726/.venv/lib/python3.13/site-packages/_pytest/runner.py", line 250 in <lambda>
    artifacts/grading-round4/test_all.log:568  [home_path] home-directory path  File "<home>/<tooling-home>/worktrees/searcher-regrade4-20260817-002726/.venv/lib/python3.13/site-packages/_pytest/runner.py", line 361 in from_call
    artifacts/grading-round4/test_all.log:568  [username] personal username  File "<home>/<tooling-home>/worktrees/searcher-regrade4-20260817-002726/.venv/lib/python3.13/site-packages/_pytest/runner.py", line 361 in from_call
    artifacts/grading-round4/test_all.log:569  [home_path] home-directory path  File "<home>/<tooling-home>/worktrees/searcher-regrade4-20260817-002726/.venv/lib/python3.13/site-packages/_pytest/runner.py", line 249 in call_and_report
    artifacts/grading-round4/test_all.log:569  [username] personal username  File "<home>/<tooling-home>/worktrees/searcher-regrade4-20260817-002726/.venv/lib/python3.13/site-packages/_pytest/runner.py", line 249 in call_and_report
    artifacts/grading-round4/test_all.log:570  [home_path] home-directory path  File "<home>/<tooling-home>/worktrees/searcher-regrade4-20260817-002726/.venv/lib/python3.13/site-packages/_pytest/runner.py", line 139 in runtestprotocol
    artifacts/grading-round4/test_all.log:570  [username] personal username  File "<home>/<tooling-home>/worktrees/searcher-regrade4-20260817-002726/.venv/lib/python3.13/site-packages/_pytest/runner.py", line 139 in runtestprotocol
    artifacts/grading-round4/test_all.log:571  [home_path] home-directory path  File "<home>/<tooling-home>/worktrees/searcher-regrade4-20260817-002726/.venv/lib/python3.13/site-packages/_pytest/runner.py", line 118 in pytest_runtest_protocol
    artifacts/grading-round4/test_all.log:571  [username] personal username  File "<home>/<tooling-home>/worktrees/searcher-regrade4-20260817-002726/.venv/lib/python3.13/site-packages/_pytest/runner.py", line 118 in pytest_runtest_protocol
    artifacts/grading-round4/test_all.log:572  [home_path] home-directory path  File "<home>/<tooling-home>/worktrees/searcher-regrade4-20260817-002726/.venv/lib/python3.13/site-packages/pluggy/_callers.py", line 121 in _multicall
    artifacts/grading-round4/test_all.log:572  [username] personal username  File "<home>/<tooling-home>/worktrees/searcher-regrade4-20260817-002726/.venv/lib/python3.13/site-packages/pluggy/_callers.py", line 121 in _multicall
    artifacts/grading-round4/test_all.log:573  [home_path] home-directory path  File "<home>/<tooling-home>/worktrees/searcher-regrade4-20260817-002726/.venv/lib/python3.13/site-packages/pluggy/_manager.py", line 120 in _hookexec
    artifacts/grading-round4/test_all.log:573  [username] personal username  File "<home>/<tooling-home>/worktrees/searcher-regrade4-20260817-002726/.venv/lib/python3.13/site-packages/pluggy/_manager.py", line 120 in _hookexec
    artifacts/grading-round4/test_all.log:574  [home_path] home-directory path  File "<home>/<tooling-home>/worktrees/searcher-regrade4-20260817-002726/.venv/lib/python3.13/site-packages/pluggy/_hooks.py", line 512 in __call__
    artifacts/grading-round4/test_all.log:574  [username] personal username  File "<home>/<tooling-home>/worktrees/searcher-regrade4-20260817-002726/.venv/lib/python3.13/site-packages/pluggy/_hooks.py", line 512 in __call__
    artifacts/grading-round4/test_all.log:575  [home_path] home-directory path  File "<home>/<tooling-home>/worktrees/searcher-regrade4-20260817-002726/.venv/lib/python3.13/site-packages/_pytest/main.py", line 408 in pytest_runtestloop
    artifacts/grading-round4/test_all.log:575  [username] personal username  File "<home>/<tooling-home>/worktrees/searcher-regrade4-20260817-002726/.venv/lib/python3.13/site-packages/_pytest/main.py", line 408 in pytest_runtestloop
    artifacts/grading-round4/test_all.log:576  [home_path] home-directory path  File "<home>/<tooling-home>/worktrees/searcher-regrade4-20260817-002726/.venv/lib/python3.13/site-packages/pluggy/_callers.py", line 121 in _multicall
    artifacts/grading-round4/test_all.log:576  [username] personal username  File "<home>/<tooling-home>/worktrees/searcher-regrade4-20260817-002726/.venv/lib/python3.13/site-packages/pluggy/_callers.py", line 121 in _multicall
    artifacts/grading-round4/test_all.log:577  [home_path] home-directory path  File "<home>/<tooling-home>/worktrees/searcher-regrade4-20260817-002726/.venv/lib/python3.13/site-packages/pluggy/_manager.py", line 120 in _hookexec
    artifacts/grading-round4/test_all.log:577  [username] personal username  File "<home>/<tooling-home>/worktrees/searcher-regrade4-20260817-002726/.venv/lib/python3.13/site-packages/pluggy/_manager.py", line 120 in _hookexec
    artifacts/grading-round4/test_all.log:578  [home_path] home-directory path  File "<home>/<tooling-home>/worktrees/searcher-regrade4-20260817-002726/.venv/lib/python3.13/site-packages/pluggy/_hooks.py", line 512 in __call__
    artifacts/grading-round4/test_all.log:578  [username] personal username  File "<home>/<tooling-home>/worktrees/searcher-regrade4-20260817-002726/.venv/lib/python3.13/site-packages/pluggy/_hooks.py", line 512 in __call__
    artifacts/grading-round4/test_all.log:579  [home_path] home-directory path  File "<home>/<tooling-home>/worktrees/searcher-regrade4-20260817-002726/.venv/lib/python3.13/site-packages/_pytest/main.py", line 384 in _main
    artifacts/grading-round4/test_all.log:579  [username] personal username  File "<home>/<tooling-home>/worktrees/searcher-regrade4-20260817-002726/.venv/lib/python3.13/site-packages/_pytest/main.py", line 384 in _main
    artifacts/grading-round4/test_all.log:580  [home_path] home-directory path  File "<home>/<tooling-home>/worktrees/searcher-regrade4-20260817-002726/.venv/lib/python3.13/site-packages/_pytest/main.py", line 330 in wrap_session
    artifacts/grading-round4/test_all.log:580  [username] personal username  File "<home>/<tooling-home>/worktrees/searcher-regrade4-20260817-002726/.venv/lib/python3.13/site-packages/_pytest/main.py", line 330 in wrap_session
    artifacts/grading-round4/test_all.log:581  [home_path] home-directory path  File "<home>/<tooling-home>/worktrees/searcher-regrade4-20260817-002726/.venv/lib/python3.13/site-packages/_pytest/main.py", line 377 in pytest_cmdline_main
    artifacts/grading-round4/test_all.log:581  [username] personal username  File "<home>/<tooling-home>/worktrees/searcher-regrade4-20260817-002726/.venv/lib/python3.13/site-packages/_pytest/main.py", line 377 in pytest_cmdline_main
    artifacts/grading-round4/test_all.log:582  [home_path] home-directory path  File "<home>/<tooling-home>/worktrees/searcher-regrade4-20260817-002726/.venv/lib/python3.13/site-packages/pluggy/_callers.py", line 121 in _multicall
    artifacts/grading-round4/test_all.log:582  [username] personal username  File "<home>/<tooling-home>/worktrees/searcher-regrade4-20260817-002726/.venv/lib/python3.13/site-packages/pluggy/_callers.py", line 121 in _multicall
    artifacts/grading-round4/test_all.log:583  [home_path] home-directory path  File "<home>/<tooling-home>/worktrees/searcher-regrade4-20260817-002726/.venv/lib/python3.13/site-packages/pluggy/_manager.py", line 120 in _hookexec
    artifacts/grading-round4/test_all.log:583  [username] personal username  File "<home>/<tooling-home>/worktrees/searcher-regrade4-20260817-002726/.venv/lib/python3.13/site-packages/pluggy/_manager.py", line 120 in _hookexec
    artifacts/grading-round4/test_all.log:584  [home_path] home-directory path  File "<home>/<tooling-home>/worktrees/searcher-regrade4-20260817-002726/.venv/lib/python3.13/site-packages/pluggy/_hooks.py", line 512 in __call__
    artifacts/grading-round4/test_all.log:584  [username] personal username  File "<home>/<tooling-home>/worktrees/searcher-regrade4-20260817-002726/.venv/lib/python3.13/site-packages/pluggy/_hooks.py", line 512 in __call__
    artifacts/grading-round4/test_all.log:585  [home_path] home-directory path  File "<home>/<tooling-home>/worktrees/searcher-regrade4-20260817-002726/.venv/lib/python3.13/site-packages/_pytest/config/__init__.py", line 229 in _main
    artifacts/grading-round4/test_all.log:585  [username] personal username  File "<home>/<tooling-home>/worktrees/searcher-regrade4-20260817-002726/.venv/lib/python3.13/site-packages/_pytest/config/__init__.py", line 229 in _main
    artifacts/grading-round4/test_all.log:586  [home_path] home-directory path  File "<home>/<tooling-home>/worktrees/searcher-regrade4-20260817-002726/.venv/lib/python3.13/site-packages/_pytest/config/__init__.py", line 253 in _console_main
    artifacts/grading-round4/test_all.log:586  [username] personal username  File "<home>/<tooling-home>/worktrees/searcher-regrade4-20260817-002726/.venv/lib/python3.13/site-packages/_pytest/config/__init__.py", line 253 in _console_main
    artifacts/grading-round4/test_all.log:587  [home_path] home-directory path  File "<home>/<tooling-home>/worktrees/searcher-regrade4-20260817-002726/.venv/bin/pytest", line 10 in <module>
    artifacts/grading-round4/test_all.log:587  [username] personal username  File "<home>/<tooling-home>/worktrees/searcher-regrade4-20260817-002726/.venv/bin/pytest", line 10 in <module>
    artifacts/grading-round4/test_all.log:593  [home_path] home-directory path  File "<home>/.local/share/uv/python/cpython-3.13.13-macos-aarch64-none/lib/python3.13/subprocess.py", line 1921 in _execute_child
    artifacts/grading-round4/test_all.log:593  [username] personal username  File "<home>/.local/share/uv/python/cpython-3.13.13-macos-aarch64-none/lib/python3.13/subprocess.py", line 1921 in _execute_child
    artifacts/grading-round4/test_all.log:594  [home_path] home-directory path  File "<home>/.local/share/uv/python/cpython-3.13.13-macos-aarch64-none/lib/python3.13/subprocess.py", line 1039 in __init__
    artifacts/grading-round4/test_all.log:594  [username] personal username  File "<home>/.local/share/uv/python/cpython-3.13.13-macos-aarch64-none/lib/python3.13/subprocess.py", line 1039 in __init__
    artifacts/grading-round4/test_all.log:595  [home_path] home-directory path  File "<home>/<tooling-home>/worktrees/searcher-regrade4-20260817-002726/tests/real_runtime/test_orchestrator_sigkill.py", line 122 in test_sigkill_mid_pipeline_then_resume
    artifacts/grading-round4/test_all.log:595  [username] personal username  File "<home>/<tooling-home>/worktrees/searcher-regrade4-20260817-002726/tests/real_runtime/test_orchestrator_sigkill.py", line 122 in test_sigkill_mid_pipeline_then_resume
    artifacts/grading-round4/test_all.log:596  [home_path] home-directory path  File "<home>/<tooling-home>/worktrees/searcher-regrade4-20260817-002726/.venv/lib/python3.13/site-packages/_pytest/python.py", line 167 in pytest_pyfunc_call
    artifacts/grading-round4/test_all.log:596  [username] personal username  File "<home>/<tooling-home>/worktrees/searcher-regrade4-20260817-002726/.venv/lib/python3.13/site-packages/_pytest/python.py", line 167 in pytest_pyfunc_call
    artifacts/grading-round4/test_all.log:597  [home_path] home-directory path  File "<home>/<tooling-home>/worktrees/searcher-regrade4-20260817-002726/.venv/lib/python3.13/site-packages/pluggy/_callers.py", line 121 in _multicall
    artifacts/grading-round4/test_all.log:597  [username] personal username  File "<home>/<tooling-home>/worktrees/searcher-regrade4-20260817-002726/.venv/lib/python3.13/site-packages/pluggy/_callers.py", line 121 in _multicall
    artifacts/grading-round4/test_all.log:598  [home_path] home-directory path  File "<home>/<tooling-home>/worktrees/searcher-regrade4-20260817-002726/.venv/lib/python3.13/site-packages/pluggy/_manager.py", line 120 in _hookexec
    artifacts/grading-round4/test_all.log:598  [username] personal username  File "<home>/<tooling-home>/worktrees/searcher-regrade4-20260817-002726/.venv/lib/python3.13/site-packages/pluggy/_manager.py", line 120 in _hookexec
    artifacts/grading-round4/test_all.log:599  [home_path] home-directory path  File "<home>/<tooling-home>/worktrees/searcher-regrade4-20260817-002726/.venv/lib/python3.13/site-packages/pluggy/_hooks.py", line 512 in __call__
    artifacts/grading-round4/test_all.log:599  [username] personal username  File "<home>/<tooling-home>/worktrees/searcher-regrade4-20260817-002726/.venv/lib/python3.13/site-packages/pluggy/_hooks.py", line 512 in __call__
    artifacts/grading-round4/test_all.log:600  [home_path] home-directory path  File "<home>/<tooling-home>/worktrees/searcher-regrade4-20260817-002726/.venv/lib/python3.13/site-packages/_pytest/python.py", line 1707 in runtest
    artifacts/grading-round4/test_all.log:600  [username] personal username  File "<home>/<tooling-home>/worktrees/searcher-regrade4-20260817-002726/.venv/lib/python3.13/site-packages/_pytest/python.py", line 1707 in runtest
    artifacts/grading-round4/test_all.log:601  [home_path] home-directory path  File "<home>/<tooling-home>/worktrees/searcher-regrade4-20260817-002726/.venv/lib/python3.13/site-packages/_pytest/runner.py", line 184 in pytest_runtest_call
    artifacts/grading-round4/test_all.log:601  [username] personal username  File "<home>/<tooling-home>/worktrees/searcher-regrade4-20260817-002726/.venv/lib/python3.13/site-packages/_pytest/runner.py", line 184 in pytest_runtest_call
    artifacts/grading-round4/test_all.log:602  [home_path] home-directory path  File "<home>/<tooling-home>/worktrees/searcher-regrade4-20260817-002726/.venv/lib/python3.13/site-packages/pluggy/_callers.py", line 121 in _multicall
    artifacts/grading-round4/test_all.log:602  [username] personal username  File "<home>/<tooling-home>/worktrees/searcher-regrade4-20260817-002726/.venv/lib/python3.13/site-packages/pluggy/_callers.py", line 121 in _multicall
    artifacts/grading-round4/test_all.log:603  [home_path] home-directory path  File "<home>/<tooling-home>/worktrees/searcher-regrade4-20260817-002726/.venv/lib/python3.13/site-packages/pluggy/_manager.py", line 120 in _hookexec
    artifacts/grading-round4/test_all.log:603  [username] personal username  File "<home>/<tooling-home>/worktrees/searcher-regrade4-20260817-002726/.venv/lib/python3.13/site-packages/pluggy/_manager.py", line 120 in _hookexec
    artifacts/grading-round4/test_all.log:604  [home_path] home-directory path  File "<home>/<tooling-home>/worktrees/searcher-regrade4-20260817-002726/.venv/lib/python3.13/site-packages/pluggy/_hooks.py", line 512 in __call__
    artifacts/grading-round4/test_all.log:604  [username] personal username  File "<home>/<tooling-home>/worktrees/searcher-regrade4-20260817-002726/.venv/lib/python3.13/site-packages/pluggy/_hooks.py", line 512 in __call__
    artifacts/grading-round4/test_all.log:605  [home_path] home-directory path  File "<home>/<tooling-home>/worktrees/searcher-regrade4-20260817-002726/.venv/lib/python3.13/site-packages/_pytest/runner.py", line 250 in <lambda>
    artifacts/grading-round4/test_all.log:605  [username] personal username  File "<home>/<tooling-home>/worktrees/searcher-regrade4-20260817-002726/.venv/lib/python3.13/site-packages/_pytest/runner.py", line 250 in <lambda>
    artifacts/grading-round4/test_all.log:606  [home_path] home-directory path  File "<home>/<tooling-home>/worktrees/searcher-regrade4-20260817-002726/.venv/lib/python3.13/site-packages/_pytest/runner.py", line 361 in from_call
    artifacts/grading-round4/test_all.log:606  [username] personal username  File "<home>/<tooling-home>/worktrees/searcher-regrade4-20260817-002726/.venv/lib/python3.13/site-packages/_pytest/runner.py", line 361 in from_call
    artifacts/grading-round4/test_all.log:607  [home_path] home-directory path  File "<home>/<tooling-home>/worktrees/searcher-regrade4-20260817-002726/.venv/lib/python3.13/site-packages/_pytest/runner.py", line 249 in call_and_report
    artifacts/grading-round4/test_all.log:607  [username] personal username  File "<home>/<tooling-home>/worktrees/searcher-regrade4-20260817-002726/.venv/lib/python3.13/site-packages/_pytest/runner.py", line 249 in call_and_report
    artifacts/grading-round4/test_all.log:608  [home_path] home-directory path  File "<home>/<tooling-home>/worktrees/searcher-regrade4-20260817-002726/.venv/lib/python3.13/site-packages/_pytest/runner.py", line 139 in runtestprotocol
    artifacts/grading-round4/test_all.log:608  [username] personal username  File "<home>/<tooling-home>/worktrees/searcher-regrade4-20260817-002726/.venv/lib/python3.13/site-packages/_pytest/runner.py", line 139 in runtestprotocol
    artifacts/grading-round4/test_all.log:609  [home_path] home-directory path  File "<home>/<tooling-home>/worktrees/searcher-regrade4-20260817-002726/.venv/lib/python3.13/site-packages/_pytest/runner.py", line 118 in pytest_runtest_protocol
    artifacts/grading-round4/test_all.log:609  [username] personal username  File "<home>/<tooling-home>/worktrees/searcher-regrade4-20260817-002726/.venv/lib/python3.13/site-packages/_pytest/runner.py", line 118 in pytest_runtest_protocol
    artifacts/grading-round4/test_all.log:610  [home_path] home-directory path  File "<home>/<tooling-home>/worktrees/searcher-regrade4-20260817-002726/.venv/lib/python3.13/site-packages/pluggy/_callers.py", line 121 in _multicall
    artifacts/grading-round4/test_all.log:610  [username] personal username  File "<home>/<tooling-home>/worktrees/searcher-regrade4-20260817-002726/.venv/lib/python3.13/site-packages/pluggy/_callers.py", line 121 in _multicall
    artifacts/grading-round4/test_all.log:611  [home_path] home-directory path  File "<home>/<tooling-home>/worktrees/searcher-regrade4-20260817-002726/.venv/lib/python3.13/site-packages/pluggy/_manager.py", line 120 in _hookexec
    artifacts/grading-round4/test_all.log:611  [username] personal username  File "<home>/<tooling-home>/worktrees/searcher-regrade4-20260817-002726/.venv/lib/python3.13/site-packages/pluggy/_manager.py", line 120 in _hookexec
    artifacts/grading-round4/test_all.log:612  [home_path] home-directory path  File "<home>/<tooling-home>/worktrees/searcher-regrade4-20260817-002726/.venv/lib/python3.13/site-packages/pluggy/_hooks.py", line 512 in __call__
    artifacts/grading-round4/test_all.log:612  [username] personal username  File "<home>/<tooling-home>/worktrees/searcher-regrade4-20260817-002726/.venv/lib/python3.13/site-packages/pluggy/_hooks.py", line 512 in __call__
    artifacts/grading-round4/test_all.log:613  [home_path] home-directory path  File "<home>/<tooling-home>/worktrees/searcher-regrade4-20260817-002726/.venv/lib/python3.13/site-packages/_pytest/main.py", line 408 in pytest_runtestloop
    artifacts/grading-round4/test_all.log:613  [username] personal username  File "<home>/<tooling-home>/worktrees/searcher-regrade4-20260817-002726/.venv/lib/python3.13/site-packages/_pytest/main.py", line 408 in pytest_runtestloop
    artifacts/grading-round4/test_all.log:614  [home_path] home-directory path  File "<home>/<tooling-home>/worktrees/searcher-regrade4-20260817-002726/.venv/lib/python3.13/site-packages/pluggy/_callers.py", line 121 in _multicall
    artifacts/grading-round4/test_all.log:614  [username] personal username  File "<home>/<tooling-home>/worktrees/searcher-regrade4-20260817-002726/.venv/lib/python3.13/site-packages/pluggy/_callers.py", line 121 in _multicall
    artifacts/grading-round4/test_all.log:615  [home_path] home-directory path  File "<home>/<tooling-home>/worktrees/searcher-regrade4-20260817-002726/.venv/lib/python3.13/site-packages/pluggy/_manager.py", line 120 in _hookexec
    artifacts/grading-round4/test_all.log:615  [username] personal username  File "<home>/<tooling-home>/worktrees/searcher-regrade4-20260817-002726/.venv/lib/python3.13/site-packages/pluggy/_manager.py", line 120 in _hookexec
    artifacts/grading-round4/test_all.log:616  [home_path] home-directory path  File "<home>/<tooling-home>/worktrees/searcher-regrade4-20260817-002726/.venv/lib/python3.13/site-packages/pluggy/_hooks.py", line 512 in __call__
    artifacts/grading-round4/test_all.log:616  [username] personal username  File "<home>/<tooling-home>/worktrees/searcher-regrade4-20260817-002726/.venv/lib/python3.13/site-packages/pluggy/_hooks.py", line 512 in __call__
    artifacts/grading-round4/test_all.log:617  [home_path] home-directory path  File "<home>/<tooling-home>/worktrees/searcher-regrade4-20260817-002726/.venv/lib/python3.13/site-packages/_pytest/main.py", line 384 in _main
    artifacts/grading-round4/test_all.log:617  [username] personal username  File "<home>/<tooling-home>/worktrees/searcher-regrade4-20260817-002726/.venv/lib/python3.13/site-packages/_pytest/main.py", line 384 in _main
    artifacts/grading-round4/test_all.log:618  [home_path] home-directory path  File "<home>/<tooling-home>/worktrees/searcher-regrade4-20260817-002726/.venv/lib/python3.13/site-packages/_pytest/main.py", line 330 in wrap_session
    artifacts/grading-round4/test_all.log:618  [username] personal username  File "<home>/<tooling-home>/worktrees/searcher-regrade4-20260817-002726/.venv/lib/python3.13/site-packages/_pytest/main.py", line 330 in wrap_session
    artifacts/grading-round4/test_all.log:619  [home_path] home-directory path  File "<home>/<tooling-home>/worktrees/searcher-regrade4-20260817-002726/.venv/lib/python3.13/site-packages/_pytest/main.py", line 377 in pytest_cmdline_main
    artifacts/grading-round4/test_all.log:619  [username] personal username  File "<home>/<tooling-home>/worktrees/searcher-regrade4-20260817-002726/.venv/lib/python3.13/site-packages/_pytest/main.py", line 377 in pytest_cmdline_main
    artifacts/grading-round4/test_all.log:620  [home_path] home-directory path  File "<home>/<tooling-home>/worktrees/searcher-regrade4-20260817-002726/.venv/lib/python3.13/site-packages/pluggy/_callers.py", line 121 in _multicall
    artifacts/grading-round4/test_all.log:620  [username] personal username  File "<home>/<tooling-home>/worktrees/searcher-regrade4-20260817-002726/.venv/lib/python3.13/site-packages/pluggy/_callers.py", line 121 in _multicall
    artifacts/grading-round4/test_all.log:621  [home_path] home-directory path  File "<home>/<tooling-home>/worktrees/searcher-regrade4-20260817-002726/.venv/lib/python3.13/site-packages/pluggy/_manager.py", line 120 in _hookexec
    artifacts/grading-round4/test_all.log:621  [username] personal username  File "<home>/<tooling-home>/worktrees/searcher-regrade4-20260817-002726/.venv/lib/python3.13/site-packages/pluggy/_manager.py", line 120 in _hookexec
    artifacts/grading-round4/test_all.log:622  [home_path] home-directory path  File "<home>/<tooling-home>/worktrees/searcher-regrade4-20260817-002726/.venv/lib/python3.13/site-packages/pluggy/_hooks.py", line 512 in __call__
    artifacts/grading-round4/test_all.log:622  [username] personal username  File "<home>/<tooling-home>/worktrees/searcher-regrade4-20260817-002726/.venv/lib/python3.13/site-packages/pluggy/_hooks.py", line 512 in __call__
    artifacts/grading-round4/test_all.log:623  [home_path] home-directory path  File "<home>/<tooling-home>/worktrees/searcher-regrade4-20260817-002726/.venv/lib/python3.13/site-packages/_pytest/config/__init__.py", line 229 in _main
    artifacts/grading-round4/test_all.log:623  [username] personal username  File "<home>/<tooling-home>/worktrees/searcher-regrade4-20260817-002726/.venv/lib/python3.13/site-packages/_pytest/config/__init__.py", line 229 in _main
    artifacts/grading-round4/test_all.log:624  [home_path] home-directory path  File "<home>/<tooling-home>/worktrees/searcher-regrade4-20260817-002726/.venv/lib/python3.13/site-packages/_pytest/config/__init__.py", line 253 in _console_main
    artifacts/grading-round4/test_all.log:624  [username] personal username  File "<home>/<tooling-home>/worktrees/searcher-regrade4-20260817-002726/.venv/lib/python3.13/site-packages/_pytest/config/__init__.py", line 253 in _console_main
    artifacts/grading-round4/test_all.log:625  [home_path] home-directory path  File "<home>/<tooling-home>/worktrees/searcher-regrade4-20260817-002726/.venv/bin/pytest", line 10 in <module>
    artifacts/grading-round4/test_all.log:625  [username] personal username  File "<home>/<tooling-home>/worktrees/searcher-regrade4-20260817-002726/.venv/bin/pytest", line 10 in <module>
    artifacts/grading-round4/test_all.log:633  [home_path] home-directory path  File "<home>/.local/share/uv/python/cpython-3.13.13-macos-aarch64-none/lib/python3.13/subprocess.py", line 1921 in _execute_child
    artifacts/grading-round4/test_all.log:633  [username] personal username  File "<home>/.local/share/uv/python/cpython-3.13.13-macos-aarch64-none/lib/python3.13/subprocess.py", line 1921 in _execute_child
    artifacts/grading-round4/test_all.log:634  [home_path] home-directory path  File "<home>/.local/share/uv/python/cpython-3.13.13-macos-aarch64-none/lib/python3.13/subprocess.py", line 1039 in __init__
    artifacts/grading-round4/test_all.log:634  [username] personal username  File "<home>/.local/share/uv/python/cpython-3.13.13-macos-aarch64-none/lib/python3.13/subprocess.py", line 1039 in __init__
    artifacts/grading-round4/test_all.log:635  [home_path] home-directory path  File "<home>/.local/share/uv/python/cpython-3.13.13-macos-aarch64-none/lib/python3.13/subprocess.py", line 554 in run
    artifacts/grading-round4/test_all.log:635  [username] personal username  File "<home>/.local/share/uv/python/cpython-3.13.13-macos-aarch64-none/lib/python3.13/subprocess.py", line 554 in run
    artifacts/grading-round4/test_all.log:636  [home_path] home-directory path  File "<home>/<tooling-home>/worktrees/searcher-regrade4-20260817-002726/tests/unit/test_first_run.py", line 61 in test_help_lists_check_only_and_warns
    artifacts/grading-round4/test_all.log:636  [username] personal username  File "<home>/<tooling-home>/worktrees/searcher-regrade4-20260817-002726/tests/unit/test_first_run.py", line 61 in test_help_lists_check_only_and_warns
    artifacts/grading-round4/test_all.log:637  [home_path] home-directory path  File "<home>/<tooling-home>/worktrees/searcher-regrade4-20260817-002726/.venv/lib/python3.13/site-packages/_pytest/python.py", line 167 in pytest_pyfunc_call
    artifacts/grading-round4/test_all.log:637  [username] personal username  File "<home>/<tooling-home>/worktrees/searcher-regrade4-20260817-002726/.venv/lib/python3.13/site-packages/_pytest/python.py", line 167 in pytest_pyfunc_call
    artifacts/grading-round4/test_all.log:638  [home_path] home-directory path  File "<home>/<tooling-home>/worktrees/searcher-regrade4-20260817-002726/.venv/lib/python3.13/site-packages/pluggy/_callers.py", line 121 in _multicall
    artifacts/grading-round4/test_all.log:638  [username] personal username  File "<home>/<tooling-home>/worktrees/searcher-regrade4-20260817-002726/.venv/lib/python3.13/site-packages/pluggy/_callers.py", line 121 in _multicall
    artifacts/grading-round4/test_all.log:639  [home_path] home-directory path  File "<home>/<tooling-home>/worktrees/searcher-regrade4-20260817-002726/.venv/lib/python3.13/site-packages/pluggy/_manager.py", line 120 in _hookexec
    artifacts/grading-round4/test_all.log:639  [username] personal username  File "<home>/<tooling-home>/worktrees/searcher-regrade4-20260817-002726/.venv/lib/python3.13/site-packages/pluggy/_manager.py", line 120 in _hookexec
    artifacts/grading-round4/test_all.log:640  [home_path] home-directory path  File "<home>/<tooling-home>/worktrees/searcher-regrade4-20260817-002726/.venv/lib/python3.13/site-packages/pluggy/_hooks.py", line 512 in __call__
    artifacts/grading-round4/test_all.log:640  [username] personal username  File "<home>/<tooling-home>/worktrees/searcher-regrade4-20260817-002726/.venv/lib/python3.13/site-packages/pluggy/_hooks.py", line 512 in __call__
    artifacts/grading-round4/test_all.log:641  [home_path] home-directory path  File "<home>/<tooling-home>/worktrees/searcher-regrade4-20260817-002726/.venv/lib/python3.13/site-packages/_pytest/python.py", line 1707 in runtest
    artifacts/grading-round4/test_all.log:641  [username] personal username  File "<home>/<tooling-home>/worktrees/searcher-regrade4-20260817-002726/.venv/lib/python3.13/site-packages/_pytest/python.py", line 1707 in runtest
    artifacts/grading-round4/test_all.log:642  [home_path] home-directory path  File "<home>/<tooling-home>/worktrees/searcher-regrade4-20260817-002726/.venv/lib/python3.13/site-packages/_pytest/runner.py", line 184 in pytest_runtest_call
    artifacts/grading-round4/test_all.log:642  [username] personal username  File "<home>/<tooling-home>/worktrees/searcher-regrade4-20260817-002726/.venv/lib/python3.13/site-packages/_pytest/runner.py", line 184 in pytest_runtest_call
    artifacts/grading-round4/test_all.log:643  [home_path] home-directory path  File "<home>/<tooling-home>/worktrees/searcher-regrade4-20260817-002726/.venv/lib/python3.13/site-packages/pluggy/_callers.py", line 121 in _multicall
    artifacts/grading-round4/test_all.log:643  [username] personal username  File "<home>/<tooling-home>/worktrees/searcher-regrade4-20260817-002726/.venv/lib/python3.13/site-packages/pluggy/_callers.py", line 121 in _multicall
    artifacts/grading-round4/test_all.log:644  [home_path] home-directory path  File "<home>/<tooling-home>/worktrees/searcher-regrade4-20260817-002726/.venv/lib/python3.13/site-packages/pluggy/_manager.py", line 120 in _hookexec
    artifacts/grading-round4/test_all.log:644  [username] personal username  File "<home>/<tooling-home>/worktrees/searcher-regrade4-20260817-002726/.venv/lib/python3.13/site-packages/pluggy/_manager.py", line 120 in _hookexec
    artifacts/grading-round4/test_all.log:645  [home_path] home-directory path  File "<home>/<tooling-home>/worktrees/searcher-regrade4-20260817-002726/.venv/lib/python3.13/site-packages/pluggy/_hooks.py", line 512 in __call__
    artifacts/grading-round4/test_all.log:645  [username] personal username  File "<home>/<tooling-home>/worktrees/searcher-regrade4-20260817-002726/.venv/lib/python3.13/site-packages/pluggy/_hooks.py", line 512 in __call__
    artifacts/grading-round4/test_all.log:646  [home_path] home-directory path  File "<home>/<tooling-home>/worktrees/searcher-regrade4-20260817-002726/.venv/lib/python3.13/site-packages/_pytest/runner.py", line 250 in <lambda>
    artifacts/grading-round4/test_all.log:646  [username] personal username  File "<home>/<tooling-home>/worktrees/searcher-regrade4-20260817-002726/.venv/lib/python3.13/site-packages/_pytest/runner.py", line 250 in <lambda>
    artifacts/grading-round4/test_all.log:647  [home_path] home-directory path  File "<home>/<tooling-home>/worktrees/searcher-regrade4-20260817-002726/.venv/lib/python3.13/site-packages/_pytest/runner.py", line 361 in from_call
    artifacts/grading-round4/test_all.log:647  [username] personal username  File "<home>/<tooling-home>/worktrees/searcher-regrade4-20260817-002726/.venv/lib/python3.13/site-packages/_pytest/runner.py", line 361 in from_call
    artifacts/grading-round4/test_all.log:648  [home_path] home-directory path  File "<home>/<tooling-home>/worktrees/searcher-regrade4-20260817-002726/.venv/lib/python3.13/site-packages/_pytest/runner.py", line 249 in call_and_report
    artifacts/grading-round4/test_all.log:648  [username] personal username  File "<home>/<tooling-home>/worktrees/searcher-regrade4-20260817-002726/.venv/lib/python3.13/site-packages/_pytest/runner.py", line 249 in call_and_report
    artifacts/grading-round4/test_all.log:649  [home_path] home-directory path  File "<home>/<tooling-home>/worktrees/searcher-regrade4-20260817-002726/.venv/lib/python3.13/site-packages/_pytest/runner.py", line 139 in runtestprotocol
    artifacts/grading-round4/test_all.log:649  [username] personal username  File "<home>/<tooling-home>/worktrees/searcher-regrade4-20260817-002726/.venv/lib/python3.13/site-packages/_pytest/runner.py", line 139 in runtestprotocol
    artifacts/grading-round4/test_all.log:650  [home_path] home-directory path  File "<home>/<tooling-home>/worktrees/searcher-regrade4-20260817-002726/.venv/lib/python3.13/site-packages/_pytest/runner.py", line 118 in pytest_runtest_protocol
    artifacts/grading-round4/test_all.log:650  [username] personal username  File "<home>/<tooling-home>/worktrees/searcher-regrade4-20260817-002726/.venv/lib/python3.13/site-packages/_pytest/runner.py", line 118 in pytest_runtest_protocol
    artifacts/grading-round4/test_all.log:651  [home_path] home-directory path  File "<home>/<tooling-home>/worktrees/searcher-regrade4-20260817-002726/.venv/lib/python3.13/site-packages/pluggy/_callers.py", line 121 in _multicall
    artifacts/grading-round4/test_all.log:651  [username] personal username  File "<home>/<tooling-home>/worktrees/searcher-regrade4-20260817-002726/.venv/lib/python3.13/site-packages/pluggy/_callers.py", line 121 in _multicall
    artifacts/grading-round4/test_all.log:652  [home_path] home-directory path  File "<home>/<tooling-home>/worktrees/searcher-regrade4-20260817-002726/.venv/lib/python3.13/site-packages/pluggy/_manager.py", line 120 in _hookexec
    artifacts/grading-round4/test_all.log:652  [username] personal username  File "<home>/<tooling-home>/worktrees/searcher-regrade4-20260817-002726/.venv/lib/python3.13/site-packages/pluggy/_manager.py", line 120 in _hookexec
    artifacts/grading-round4/test_all.log:653  [home_path] home-directory path  File "<home>/<tooling-home>/worktrees/searcher-regrade4-20260817-002726/.venv/lib/python3.13/site-packages/pluggy/_hooks.py", line 512 in __call__
    artifacts/grading-round4/test_all.log:653  [username] personal username  File "<home>/<tooling-home>/worktrees/searcher-regrade4-20260817-002726/.venv/lib/python3.13/site-packages/pluggy/_hooks.py", line 512 in __call__
    artifacts/grading-round4/test_all.log:654  [home_path] home-directory path  File "<home>/<tooling-home>/worktrees/searcher-regrade4-20260817-002726/.venv/lib/python3.13/site-packages/_pytest/main.py", line 408 in pytest_runtestloop
    artifacts/grading-round4/test_all.log:654  [username] personal username  File "<home>/<tooling-home>/worktrees/searcher-regrade4-20260817-002726/.venv/lib/python3.13/site-packages/_pytest/main.py", line 408 in pytest_runtestloop
    artifacts/grading-round4/test_all.log:655  [home_path] home-directory path  File "<home>/<tooling-home>/worktrees/searcher-regrade4-20260817-002726/.venv/lib/python3.13/site-packages/pluggy/_callers.py", line 121 in _multicall
    artifacts/grading-round4/test_all.log:655  [username] personal username  File "<home>/<tooling-home>/worktrees/searcher-regrade4-20260817-002726/.venv/lib/python3.13/site-packages/pluggy/_callers.py", line 121 in _multicall
    artifacts/grading-round4/test_all.log:656  [home_path] home-directory path  File "<home>/<tooling-home>/worktrees/searcher-regrade4-20260817-002726/.venv/lib/python3.13/site-packages/pluggy/_manager.py", line 120 in _hookexec
    artifacts/grading-round4/test_all.log:656  [username] personal username  File "<home>/<tooling-home>/worktrees/searcher-regrade4-20260817-002726/.venv/lib/python3.13/site-packages/pluggy/_manager.py", line 120 in _hookexec
    artifacts/grading-round4/test_all.log:657  [home_path] home-directory path  File "<home>/<tooling-home>/worktrees/searcher-regrade4-20260817-002726/.venv/lib/python3.13/site-packages/pluggy/_hooks.py", line 512 in __call__
    artifacts/grading-round4/test_all.log:657  [username] personal username  File "<home>/<tooling-home>/worktrees/searcher-regrade4-20260817-002726/.venv/lib/python3.13/site-packages/pluggy/_hooks.py", line 512 in __call__
    artifacts/grading-round4/test_all.log:658  [home_path] home-directory path  File "<home>/<tooling-home>/worktrees/searcher-regrade4-20260817-002726/.venv/lib/python3.13/site-packages/_pytest/main.py", line 384 in _main
    artifacts/grading-round4/test_all.log:658  [username] personal username  File "<home>/<tooling-home>/worktrees/searcher-regrade4-20260817-002726/.venv/lib/python3.13/site-packages/_pytest/main.py", line 384 in _main
    artifacts/grading-round4/test_all.log:659  [home_path] home-directory path  File "<home>/<tooling-home>/worktrees/searcher-regrade4-20260817-002726/.venv/lib/python3.13/site-packages/_pytest/main.py", line 330 in wrap_session
    artifacts/grading-round4/test_all.log:659  [username] personal username  File "<home>/<tooling-home>/worktrees/searcher-regrade4-20260817-002726/.venv/lib/python3.13/site-packages/_pytest/main.py", line 330 in wrap_session
    artifacts/grading-round4/test_all.log:660  [home_path] home-directory path  File "<home>/<tooling-home>/worktrees/searcher-regrade4-20260817-002726/.venv/lib/python3.13/site-packages/_pytest/main.py", line 377 in pytest_cmdline_main
    artifacts/grading-round4/test_all.log:660  [username] personal username  File "<home>/<tooling-home>/worktrees/searcher-regrade4-20260817-002726/.venv/lib/python3.13/site-packages/_pytest/main.py", line 377 in pytest_cmdline_main
    artifacts/grading-round4/test_all.log:661  [home_path] home-directory path  File "<home>/<tooling-home>/worktrees/searcher-regrade4-20260817-002726/.venv/lib/python3.13/site-packages/pluggy/_callers.py", line 121 in _multicall
    artifacts/grading-round4/test_all.log:661  [username] personal username  File "<home>/<tooling-home>/worktrees/searcher-regrade4-20260817-002726/.venv/lib/python3.13/site-packages/pluggy/_callers.py", line 121 in _multicall
    artifacts/grading-round4/test_all.log:662  [home_path] home-directory path  File "<home>/<tooling-home>/worktrees/searcher-regrade4-20260817-002726/.venv/lib/python3.13/site-packages/pluggy/_manager.py", line 120 in _hookexec
    artifacts/grading-round4/test_all.log:662  [username] personal username  File "<home>/<tooling-home>/worktrees/searcher-regrade4-20260817-002726/.venv/lib/python3.13/site-packages/pluggy/_manager.py", line 120 in _hookexec
    artifacts/grading-round4/test_all.log:663  [home_path] home-directory path  File "<home>/<tooling-home>/worktrees/searcher-regrade4-20260817-002726/.venv/lib/python3.13/site-packages/pluggy/_hooks.py", line 512 in __call__
    artifacts/grading-round4/test_all.log:663  [username] personal username  File "<home>/<tooling-home>/worktrees/searcher-regrade4-20260817-002726/.venv/lib/python3.13/site-packages/pluggy/_hooks.py", line 512 in __call__
    artifacts/grading-round4/test_all.log:664  [home_path] home-directory path  File "<home>/<tooling-home>/worktrees/searcher-regrade4-20260817-002726/.venv/lib/python3.13/site-packages/_pytest/config/__init__.py", line 229 in _main
    artifacts/grading-round4/test_all.log:664  [username] personal username  File "<home>/<tooling-home>/worktrees/searcher-regrade4-20260817-002726/.venv/lib/python3.13/site-packages/_pytest/config/__init__.py", line 229 in _main
    artifacts/grading-round4/test_all.log:665  [home_path] home-directory path  File "<home>/<tooling-home>/worktrees/searcher-regrade4-20260817-002726/.venv/lib/python3.13/site-packages/_pytest/config/__init__.py", line 253 in _console_main
    artifacts/grading-round4/test_all.log:665  [username] personal username  File "<home>/<tooling-home>/worktrees/searcher-regrade4-20260817-002726/.venv/lib/python3.13/site-packages/_pytest/config/__init__.py", line 253 in _console_main
    artifacts/grading-round4/test_all.log:666  [home_path] home-directory path  File "<home>/<tooling-home>/worktrees/searcher-regrade4-20260817-002726/.venv/bin/pytest", line 10 in <module>
    artifacts/grading-round4/test_all.log:666  [username] personal username  File "<home>/<tooling-home>/worktrees/searcher-regrade4-20260817-002726/.venv/bin/pytest", line 10 in <module>
    artifacts/grading-round4/test_all.log:672  [home_path] home-directory path  File "<home>/.local/share/uv/python/cpython-3.13.13-macos-aarch64-none/lib/python3.13/subprocess.py", line 1921 in _execute_child
    artifacts/grading-round4/test_all.log:672  [username] personal username  File "<home>/.local/share/uv/python/cpython-3.13.13-macos-aarch64-none/lib/python3.13/subprocess.py", line 1921 in _execute_child
    artifacts/grading-round4/test_all.log:673  [home_path] home-directory path  File "<home>/.local/share/uv/python/cpython-3.13.13-macos-aarch64-none/lib/python3.13/subprocess.py", line 1039 in __init__
    artifacts/grading-round4/test_all.log:673  [username] personal username  File "<home>/.local/share/uv/python/cpython-3.13.13-macos-aarch64-none/lib/python3.13/subprocess.py", line 1039 in __init__
    artifacts/grading-round4/test_all.log:674  [home_path] home-directory path  File "<home>/.local/share/uv/python/cpython-3.13.13-macos-aarch64-none/lib/python3.13/subprocess.py", line 554 in run
    artifacts/grading-round4/test_all.log:674  [username] personal username  File "<home>/.local/share/uv/python/cpython-3.13.13-macos-aarch64-none/lib/python3.13/subprocess.py", line 554 in run
    artifacts/grading-round4/test_all.log:675  [home_path] home-directory path  File "<home>/<tooling-home>/worktrees/searcher-regrade4-20260817-002726/tests/unit/test_first_run.py", line 134 in test_serve_shared_refuses_when_port_in_use
    artifacts/grading-round4/test_all.log:675  [username] personal username  File "<home>/<tooling-home>/worktrees/searcher-regrade4-20260817-002726/tests/unit/test_first_run.py", line 134 in test_serve_shared_refuses_when_port_in_use
    artifacts/grading-round4/test_all.log:676  [home_path] home-directory path  File "<home>/<tooling-home>/worktrees/searcher-regrade4-20260817-002726/.venv/lib/python3.13/site-packages/_pytest/python.py", line 167 in pytest_pyfunc_call
    artifacts/grading-round4/test_all.log:676  [username] personal username  File "<home>/<tooling-home>/worktrees/searcher-regrade4-20260817-002726/.venv/lib/python3.13/site-packages/_pytest/python.py", line 167 in pytest_pyfunc_call
    artifacts/grading-round4/test_all.log:677  [home_path] home-directory path  File "<home>/<tooling-home>/worktrees/searcher-regrade4-20260817-002726/.venv/lib/python3.13/site-packages/pluggy/_callers.py", line 121 in _multicall
    artifacts/grading-round4/test_all.log:677  [username] personal username  File "<home>/<tooling-home>/worktrees/searcher-regrade4-20260817-002726/.venv/lib/python3.13/site-packages/pluggy/_callers.py", line 121 in _multicall
    artifacts/grading-round4/test_all.log:678  [home_path] home-directory path  File "<home>/<tooling-home>/worktrees/searcher-regrade4-20260817-002726/.venv/lib/python3.13/site-packages/pluggy/_manager.py", line 120 in _hookexec
    artifacts/grading-round4/test_all.log:678  [username] personal username  File "<home>/<tooling-home>/worktrees/searcher-regrade4-20260817-002726/.venv/lib/python3.13/site-packages/pluggy/_manager.py", line 120 in _hookexec
    artifacts/grading-round4/test_all.log:679  [home_path] home-directory path  File "<home>/<tooling-home>/worktrees/searcher-regrade4-20260817-002726/.venv/lib/python3.13/site-packages/pluggy/_hooks.py", line 512 in __call__
    artifacts/grading-round4/test_all.log:679  [username] personal username  File "<home>/<tooling-home>/worktrees/searcher-regrade4-20260817-002726/.venv/lib/python3.13/site-packages/pluggy/_hooks.py", line 512 in __call__
    artifacts/grading-round4/test_all.log:680  [home_path] home-directory path  File "<home>/<tooling-home>/worktrees/searcher-regrade4-20260817-002726/.venv/lib/python3.13/site-packages/_pytest/python.py", line 1707 in runtest
    artifacts/grading-round4/test_all.log:680  [username] personal username  File "<home>/<tooling-home>/worktrees/searcher-regrade4-20260817-002726/.venv/lib/python3.13/site-packages/_pytest/python.py", line 1707 in runtest
    artifacts/grading-round4/test_all.log:681  [home_path] home-directory path  File "<home>/<tooling-home>/worktrees/searcher-regrade4-20260817-002726/.venv/lib/python3.13/site-packages/_pytest/runner.py", line 184 in pytest_runtest_call
    artifacts/grading-round4/test_all.log:681  [username] personal username  File "<home>/<tooling-home>/worktrees/searcher-regrade4-20260817-002726/.venv/lib/python3.13/site-packages/_pytest/runner.py", line 184 in pytest_runtest_call
    artifacts/grading-round4/test_all.log:682  [home_path] home-directory path  File "<home>/<tooling-home>/worktrees/searcher-regrade4-20260817-002726/.venv/lib/python3.13/site-packages/pluggy/_callers.py", line 121 in _multicall
    artifacts/grading-round4/test_all.log:682  [username] personal username  File "<home>/<tooling-home>/worktrees/searcher-regrade4-20260817-002726/.venv/lib/python3.13/site-packages/pluggy/_callers.py", line 121 in _multicall
    artifacts/grading-round4/test_all.log:683  [home_path] home-directory path  File "<home>/<tooling-home>/worktrees/searcher-regrade4-20260817-002726/.venv/lib/python3.13/site-packages/pluggy/_manager.py", line 120 in _hookexec
    artifacts/grading-round4/test_all.log:683  [username] personal username  File "<home>/<tooling-home>/worktrees/searcher-regrade4-20260817-002726/.venv/lib/python3.13/site-packages/pluggy/_manager.py", line 120 in _hookexec
    artifacts/grading-round4/test_all.log:684  [home_path] home-directory path  File "<home>/<tooling-home>/worktrees/searcher-regrade4-20260817-002726/.venv/lib/python3.13/site-packages/pluggy/_hooks.py", line 512 in __call__
    artifacts/grading-round4/test_all.log:684  [username] personal username  File "<home>/<tooling-home>/worktrees/searcher-regrade4-20260817-002726/.venv/lib/python3.13/site-packages/pluggy/_hooks.py", line 512 in __call__
    artifacts/grading-round4/test_all.log:685  [home_path] home-directory path  File "<home>/<tooling-home>/worktrees/searcher-regrade4-20260817-002726/.venv/lib/python3.13/site-packages/_pytest/runner.py", line 250 in <lambda>
    artifacts/grading-round4/test_all.log:685  [username] personal username  File "<home>/<tooling-home>/worktrees/searcher-regrade4-20260817-002726/.venv/lib/python3.13/site-packages/_pytest/runner.py", line 250 in <lambda>
    artifacts/grading-round4/test_all.log:686  [home_path] home-directory path  File "<home>/<tooling-home>/worktrees/searcher-regrade4-20260817-002726/.venv/lib/python3.13/site-packages/_pytest/runner.py", line 361 in from_call
    artifacts/grading-round4/test_all.log:686  [username] personal username  File "<home>/<tooling-home>/worktrees/searcher-regrade4-20260817-002726/.venv/lib/python3.13/site-packages/_pytest/runner.py", line 361 in from_call
    artifacts/grading-round4/test_all.log:687  [home_path] home-directory path  File "<home>/<tooling-home>/worktrees/searcher-regrade4-20260817-002726/.venv/lib/python3.13/site-packages/_pytest/runner.py", line 249 in call_and_report
    artifacts/grading-round4/test_all.log:687  [username] personal username  File "<home>/<tooling-home>/worktrees/searcher-regrade4-20260817-002726/.venv/lib/python3.13/site-packages/_pytest/runner.py", line 249 in call_and_report
    artifacts/grading-round4/test_all.log:688  [home_path] home-directory path  File "<home>/<tooling-home>/worktrees/searcher-regrade4-20260817-002726/.venv/lib/python3.13/site-packages/_pytest/runner.py", line 139 in runtestprotocol
    artifacts/grading-round4/test_all.log:688  [username] personal username  File "<home>/<tooling-home>/worktrees/searcher-regrade4-20260817-002726/.venv/lib/python3.13/site-packages/_pytest/runner.py", line 139 in runtestprotocol
    artifacts/grading-round4/test_all.log:689  [home_path] home-directory path  File "<home>/<tooling-home>/worktrees/searcher-regrade4-20260817-002726/.venv/lib/python3.13/site-packages/_pytest/runner.py", line 118 in pytest_runtest_protocol
    artifacts/grading-round4/test_all.log:689  [username] personal username  File "<home>/<tooling-home>/worktrees/searcher-regrade4-20260817-002726/.venv/lib/python3.13/site-packages/_pytest/runner.py", line 118 in pytest_runtest_protocol
    artifacts/grading-round4/test_all.log:690  [home_path] home-directory path  File "<home>/<tooling-home>/worktrees/searcher-regrade4-20260817-002726/.venv/lib/python3.13/site-packages/pluggy/_callers.py", line 121 in _multicall
    artifacts/grading-round4/test_all.log:690  [username] personal username  File "<home>/<tooling-home>/worktrees/searcher-regrade4-20260817-002726/.venv/lib/python3.13/site-packages/pluggy/_callers.py", line 121 in _multicall
    artifacts/grading-round4/test_all.log:691  [home_path] home-directory path  File "<home>/<tooling-home>/worktrees/searcher-regrade4-20260817-002726/.venv/lib/python3.13/site-packages/pluggy/_manager.py", line 120 in _hookexec
    artifacts/grading-round4/test_all.log:691  [username] personal username  File "<home>/<tooling-home>/worktrees/searcher-regrade4-20260817-002726/.venv/lib/python3.13/site-packages/pluggy/_manager.py", line 120 in _hookexec
    artifacts/grading-round4/test_all.log:692  [home_path] home-directory path  File "<home>/<tooling-home>/worktrees/searcher-regrade4-20260817-002726/.venv/lib/python3.13/site-packages/pluggy/_hooks.py", line 512 in __call__
    artifacts/grading-round4/test_all.log:692  [username] personal username  File "<home>/<tooling-home>/worktrees/searcher-regrade4-20260817-002726/.venv/lib/python3.13/site-packages/pluggy/_hooks.py", line 512 in __call__
    artifacts/grading-round4/test_all.log:693  [home_path] home-directory path  File "<home>/<tooling-home>/worktrees/searcher-regrade4-20260817-002726/.venv/lib/python3.13/site-packages/_pytest/main.py", line 408 in pytest_runtestloop
    artifacts/grading-round4/test_all.log:693  [username] personal username  File "<home>/<tooling-home>/worktrees/searcher-regrade4-20260817-002726/.venv/lib/python3.13/site-packages/_pytest/main.py", line 408 in pytest_runtestloop
    artifacts/grading-round4/test_all.log:694  [home_path] home-directory path  File "<home>/<tooling-home>/worktrees/searcher-regrade4-20260817-002726/.venv/lib/python3.13/site-packages/pluggy/_callers.py", line 121 in _multicall
    artifacts/grading-round4/test_all.log:694  [username] personal username  File "<home>/<tooling-home>/worktrees/searcher-regrade4-20260817-002726/.venv/lib/python3.13/site-packages/pluggy/_callers.py", line 121 in _multicall
    artifacts/grading-round4/test_all.log:695  [home_path] home-directory path  File "<home>/<tooling-home>/worktrees/searcher-regrade4-20260817-002726/.venv/lib/python3.13/site-packages/pluggy/_manager.py", line 120 in _hookexec
    artifacts/grading-round4/test_all.log:695  [username] personal username  File "<home>/<tooling-home>/worktrees/searcher-regrade4-20260817-002726/.venv/lib/python3.13/site-packages/pluggy/_manager.py", line 120 in _hookexec
    artifacts/grading-round4/test_all.log:696  [home_path] home-directory path  File "<home>/<tooling-home>/worktrees/searcher-regrade4-20260817-002726/.venv/lib/python3.13/site-packages/pluggy/_hooks.py", line 512 in __call__
    artifacts/grading-round4/test_all.log:696  [username] personal username  File "<home>/<tooling-home>/worktrees/searcher-regrade4-20260817-002726/.venv/lib/python3.13/site-packages/pluggy/_hooks.py", line 512 in __call__
    artifacts/grading-round4/test_all.log:697  [home_path] home-directory path  File "<home>/<tooling-home>/worktrees/searcher-regrade4-20260817-002726/.venv/lib/python3.13/site-packages/_pytest/main.py", line 384 in _main
    artifacts/grading-round4/test_all.log:697  [username] personal username  File "<home>/<tooling-home>/worktrees/searcher-regrade4-20260817-002726/.venv/lib/python3.13/site-packages/_pytest/main.py", line 384 in _main
    artifacts/grading-round4/test_all.log:698  [home_path] home-directory path  File "<home>/<tooling-home>/worktrees/searcher-regrade4-20260817-002726/.venv/lib/python3.13/site-packages/_pytest/main.py", line 330 in wrap_session
    artifacts/grading-round4/test_all.log:698  [username] personal username  File "<home>/<tooling-home>/worktrees/searcher-regrade4-20260817-002726/.venv/lib/python3.13/site-packages/_pytest/main.py", line 330 in wrap_session
    artifacts/grading-round4/test_all.log:699  [home_path] home-directory path  File "<home>/<tooling-home>/worktrees/searcher-regrade4-20260817-002726/.venv/lib/python3.13/site-packages/_pytest/main.py", line 377 in pytest_cmdline_main
    artifacts/grading-round4/test_all.log:699  [username] personal username  File "<home>/<tooling-home>/worktrees/searcher-regrade4-20260817-002726/.venv/lib/python3.13/site-packages/_pytest/main.py", line 377 in pytest_cmdline_main
    artifacts/grading-round4/test_all.log:700  [home_path] home-directory path  File "<home>/<tooling-home>/worktrees/searcher-regrade4-20260817-002726/.venv/lib/python3.13/site-packages/pluggy/_callers.py", line 121 in _multicall
    artifacts/grading-round4/test_all.log:700  [username] personal username  File "<home>/<tooling-home>/worktrees/searcher-regrade4-20260817-002726/.venv/lib/python3.13/site-packages/pluggy/_callers.py", line 121 in _multicall
    artifacts/grading-round4/test_all.log:701  [home_path] home-directory path  File "<home>/<tooling-home>/worktrees/searcher-regrade4-20260817-002726/.venv/lib/python3.13/site-packages/pluggy/_manager.py", line 120 in _hookexec
    artifacts/grading-round4/test_all.log:701  [username] personal username  File "<home>/<tooling-home>/worktrees/searcher-regrade4-20260817-002726/.venv/lib/python3.13/site-packages/pluggy/_manager.py", line 120 in _hookexec
    artifacts/grading-round4/test_all.log:702  [home_path] home-directory path  File "<home>/<tooling-home>/worktrees/searcher-regrade4-20260817-002726/.venv/lib/python3.13/site-packages/pluggy/_hooks.py", line 512 in __call__
    artifacts/grading-round4/test_all.log:702  [username] personal username  File "<home>/<tooling-home>/worktrees/searcher-regrade4-20260817-002726/.venv/lib/python3.13/site-packages/pluggy/_hooks.py", line 512 in __call__
    artifacts/grading-round4/test_all.log:703  [home_path] home-directory path  File "<home>/<tooling-home>/worktrees/searcher-regrade4-20260817-002726/.venv/lib/python3.13/site-packages/_pytest/config/__init__.py", line 229 in _main
    artifacts/grading-round4/test_all.log:703  [username] personal username  File "<home>/<tooling-home>/worktrees/searcher-regrade4-20260817-002726/.venv/lib/python3.13/site-packages/_pytest/config/__init__.py", line 229 in _main
    artifacts/grading-round4/test_all.log:704  [home_path] home-directory path  File "<home>/<tooling-home>/worktrees/searcher-regrade4-20260817-002726/.venv/lib/python3.13/site-packages/_pytest/config/__init__.py", line 253 in _console_main
    artifacts/grading-round4/test_all.log:704  [username] personal username  File "<home>/<tooling-home>/worktrees/searcher-regrade4-20260817-002726/.venv/lib/python3.13/site-packages/_pytest/config/__init__.py", line 253 in _console_main
    artifacts/grading-round4/test_all.log:705  [home_path] home-directory path  File "<home>/<tooling-home>/worktrees/searcher-regrade4-20260817-002726/.venv/bin/pytest", line 10 in <module>
    artifacts/grading-round4/test_all.log:705  [username] personal username  File "<home>/<tooling-home>/worktrees/searcher-regrade4-20260817-002726/.venv/bin/pytest", line 10 in <module>
    artifacts/grading-round4/test_all.log:711  [home_path] home-directory path  File "<home>/.local/share/uv/python/cpython-3.13.13-macos-aarch64-none/lib/python3.13/subprocess.py", line 1921 in _execute_child
    artifacts/grading-round4/test_all.log:711  [username] personal username  File "<home>/.local/share/uv/python/cpython-3.13.13-macos-aarch64-none/lib/python3.13/subprocess.py", line 1921 in _execute_child
    artifacts/grading-round4/test_all.log:712  [home_path] home-directory path  File "<home>/.local/share/uv/python/cpython-3.13.13-macos-aarch64-none/lib/python3.13/subprocess.py", line 1039 in __init__
    artifacts/grading-round4/test_all.log:712  [username] personal username  File "<home>/.local/share/uv/python/cpython-3.13.13-macos-aarch64-none/lib/python3.13/subprocess.py", line 1039 in __init__
    artifacts/grading-round4/test_all.log:713  [home_path] home-directory path  File "<home>/.local/share/uv/python/cpython-3.13.13-macos-aarch64-none/lib/python3.13/subprocess.py", line 554 in run
    artifacts/grading-round4/test_all.log:713  [username] personal username  File "<home>/.local/share/uv/python/cpython-3.13.13-macos-aarch64-none/lib/python3.13/subprocess.py", line 554 in run
    artifacts/grading-round4/test_all.log:714  [home_path] home-directory path  File "<home>/<tooling-home>/worktrees/searcher-regrade4-20260817-002726/tests/unit/test_first_run.py", line 153 in test_serve_shared_refuses_pages_origin_with_a_path
    artifacts/grading-round4/test_all.log:714  [username] personal username  File "<home>/<tooling-home>/worktrees/searcher-regrade4-20260817-002726/tests/unit/test_first_run.py", line 153 in test_serve_shared_refuses_pages_origin_with_a_path
    artifacts/grading-round4/test_all.log:715  [home_path] home-directory path  File "<home>/<tooling-home>/worktrees/searcher-regrade4-20260817-002726/.venv/lib/python3.13/site-packages/_pytest/python.py", line 167 in pytest_pyfunc_call
    artifacts/grading-round4/test_all.log:715  [username] personal username  File "<home>/<tooling-home>/worktrees/searcher-regrade4-20260817-002726/.venv/lib/python3.13/site-packages/_pytest/python.py", line 167 in pytest_pyfunc_call
    artifacts/grading-round4/test_all.log:716  [home_path] home-directory path  File "<home>/<tooling-home>/worktrees/searcher-regrade4-20260817-002726/.venv/lib/python3.13/site-packages/pluggy/_callers.py", line 121 in _multicall
    artifacts/grading-round4/test_all.log:716  [username] personal username  File "<home>/<tooling-home>/worktrees/searcher-regrade4-20260817-002726/.venv/lib/python3.13/site-packages/pluggy/_callers.py", line 121 in _multicall
    artifacts/grading-round4/test_all.log:717  [home_path] home-directory path  File "<home>/<tooling-home>/worktrees/searcher-regrade4-20260817-002726/.venv/lib/python3.13/site-packages/pluggy/_manager.py", line 120 in _hookexec
    artifacts/grading-round4/test_all.log:717  [username] personal username  File "<home>/<tooling-home>/worktrees/searcher-regrade4-20260817-002726/.venv/lib/python3.13/site-packages/pluggy/_manager.py", line 120 in _hookexec
    artifacts/grading-round4/test_all.log:718  [home_path] home-directory path  File "<home>/<tooling-home>/worktrees/searcher-regrade4-20260817-002726/.venv/lib/python3.13/site-packages/pluggy/_hooks.py", line 512 in __call__
    artifacts/grading-round4/test_all.log:718  [username] personal username  File "<home>/<tooling-home>/worktrees/searcher-regrade4-20260817-002726/.venv/lib/python3.13/site-packages/pluggy/_hooks.py", line 512 in __call__
    artifacts/grading-round4/test_all.log:719  [home_path] home-directory path  File "<home>/<tooling-home>/worktrees/searcher-regrade4-20260817-002726/.venv/lib/python3.13/site-packages/_pytest/python.py", line 1707 in runtest
    artifacts/grading-round4/test_all.log:719  [username] personal username  File "<home>/<tooling-home>/worktrees/searcher-regrade4-20260817-002726/.venv/lib/python3.13/site-packages/_pytest/python.py", line 1707 in runtest
    artifacts/grading-round4/test_all.log:720  [home_path] home-directory path  File "<home>/<tooling-home>/worktrees/searcher-regrade4-20260817-002726/.venv/lib/python3.13/site-packages/_pytest/runner.py", line 184 in pytest_runtest_call
    artifacts/grading-round4/test_all.log:720  [username] personal username  File "<home>/<tooling-home>/worktrees/searcher-regrade4-20260817-002726/.venv/lib/python3.13/site-packages/_pytest/runner.py", line 184 in pytest_runtest_call
    artifacts/grading-round4/test_all.log:721  [home_path] home-directory path  File "<home>/<tooling-home>/worktrees/searcher-regrade4-20260817-002726/.venv/lib/python3.13/site-packages/pluggy/_callers.py", line 121 in _multicall
    artifacts/grading-round4/test_all.log:721  [username] personal username  File "<home>/<tooling-home>/worktrees/searcher-regrade4-20260817-002726/.venv/lib/python3.13/site-packages/pluggy/_callers.py", line 121 in _multicall
    artifacts/grading-round4/test_all.log:722  [home_path] home-directory path  File "<home>/<tooling-home>/worktrees/searcher-regrade4-20260817-002726/.venv/lib/python3.13/site-packages/pluggy/_manager.py", line 120 in _hookexec
    artifacts/grading-round4/test_all.log:722  [username] personal username  File "<home>/<tooling-home>/worktrees/searcher-regrade4-20260817-002726/.venv/lib/python3.13/site-packages/pluggy/_manager.py", line 120 in _hookexec
    artifacts/grading-round4/test_all.log:723  [home_path] home-directory path  File "<home>/<tooling-home>/worktrees/searcher-regrade4-20260817-002726/.venv/lib/python3.13/site-packages/pluggy/_hooks.py", line 512 in __call__
    artifacts/grading-round4/test_all.log:723  [username] personal username  File "<home>/<tooling-home>/worktrees/searcher-regrade4-20260817-002726/.venv/lib/python3.13/site-packages/pluggy/_hooks.py", line 512 in __call__
    artifacts/grading-round4/test_all.log:724  [home_path] home-directory path  File "<home>/<tooling-home>/worktrees/searcher-regrade4-20260817-002726/.venv/lib/python3.13/site-packages/_pytest/runner.py", line 250 in <lambda>
    artifacts/grading-round4/test_all.log:724  [username] personal username  File "<home>/<tooling-home>/worktrees/searcher-regrade4-20260817-002726/.venv/lib/python3.13/site-packages/_pytest/runner.py", line 250 in <lambda>
    artifacts/grading-round4/test_all.log:725  [home_path] home-directory path  File "<home>/<tooling-home>/worktrees/searcher-regrade4-20260817-002726/.venv/lib/python3.13/site-packages/_pytest/runner.py", line 361 in from_call
    artifacts/grading-round4/test_all.log:725  [username] personal username  File "<home>/<tooling-home>/worktrees/searcher-regrade4-20260817-002726/.venv/lib/python3.13/site-packages/_pytest/runner.py", line 361 in from_call
    artifacts/grading-round4/test_all.log:726  [home_path] home-directory path  File "<home>/<tooling-home>/worktrees/searcher-regrade4-20260817-002726/.venv/lib/python3.13/site-packages/_pytest/runner.py", line 249 in call_and_report
    artifacts/grading-round4/test_all.log:726  [username] personal username  File "<home>/<tooling-home>/worktrees/searcher-regrade4-20260817-002726/.venv/lib/python3.13/site-packages/_pytest/runner.py", line 249 in call_and_report
    artifacts/grading-round4/test_all.log:727  [home_path] home-directory path  File "<home>/<tooling-home>/worktrees/searcher-regrade4-20260817-002726/.venv/lib/python3.13/site-packages/_pytest/runner.py", line 139 in runtestprotocol
    artifacts/grading-round4/test_all.log:727  [username] personal username  File "<home>/<tooling-home>/worktrees/searcher-regrade4-20260817-002726/.venv/lib/python3.13/site-packages/_pytest/runner.py", line 139 in runtestprotocol
    artifacts/grading-round4/test_all.log:728  [home_path] home-directory path  File "<home>/<tooling-home>/worktrees/searcher-regrade4-20260817-002726/.venv/lib/python3.13/site-packages/_pytest/runner.py", line 118 in pytest_runtest_protocol
    artifacts/grading-round4/test_all.log:728  [username] personal username  File "<home>/<tooling-home>/worktrees/searcher-regrade4-20260817-002726/.venv/lib/python3.13/site-packages/_pytest/runner.py", line 118 in pytest_runtest_protocol
    artifacts/grading-round4/test_all.log:729  [home_path] home-directory path  File "<home>/<tooling-home>/worktrees/searcher-regrade4-20260817-002726/.venv/lib/python3.13/site-packages/pluggy/_callers.py", line 121 in _multicall
    artifacts/grading-round4/test_all.log:729  [username] personal username  File "<home>/<tooling-home>/worktrees/searcher-regrade4-20260817-002726/.venv/lib/python3.13/site-packages/pluggy/_callers.py", line 121 in _multicall
    artifacts/grading-round4/test_all.log:730  [home_path] home-directory path  File "<home>/<tooling-home>/worktrees/searcher-regrade4-20260817-002726/.venv/lib/python3.13/site-packages/pluggy/_manager.py", line 120 in _hookexec
    artifacts/grading-round4/test_all.log:730  [username] personal username  File "<home>/<tooling-home>/worktrees/searcher-regrade4-20260817-002726/.venv/lib/python3.13/site-packages/pluggy/_manager.py", line 120 in _hookexec
    artifacts/grading-round4/test_all.log:731  [home_path] home-directory path  File "<home>/<tooling-home>/worktrees/searcher-regrade4-20260817-002726/.venv/lib/python3.13/site-packages/pluggy/_hooks.py", line 512 in __call__
    artifacts/grading-round4/test_all.log:731  [username] personal username  File "<home>/<tooling-home>/worktrees/searcher-regrade4-20260817-002726/.venv/lib/python3.13/site-packages/pluggy/_hooks.py", line 512 in __call__
    artifacts/grading-round4/test_all.log:732  [home_path] home-directory path  File "<home>/<tooling-home>/worktrees/searcher-regrade4-20260817-002726/.venv/lib/python3.13/site-packages/_pytest/main.py", line 408 in pytest_runtestloop
    artifacts/grading-round4/test_all.log:732  [username] personal username  File "<home>/<tooling-home>/worktrees/searcher-regrade4-20260817-002726/.venv/lib/python3.13/site-packages/_pytest/main.py", line 408 in pytest_runtestloop
    artifacts/grading-round4/test_all.log:733  [home_path] home-directory path  File "<home>/<tooling-home>/worktrees/searcher-regrade4-20260817-002726/.venv/lib/python3.13/site-packages/pluggy/_callers.py", line 121 in _multicall
    artifacts/grading-round4/test_all.log:733  [username] personal username  File "<home>/<tooling-home>/worktrees/searcher-regrade4-20260817-002726/.venv/lib/python3.13/site-packages/pluggy/_callers.py", line 121 in _multicall
    artifacts/grading-round4/test_all.log:734  [home_path] home-directory path  File "<home>/<tooling-home>/worktrees/searcher-regrade4-20260817-002726/.venv/lib/python3.13/site-packages/pluggy/_manager.py", line 120 in _hookexec
    artifacts/grading-round4/test_all.log:734  [username] personal username  File "<home>/<tooling-home>/worktrees/searcher-regrade4-20260817-002726/.venv/lib/python3.13/site-packages/pluggy/_manager.py", line 120 in _hookexec
    artifacts/grading-round4/test_all.log:735  [home_path] home-directory path  File "<home>/<tooling-home>/worktrees/searcher-regrade4-20260817-002726/.venv/lib/python3.13/site-packages/pluggy/_hooks.py", line 512 in __call__
    artifacts/grading-round4/test_all.log:735  [username] personal username  File "<home>/<tooling-home>/worktrees/searcher-regrade4-20260817-002726/.venv/lib/python3.13/site-packages/pluggy/_hooks.py", line 512 in __call__
    artifacts/grading-round4/test_all.log:736  [home_path] home-directory path  File "<home>/<tooling-home>/worktrees/searcher-regrade4-20260817-002726/.venv/lib/python3.13/site-packages/_pytest/main.py", line 384 in _main
    artifacts/grading-round4/test_all.log:736  [username] personal username  File "<home>/<tooling-home>/worktrees/searcher-regrade4-20260817-002726/.venv/lib/python3.13/site-packages/_pytest/main.py", line 384 in _main
    artifacts/grading-round4/test_all.log:737  [home_path] home-directory path  File "<home>/<tooling-home>/worktrees/searcher-regrade4-20260817-002726/.venv/lib/python3.13/site-packages/_pytest/main.py", line 330 in wrap_session
    artifacts/grading-round4/test_all.log:737  [username] personal username  File "<home>/<tooling-home>/worktrees/searcher-regrade4-20260817-002726/.venv/lib/python3.13/site-packages/_pytest/main.py", line 330 in wrap_session
    artifacts/grading-round4/test_all.log:738  [home_path] home-directory path  File "<home>/<tooling-home>/worktrees/searcher-regrade4-20260817-002726/.venv/lib/python3.13/site-packages/_pytest/main.py", line 377 in pytest_cmdline_main
    artifacts/grading-round4/test_all.log:738  [username] personal username  File "<home>/<tooling-home>/worktrees/searcher-regrade4-20260817-002726/.venv/lib/python3.13/site-packages/_pytest/main.py", line 377 in pytest_cmdline_main
    artifacts/grading-round4/test_all.log:739  [home_path] home-directory path  File "<home>/<tooling-home>/worktrees/searcher-regrade4-20260817-002726/.venv/lib/python3.13/site-packages/pluggy/_callers.py", line 121 in _multicall
    artifacts/grading-round4/test_all.log:739  [username] personal username  File "<home>/<tooling-home>/worktrees/searcher-regrade4-20260817-002726/.venv/lib/python3.13/site-packages/pluggy/_callers.py", line 121 in _multicall
    artifacts/grading-round4/test_all.log:740  [home_path] home-directory path  File "<home>/<tooling-home>/worktrees/searcher-regrade4-20260817-002726/.venv/lib/python3.13/site-packages/pluggy/_manager.py", line 120 in _hookexec
    artifacts/grading-round4/test_all.log:740  [username] personal username  File "<home>/<tooling-home>/worktrees/searcher-regrade4-20260817-002726/.venv/lib/python3.13/site-packages/pluggy/_manager.py", line 120 in _hookexec
    artifacts/grading-round4/test_all.log:741  [home_path] home-directory path  File "<home>/<tooling-home>/worktrees/searcher-regrade4-20260817-002726/.venv/lib/python3.13/site-packages/pluggy/_hooks.py", line 512 in __call__
    artifacts/grading-round4/test_all.log:741  [username] personal username  File "<home>/<tooling-home>/worktrees/searcher-regrade4-20260817-002726/.venv/lib/python3.13/site-packages/pluggy/_hooks.py", line 512 in __call__
    artifacts/grading-round4/test_all.log:742  [home_path] home-directory path  File "<home>/<tooling-home>/worktrees/searcher-regrade4-20260817-002726/.venv/lib/python3.13/site-packages/_pytest/config/__init__.py", line 229 in _main
    artifacts/grading-round4/test_all.log:742  [username] personal username  File "<home>/<tooling-home>/worktrees/searcher-regrade4-20260817-002726/.venv/lib/python3.13/site-packages/_pytest/config/__init__.py", line 229 in _main
    artifacts/grading-round4/test_all.log:743  [home_path] home-directory path  File "<home>/<tooling-home>/worktrees/searcher-regrade4-20260817-002726/.venv/lib/python3.13/site-packages/_pytest/config/__init__.py", line 253 in _console_main
    artifacts/grading-round4/test_all.log:743  [username] personal username  File "<home>/<tooling-home>/worktrees/searcher-regrade4-20260817-002726/.venv/lib/python3.13/site-packages/_pytest/config/__init__.py", line 253 in _console_main
    artifacts/grading-round4/test_all.log:744  [home_path] home-directory path  File "<home>/<tooling-home>/worktrees/searcher-regrade4-20260817-002726/.venv/bin/pytest", line 10 in <module>
    artifacts/grading-round4/test_all.log:744  [username] personal username  File "<home>/<tooling-home>/worktrees/searcher-regrade4-20260817-002726/.venv/bin/pytest", line 10 in <module>
    artifacts/grading-round4/test_all.log:750  [home_path] home-directory path  File "<home>/.local/share/uv/python/cpython-3.13.13-macos-aarch64-none/lib/python3.13/subprocess.py", line 1921 in _execute_child
    artifacts/grading-round4/test_all.log:750  [username] personal username  File "<home>/.local/share/uv/python/cpython-3.13.13-macos-aarch64-none/lib/python3.13/subprocess.py", line 1921 in _execute_child
    artifacts/grading-round4/test_all.log:751  [home_path] home-directory path  File "<home>/.local/share/uv/python/cpython-3.13.13-macos-aarch64-none/lib/python3.13/subprocess.py", line 1039 in __init__
    artifacts/grading-round4/test_all.log:751  [username] personal username  File "<home>/.local/share/uv/python/cpython-3.13.13-macos-aarch64-none/lib/python3.13/subprocess.py", line 1039 in __init__
    artifacts/grading-round4/test_all.log:752  [home_path] home-directory path  File "<home>/.local/share/uv/python/cpython-3.13.13-macos-aarch64-none/lib/python3.13/subprocess.py", line 554 in run
    artifacts/grading-round4/test_all.log:752  [username] personal username  File "<home>/.local/share/uv/python/cpython-3.13.13-macos-aarch64-none/lib/python3.13/subprocess.py", line 554 in run
    artifacts/grading-round4/test_all.log:753  [home_path] home-directory path  File "<home>/<tooling-home>/worktrees/searcher-regrade4-20260817-002726/tests/unit/test_first_run.py", line 171 in test_serve_shared_refuses_unusable_pages_url_on_http
    artifacts/grading-round4/test_all.log:753  [username] personal username  File "<home>/<tooling-home>/worktrees/searcher-regrade4-20260817-002726/tests/unit/test_first_run.py", line 171 in test_serve_shared_refuses_unusable_pages_url_on_http
    artifacts/grading-round4/test_all.log:754  [home_path] home-directory path  File "<home>/<tooling-home>/worktrees/searcher-regrade4-20260817-002726/.venv/lib/python3.13/site-packages/_pytest/python.py", line 167 in pytest_pyfunc_call
    artifacts/grading-round4/test_all.log:754  [username] personal username  File "<home>/<tooling-home>/worktrees/searcher-regrade4-20260817-002726/.venv/lib/python3.13/site-packages/_pytest/python.py", line 167 in pytest_pyfunc_call
    artifacts/grading-round4/test_all.log:755  [home_path] home-directory path  File "<home>/<tooling-home>/worktrees/searcher-regrade4-20260817-002726/.venv/lib/python3.13/site-packages/pluggy/_callers.py", line 121 in _multicall
    artifacts/grading-round4/test_all.log:755  [username] personal username  File "<home>/<tooling-home>/worktrees/searcher-regrade4-20260817-002726/.venv/lib/python3.13/site-packages/pluggy/_callers.py", line 121 in _multicall
    artifacts/grading-round4/test_all.log:756  [home_path] home-directory path  File "<home>/<tooling-home>/worktrees/searcher-regrade4-20260817-002726/.venv/lib/python3.13/site-packages/pluggy/_manager.py", line 120 in _hookexec
    artifacts/grading-round4/test_all.log:756  [username] personal username  File "<home>/<tooling-home>/worktrees/searcher-regrade4-20260817-002726/.venv/lib/python3.13/site-packages/pluggy/_manager.py", line 120 in _hookexec
    artifacts/grading-round4/test_all.log:757  [home_path] home-directory path  File "<home>/<tooling-home>/worktrees/searcher-regrade4-20260817-002726/.venv/lib/python3.13/site-packages/pluggy/_hooks.py", line 512 in __call__
    artifacts/grading-round4/test_all.log:757  [username] personal username  File "<home>/<tooling-home>/worktrees/searcher-regrade4-20260817-002726/.venv/lib/python3.13/site-packages/pluggy/_hooks.py", line 512 in __call__
    artifacts/grading-round4/test_all.log:758  [home_path] home-directory path  File "<home>/<tooling-home>/worktrees/searcher-regrade4-20260817-002726/.venv/lib/python3.13/site-packages/_pytest/python.py", line 1707 in runtest
    artifacts/grading-round4/test_all.log:758  [username] personal username  File "<home>/<tooling-home>/worktrees/searcher-regrade4-20260817-002726/.venv/lib/python3.13/site-packages/_pytest/python.py", line 1707 in runtest
    artifacts/grading-round4/test_all.log:759  [home_path] home-directory path  File "<home>/<tooling-home>/worktrees/searcher-regrade4-20260817-002726/.venv/lib/python3.13/site-packages/_pytest/runner.py", line 184 in pytest_runtest_call
    artifacts/grading-round4/test_all.log:759  [username] personal username  File "<home>/<tooling-home>/worktrees/searcher-regrade4-20260817-002726/.venv/lib/python3.13/site-packages/_pytest/runner.py", line 184 in pytest_runtest_call
    artifacts/grading-round4/test_all.log:760  [home_path] home-directory path  File "<home>/<tooling-home>/worktrees/searcher-regrade4-20260817-002726/.venv/lib/python3.13/site-packages/pluggy/_callers.py", line 121 in _multicall
    artifacts/grading-round4/test_all.log:760  [username] personal username  File "<home>/<tooling-home>/worktrees/searcher-regrade4-20260817-002726/.venv/lib/python3.13/site-packages/pluggy/_callers.py", line 121 in _multicall
    artifacts/grading-round4/test_all.log:761  [home_path] home-directory path  File "<home>/<tooling-home>/worktrees/searcher-regrade4-20260817-002726/.venv/lib/python3.13/site-packages/pluggy/_manager.py", line 120 in _hookexec
    artifacts/grading-round4/test_all.log:761  [username] personal username  File "<home>/<tooling-home>/worktrees/searcher-regrade4-20260817-002726/.venv/lib/python3.13/site-packages/pluggy/_manager.py", line 120 in _hookexec
    artifacts/grading-round4/test_all.log:762  [home_path] home-directory path  File "<home>/<tooling-home>/worktrees/searcher-regrade4-20260817-002726/.venv/lib/python3.13/site-packages/pluggy/_hooks.py", line 512 in __call__
    artifacts/grading-round4/test_all.log:762  [username] personal username  File "<home>/<tooling-home>/worktrees/searcher-regrade4-20260817-002726/.venv/lib/python3.13/site-packages/pluggy/_hooks.py", line 512 in __call__
    artifacts/grading-round4/test_all.log:763  [home_path] home-directory path  File "<home>/<tooling-home>/worktrees/searcher-regrade4-20260817-002726/.venv/lib/python3.13/site-packages/_pytest/runner.py", line 250 in <lambda>
    artifacts/grading-round4/test_all.log:763  [username] personal username  File "<home>/<tooling-home>/worktrees/searcher-regrade4-20260817-002726/.venv/lib/python3.13/site-packages/_pytest/runner.py", line 250 in <lambda>
    artifacts/grading-round4/test_all.log:764  [home_path] home-directory path  File "<home>/<tooling-home>/worktrees/searcher-regrade4-20260817-002726/.venv/lib/python3.13/site-packages/_pytest/runner.py", line 361 in from_call
    artifacts/grading-round4/test_all.log:764  [username] personal username  File "<home>/<tooling-home>/worktrees/searcher-regrade4-20260817-002726/.venv/lib/python3.13/site-packages/_pytest/runner.py", line 361 in from_call
    artifacts/grading-round4/test_all.log:765  [home_path] home-directory path  File "<home>/<tooling-home>/worktrees/searcher-regrade4-20260817-002726/.venv/lib/python3.13/site-packages/_pytest/runner.py", line 249 in call_and_report
    artifacts/grading-round4/test_all.log:765  [username] personal username  File "<home>/<tooling-home>/worktrees/searcher-regrade4-20260817-002726/.venv/lib/python3.13/site-packages/_pytest/runner.py", line 249 in call_and_report
    artifacts/grading-round4/test_all.log:766  [home_path] home-directory path  File "<home>/<tooling-home>/worktrees/searcher-regrade4-20260817-002726/.venv/lib/python3.13/site-packages/_pytest/runner.py", line 139 in runtestprotocol
    artifacts/grading-round4/test_all.log:766  [username] personal username  File "<home>/<tooling-home>/worktrees/searcher-regrade4-20260817-002726/.venv/lib/python3.13/site-packages/_pytest/runner.py", line 139 in runtestprotocol
    artifacts/grading-round4/test_all.log:767  [home_path] home-directory path  File "<home>/<tooling-home>/worktrees/searcher-regrade4-20260817-002726/.venv/lib/python3.13/site-packages/_pytest/runner.py", line 118 in pytest_runtest_protocol
    artifacts/grading-round4/test_all.log:767  [username] personal username  File "<home>/<tooling-home>/worktrees/searcher-regrade4-20260817-002726/.venv/lib/python3.13/site-packages/_pytest/runner.py", line 118 in pytest_runtest_protocol
    artifacts/grading-round4/test_all.log:768  [home_path] home-directory path  File "<home>/<tooling-home>/worktrees/searcher-regrade4-20260817-002726/.venv/lib/python3.13/site-packages/pluggy/_callers.py", line 121 in _multicall
    artifacts/grading-round4/test_all.log:768  [username] personal username  File "<home>/<tooling-home>/worktrees/searcher-regrade4-20260817-002726/.venv/lib/python3.13/site-packages/pluggy/_callers.py", line 121 in _multicall
    artifacts/grading-round4/test_all.log:769  [home_path] home-directory path  File "<home>/<tooling-home>/worktrees/searcher-regrade4-20260817-002726/.venv/lib/python3.13/site-packages/pluggy/_manager.py", line 120 in _hookexec
    artifacts/grading-round4/test_all.log:769  [username] personal username  File "<home>/<tooling-home>/worktrees/searcher-regrade4-20260817-002726/.venv/lib/python3.13/site-packages/pluggy/_manager.py", line 120 in _hookexec
    artifacts/grading-round4/test_all.log:770  [home_path] home-directory path  File "<home>/<tooling-home>/worktrees/searcher-regrade4-20260817-002726/.venv/lib/python3.13/site-packages/pluggy/_hooks.py", line 512 in __call__
    artifacts/grading-round4/test_all.log:770  [username] personal username  File "<home>/<tooling-home>/worktrees/searcher-regrade4-20260817-002726/.venv/lib/python3.13/site-packages/pluggy/_hooks.py", line 512 in __call__
    artifacts/grading-round4/test_all.log:771  [home_path] home-directory path  File "<home>/<tooling-home>/worktrees/searcher-regrade4-20260817-002726/.venv/lib/python3.13/site-packages/_pytest/main.py", line 408 in pytest_runtestloop
    artifacts/grading-round4/test_all.log:771  [username] personal username  File "<home>/<tooling-home>/worktrees/searcher-regrade4-20260817-002726/.venv/lib/python3.13/site-packages/_pytest/main.py", line 408 in pytest_runtestloop
    artifacts/grading-round4/test_all.log:772  [home_path] home-directory path  File "<home>/<tooling-home>/worktrees/searcher-regrade4-20260817-002726/.venv/lib/python3.13/site-packages/pluggy/_callers.py", line 121 in _multicall
    artifacts/grading-round4/test_all.log:772  [username] personal username  File "<home>/<tooling-home>/worktrees/searcher-regrade4-20260817-002726/.venv/lib/python3.13/site-packages/pluggy/_callers.py", line 121 in _multicall
    artifacts/grading-round4/test_all.log:773  [home_path] home-directory path  File "<home>/<tooling-home>/worktrees/searcher-regrade4-20260817-002726/.venv/lib/python3.13/site-packages/pluggy/_manager.py", line 120 in _hookexec
    artifacts/grading-round4/test_all.log:773  [username] personal username  File "<home>/<tooling-home>/worktrees/searcher-regrade4-20260817-002726/.venv/lib/python3.13/site-packages/pluggy/_manager.py", line 120 in _hookexec
    artifacts/grading-round4/test_all.log:774  [home_path] home-directory path  File "<home>/<tooling-home>/worktrees/searcher-regrade4-20260817-002726/.venv/lib/python3.13/site-packages/pluggy/_hooks.py", line 512 in __call__
    artifacts/grading-round4/test_all.log:774  [username] personal username  File "<home>/<tooling-home>/worktrees/searcher-regrade4-20260817-002726/.venv/lib/python3.13/site-packages/pluggy/_hooks.py", line 512 in __call__
    artifacts/grading-round4/test_all.log:775  [home_path] home-directory path  File "<home>/<tooling-home>/worktrees/searcher-regrade4-20260817-002726/.venv/lib/python3.13/site-packages/_pytest/main.py", line 384 in _main
    artifacts/grading-round4/test_all.log:775  [username] personal username  File "<home>/<tooling-home>/worktrees/searcher-regrade4-20260817-002726/.venv/lib/python3.13/site-packages/_pytest/main.py", line 384 in _main
    artifacts/grading-round4/test_all.log:776  [home_path] home-directory path  File "<home>/<tooling-home>/worktrees/searcher-regrade4-20260817-002726/.venv/lib/python3.13/site-packages/_pytest/main.py", line 330 in wrap_session
    artifacts/grading-round4/test_all.log:776  [username] personal username  File "<home>/<tooling-home>/worktrees/searcher-regrade4-20260817-002726/.venv/lib/python3.13/site-packages/_pytest/main.py", line 330 in wrap_session
    artifacts/grading-round4/test_all.log:777  [home_path] home-directory path  File "<home>/<tooling-home>/worktrees/searcher-regrade4-20260817-002726/.venv/lib/python3.13/site-packages/_pytest/main.py", line 377 in pytest_cmdline_main
    artifacts/grading-round4/test_all.log:777  [username] personal username  File "<home>/<tooling-home>/worktrees/searcher-regrade4-20260817-002726/.venv/lib/python3.13/site-packages/_pytest/main.py", line 377 in pytest_cmdline_main
    artifacts/grading-round4/test_all.log:778  [home_path] home-directory path  File "<home>/<tooling-home>/worktrees/searcher-regrade4-20260817-002726/.venv/lib/python3.13/site-packages/pluggy/_callers.py", line 121 in _multicall
    artifacts/grading-round4/test_all.log:778  [username] personal username  File "<home>/<tooling-home>/worktrees/searcher-regrade4-20260817-002726/.venv/lib/python3.13/site-packages/pluggy/_callers.py", line 121 in _multicall
    artifacts/grading-round4/test_all.log:779  [home_path] home-directory path  File "<home>/<tooling-home>/worktrees/searcher-regrade4-20260817-002726/.venv/lib/python3.13/site-packages/pluggy/_manager.py", line 120 in _hookexec
    artifacts/grading-round4/test_all.log:779  [username] personal username  File "<home>/<tooling-home>/worktrees/searcher-regrade4-20260817-002726/.venv/lib/python3.13/site-packages/pluggy/_manager.py", line 120 in _hookexec
    artifacts/grading-round4/test_all.log:780  [home_path] home-directory path  File "<home>/<tooling-home>/worktrees/searcher-regrade4-20260817-002726/.venv/lib/python3.13/site-packages/pluggy/_hooks.py", line 512 in __call__
    artifacts/grading-round4/test_all.log:780  [username] personal username  File "<home>/<tooling-home>/worktrees/searcher-regrade4-20260817-002726/.venv/lib/python3.13/site-packages/pluggy/_hooks.py", line 512 in __call__
    artifacts/grading-round4/test_all.log:781  [home_path] home-directory path  File "<home>/<tooling-home>/worktrees/searcher-regrade4-20260817-002726/.venv/lib/python3.13/site-packages/_pytest/config/__init__.py", line 229 in _main
    artifacts/grading-round4/test_all.log:781  [username] personal username  File "<home>/<tooling-home>/worktrees/searcher-regrade4-20260817-002726/.venv/lib/python3.13/site-packages/_pytest/config/__init__.py", line 229 in _main
    artifacts/grading-round4/test_all.log:782  [home_path] home-directory path  File "<home>/<tooling-home>/worktrees/searcher-regrade4-20260817-002726/.venv/lib/python3.13/site-packages/_pytest/config/__init__.py", line 253 in _console_main
    artifacts/grading-round4/test_all.log:782  [username] personal username  File "<home>/<tooling-home>/worktrees/searcher-regrade4-20260817-002726/.venv/lib/python3.13/site-packages/_pytest/config/__init__.py", line 253 in _console_main
    artifacts/grading-round4/test_all.log:783  [home_path] home-directory path  File "<home>/<tooling-home>/worktrees/searcher-regrade4-20260817-002726/.venv/bin/pytest", line 10 in <module>
    artifacts/grading-round4/test_all.log:783  [username] personal username  File "<home>/<tooling-home>/worktrees/searcher-regrade4-20260817-002726/.venv/bin/pytest", line 10 in <module>
    artifacts/grading-round4/test_all.log:789  [home_path] home-directory path  File "<home>/.local/share/uv/python/cpython-3.13.13-macos-aarch64-none/lib/python3.13/subprocess.py", line 1921 in _execute_child
    artifacts/grading-round4/test_all.log:789  [username] personal username  File "<home>/.local/share/uv/python/cpython-3.13.13-macos-aarch64-none/lib/python3.13/subprocess.py", line 1921 in _execute_child
    artifacts/grading-round4/test_all.log:790  [home_path] home-directory path  File "<home>/.local/share/uv/python/cpython-3.13.13-macos-aarch64-none/lib/python3.13/subprocess.py", line 1039 in __init__
    artifacts/grading-round4/test_all.log:790  [username] personal username  File "<home>/.local/share/uv/python/cpython-3.13.13-macos-aarch64-none/lib/python3.13/subprocess.py", line 1039 in __init__
    artifacts/grading-round4/test_all.log:791  [home_path] home-directory path  File "<home>/.local/share/uv/python/cpython-3.13.13-macos-aarch64-none/lib/python3.13/subprocess.py", line 554 in run
    artifacts/grading-round4/test_all.log:791  [username] personal username  File "<home>/.local/share/uv/python/cpython-3.13.13-macos-aarch64-none/lib/python3.13/subprocess.py", line 554 in run
    artifacts/grading-round4/test_all.log:792  [home_path] home-directory path  File "<home>/<tooling-home>/worktrees/searcher-regrade4-20260817-002726/tests/unit/test_first_run.py", line 188 in test_serve_shared_help_still_warns
    artifacts/grading-round4/test_all.log:792  [username] personal username  File "<home>/<tooling-home>/worktrees/searcher-regrade4-20260817-002726/tests/unit/test_first_run.py", line 188 in test_serve_shared_help_still_warns
    artifacts/grading-round4/test_all.log:793  [home_path] home-directory path  File "<home>/<tooling-home>/worktrees/searcher-regrade4-20260817-002726/.venv/lib/python3.13/site-packages/_pytest/python.py", line 167 in pytest_pyfunc_call
    artifacts/grading-round4/test_all.log:793  [username] personal username  File "<home>/<tooling-home>/worktrees/searcher-regrade4-20260817-002726/.venv/lib/python3.13/site-packages/_pytest/python.py", line 167 in pytest_pyfunc_call
    artifacts/grading-round4/test_all.log:794  [home_path] home-directory path  File "<home>/<tooling-home>/worktrees/searcher-regrade4-20260817-002726/.venv/lib/python3.13/site-packages/pluggy/_callers.py", line 121 in _multicall
    artifacts/grading-round4/test_all.log:794  [username] personal username  File "<home>/<tooling-home>/worktrees/searcher-regrade4-20260817-002726/.venv/lib/python3.13/site-packages/pluggy/_callers.py", line 121 in _multicall
    artifacts/grading-round4/test_all.log:795  [home_path] home-directory path  File "<home>/<tooling-home>/worktrees/searcher-regrade4-20260817-002726/.venv/lib/python3.13/site-packages/pluggy/_manager.py", line 120 in _hookexec
    artifacts/grading-round4/test_all.log:795  [username] personal username  File "<home>/<tooling-home>/worktrees/searcher-regrade4-20260817-002726/.venv/lib/python3.13/site-packages/pluggy/_manager.py", line 120 in _hookexec
    artifacts/grading-round4/test_all.log:796  [home_path] home-directory path  File "<home>/<tooling-home>/worktrees/searcher-regrade4-20260817-002726/.venv/lib/python3.13/site-packages/pluggy/_hooks.py", line 512 in __call__
    artifacts/grading-round4/test_all.log:796  [username] personal username  File "<home>/<tooling-home>/worktrees/searcher-regrade4-20260817-002726/.venv/lib/python3.13/site-packages/pluggy/_hooks.py", line 512 in __call__
    artifacts/grading-round4/test_all.log:797  [home_path] home-directory path  File "<home>/<tooling-home>/worktrees/searcher-regrade4-20260817-002726/.venv/lib/python3.13/site-packages/_pytest/python.py", line 1707 in runtest
    artifacts/grading-round4/test_all.log:797  [username] personal username  File "<home>/<tooling-home>/worktrees/searcher-regrade4-20260817-002726/.venv/lib/python3.13/site-packages/_pytest/python.py", line 1707 in runtest
    artifacts/grading-round4/test_all.log:798  [home_path] home-directory path  File "<home>/<tooling-home>/worktrees/searcher-regrade4-20260817-002726/.venv/lib/python3.13/site-packages/_pytest/runner.py", line 184 in pytest_runtest_call
    artifacts/grading-round4/test_all.log:798  [username] personal username  File "<home>/<tooling-home>/worktrees/searcher-regrade4-20260817-002726/.venv/lib/python3.13/site-packages/_pytest/runner.py", line 184 in pytest_runtest_call
    artifacts/grading-round4/test_all.log:799  [home_path] home-directory path  File "<home>/<tooling-home>/worktrees/searcher-regrade4-20260817-002726/.venv/lib/python3.13/site-packages/pluggy/_callers.py", line 121 in _multicall
    artifacts/grading-round4/test_all.log:799  [username] personal username  File "<home>/<tooling-home>/worktrees/searcher-regrade4-20260817-002726/.venv/lib/python3.13/site-packages/pluggy/_callers.py", line 121 in _multicall
    artifacts/grading-round4/test_all.log:800  [home_path] home-directory path  File "<home>/<tooling-home>/worktrees/searcher-regrade4-20260817-002726/.venv/lib/python3.13/site-packages/pluggy/_manager.py", line 120 in _hookexec
    artifacts/grading-round4/test_all.log:800  [username] personal username  File "<home>/<tooling-home>/worktrees/searcher-regrade4-20260817-002726/.venv/lib/python3.13/site-packages/pluggy/_manager.py", line 120 in _hookexec
    artifacts/grading-round4/test_all.log:801  [home_path] home-directory path  File "<home>/<tooling-home>/worktrees/searcher-regrade4-20260817-002726/.venv/lib/python3.13/site-packages/pluggy/_hooks.py", line 512 in __call__
    artifacts/grading-round4/test_all.log:801  [username] personal username  File "<home>/<tooling-home>/worktrees/searcher-regrade4-20260817-002726/.venv/lib/python3.13/site-packages/pluggy/_hooks.py", line 512 in __call__
    artifacts/grading-round4/test_all.log:802  [home_path] home-directory path  File "<home>/<tooling-home>/worktrees/searcher-regrade4-20260817-002726/.venv/lib/python3.13/site-packages/_pytest/runner.py", line 250 in <lambda>
    artifacts/grading-round4/test_all.log:802  [username] personal username  File "<home>/<tooling-home>/worktrees/searcher-regrade4-20260817-002726/.venv/lib/python3.13/site-packages/_pytest/runner.py", line 250 in <lambda>
    artifacts/grading-round4/test_all.log:803  [home_path] home-directory path  File "<home>/<tooling-home>/worktrees/searcher-regrade4-20260817-002726/.venv/lib/python3.13/site-packages/_pytest/runner.py", line 361 in from_call
    artifacts/grading-round4/test_all.log:803  [username] personal username  File "<home>/<tooling-home>/worktrees/searcher-regrade4-20260817-002726/.venv/lib/python3.13/site-packages/_pytest/runner.py", line 361 in from_call
    artifacts/grading-round4/test_all.log:804  [home_path] home-directory path  File "<home>/<tooling-home>/worktrees/searcher-regrade4-20260817-002726/.venv/lib/python3.13/site-packages/_pytest/runner.py", line 249 in call_and_report
    artifacts/grading-round4/test_all.log:804  [username] personal username  File "<home>/<tooling-home>/worktrees/searcher-regrade4-20260817-002726/.venv/lib/python3.13/site-packages/_pytest/runner.py", line 249 in call_and_report
    artifacts/grading-round4/test_all.log:805  [home_path] home-directory path  File "<home>/<tooling-home>/worktrees/searcher-regrade4-20260817-002726/.venv/lib/python3.13/site-packages/_pytest/runner.py", line 139 in runtestprotocol
    artifacts/grading-round4/test_all.log:805  [username] personal username  File "<home>/<tooling-home>/worktrees/searcher-regrade4-20260817-002726/.venv/lib/python3.13/site-packages/_pytest/runner.py", line 139 in runtestprotocol
    artifacts/grading-round4/test_all.log:806  [home_path] home-directory path  File "<home>/<tooling-home>/worktrees/searcher-regrade4-20260817-002726/.venv/lib/python3.13/site-packages/_pytest/runner.py", line 118 in pytest_runtest_protocol
    artifacts/grading-round4/test_all.log:806  [username] personal username  File "<home>/<tooling-home>/worktrees/searcher-regrade4-20260817-002726/.venv/lib/python3.13/site-packages/_pytest/runner.py", line 118 in pytest_runtest_protocol
    artifacts/grading-round4/test_all.log:807  [home_path] home-directory path  File "<home>/<tooling-home>/worktrees/searcher-regrade4-20260817-002726/.venv/lib/python3.13/site-packages/pluggy/_callers.py", line 121 in _multicall
    artifacts/grading-round4/test_all.log:807  [username] personal username  File "<home>/<tooling-home>/worktrees/searcher-regrade4-20260817-002726/.venv/lib/python3.13/site-packages/pluggy/_callers.py", line 121 in _multicall
    artifacts/grading-round4/test_all.log:808  [home_path] home-directory path  File "<home>/<tooling-home>/worktrees/searcher-regrade4-20260817-002726/.venv/lib/python3.13/site-packages/pluggy/_manager.py", line 120 in _hookexec
    artifacts/grading-round4/test_all.log:808  [username] personal username  File "<home>/<tooling-home>/worktrees/searcher-regrade4-20260817-002726/.venv/lib/python3.13/site-packages/pluggy/_manager.py", line 120 in _hookexec
    artifacts/grading-round4/test_all.log:809  [home_path] home-directory path  File "<home>/<tooling-home>/worktrees/searcher-regrade4-20260817-002726/.venv/lib/python3.13/site-packages/pluggy/_hooks.py", line 512 in __call__
    artifacts/grading-round4/test_all.log:809  [username] personal username  File "<home>/<tooling-home>/worktrees/searcher-regrade4-20260817-002726/.venv/lib/python3.13/site-packages/pluggy/_hooks.py", line 512 in __call__
    artifacts/grading-round4/test_all.log:810  [home_path] home-directory path  File "<home>/<tooling-home>/worktrees/searcher-regrade4-20260817-002726/.venv/lib/python3.13/site-packages/_pytest/main.py", line 408 in pytest_runtestloop
    artifacts/grading-round4/test_all.log:810  [username] personal username  File "<home>/<tooling-home>/worktrees/searcher-regrade4-20260817-002726/.venv/lib/python3.13/site-packages/_pytest/main.py", line 408 in pytest_runtestloop
    artifacts/grading-round4/test_all.log:811  [home_path] home-directory path  File "<home>/<tooling-home>/worktrees/searcher-regrade4-20260817-002726/.venv/lib/python3.13/site-packages/pluggy/_callers.py", line 121 in _multicall
    artifacts/grading-round4/test_all.log:811  [username] personal username  File "<home>/<tooling-home>/worktrees/searcher-regrade4-20260817-002726/.venv/lib/python3.13/site-packages/pluggy/_callers.py", line 121 in _multicall
    artifacts/grading-round4/test_all.log:812  [home_path] home-directory path  File "<home>/<tooling-home>/worktrees/searcher-regrade4-20260817-002726/.venv/lib/python3.13/site-packages/pluggy/_manager.py", line 120 in _hookexec
    artifacts/grading-round4/test_all.log:812  [username] personal username  File "<home>/<tooling-home>/worktrees/searcher-regrade4-20260817-002726/.venv/lib/python3.13/site-packages/pluggy/_manager.py", line 120 in _hookexec
    artifacts/grading-round4/test_all.log:813  [home_path] home-directory path  File "<home>/<tooling-home>/worktrees/searcher-regrade4-20260817-002726/.venv/lib/python3.13/site-packages/pluggy/_hooks.py", line 512 in __call__
    artifacts/grading-round4/test_all.log:813  [username] personal username  File "<home>/<tooling-home>/worktrees/searcher-regrade4-20260817-002726/.venv/lib/python3.13/site-packages/pluggy/_hooks.py", line 512 in __call__
    artifacts/grading-round4/test_all.log:814  [home_path] home-directory path  File "<home>/<tooling-home>/worktrees/searcher-regrade4-20260817-002726/.venv/lib/python3.13/site-packages/_pytest/main.py", line 384 in _main
    artifacts/grading-round4/test_all.log:814  [username] personal username  File "<home>/<tooling-home>/worktrees/searcher-regrade4-20260817-002726/.venv/lib/python3.13/site-packages/_pytest/main.py", line 384 in _main
    artifacts/grading-round4/test_all.log:815  [home_path] home-directory path  File "<home>/<tooling-home>/worktrees/searcher-regrade4-20260817-002726/.venv/lib/python3.13/site-packages/_pytest/main.py", line 330 in wrap_session
    artifacts/grading-round4/test_all.log:815  [username] personal username  File "<home>/<tooling-home>/worktrees/searcher-regrade4-20260817-002726/.venv/lib/python3.13/site-packages/_pytest/main.py", line 330 in wrap_session
    artifacts/grading-round4/test_all.log:816  [home_path] home-directory path  File "<home>/<tooling-home>/worktrees/searcher-regrade4-20260817-002726/.venv/lib/python3.13/site-packages/_pytest/main.py", line 377 in pytest_cmdline_main
    artifacts/grading-round4/test_all.log:816  [username] personal username  File "<home>/<tooling-home>/worktrees/searcher-regrade4-20260817-002726/.venv/lib/python3.13/site-packages/_pytest/main.py", line 377 in pytest_cmdline_main
    artifacts/grading-round4/test_all.log:817  [home_path] home-directory path  File "<home>/<tooling-home>/worktrees/searcher-regrade4-20260817-002726/.venv/lib/python3.13/site-packages/pluggy/_callers.py", line 121 in _multicall
    artifacts/grading-round4/test_all.log:817  [username] personal username  File "<home>/<tooling-home>/worktrees/searcher-regrade4-20260817-002726/.venv/lib/python3.13/site-packages/pluggy/_callers.py", line 121 in _multicall
    artifacts/grading-round4/test_all.log:818  [home_path] home-directory path  File "<home>/<tooling-home>/worktrees/searcher-regrade4-20260817-002726/.venv/lib/python3.13/site-packages/pluggy/_manager.py", line 120 in _hookexec
    artifacts/grading-round4/test_all.log:818  [username] personal username  File "<home>/<tooling-home>/worktrees/searcher-regrade4-20260817-002726/.venv/lib/python3.13/site-packages/pluggy/_manager.py", line 120 in _hookexec
    artifacts/grading-round4/test_all.log:819  [home_path] home-directory path  File "<home>/<tooling-home>/worktrees/searcher-regrade4-20260817-002726/.venv/lib/python3.13/site-packages/pluggy/_hooks.py", line 512 in __call__
    artifacts/grading-round4/test_all.log:819  [username] personal username  File "<home>/<tooling-home>/worktrees/searcher-regrade4-20260817-002726/.venv/lib/python3.13/site-packages/pluggy/_hooks.py", line 512 in __call__
    artifacts/grading-round4/test_all.log:820  [home_path] home-directory path  File "<home>/<tooling-home>/worktrees/searcher-regrade4-20260817-002726/.venv/lib/python3.13/site-packages/_pytest/config/__init__.py", line 229 in _main
    artifacts/grading-round4/test_all.log:820  [username] personal username  File "<home>/<tooling-home>/worktrees/searcher-regrade4-20260817-002726/.venv/lib/python3.13/site-packages/_pytest/config/__init__.py", line 229 in _main
    artifacts/grading-round4/test_all.log:821  [home_path] home-directory path  File "<home>/<tooling-home>/worktrees/searcher-regrade4-20260817-002726/.venv/lib/python3.13/site-packages/_pytest/config/__init__.py", line 253 in _console_main
    artifacts/grading-round4/test_all.log:821  [username] personal username  File "<home>/<tooling-home>/worktrees/searcher-regrade4-20260817-002726/.venv/lib/python3.13/site-packages/_pytest/config/__init__.py", line 253 in _console_main
    artifacts/grading-round4/test_all.log:822  [home_path] home-directory path  File "<home>/<tooling-home>/worktrees/searcher-regrade4-20260817-002726/.venv/bin/pytest", line 10 in <module>
    artifacts/grading-round4/test_all.log:822  [username] personal username  File "<home>/<tooling-home>/worktrees/searcher-regrade4-20260817-002726/.venv/bin/pytest", line 10 in <module>
    artifacts/grading-round4/test_all.log:828  [home_path] home-directory path  File "<home>/.local/share/uv/python/cpython-3.13.13-macos-aarch64-none/lib/python3.13/subprocess.py", line 1921 in _execute_child
    artifacts/grading-round4/test_all.log:828  [username] personal username  File "<home>/.local/share/uv/python/cpython-3.13.13-macos-aarch64-none/lib/python3.13/subprocess.py", line 1921 in _execute_child
    artifacts/grading-round4/test_all.log:829  [home_path] home-directory path  File "<home>/.local/share/uv/python/cpython-3.13.13-macos-aarch64-none/lib/python3.13/subprocess.py", line 1039 in __init__
    artifacts/grading-round4/test_all.log:829  [username] personal username  File "<home>/.local/share/uv/python/cpython-3.13.13-macos-aarch64-none/lib/python3.13/subprocess.py", line 1039 in __init__
    artifacts/grading-round4/test_all.log:830  [home_path] home-directory path  File "<home>/.local/share/uv/python/cpython-3.13.13-macos-aarch64-none/lib/python3.13/subprocess.py", line 554 in run
    artifacts/grading-round4/test_all.log:830  [username] personal username  File "<home>/.local/share/uv/python/cpython-3.13.13-macos-aarch64-none/lib/python3.13/subprocess.py", line 554 in run
    artifacts/grading-round4/test_all.log:831  [home_path] home-directory path  File "<home>/<tooling-home>/worktrees/searcher-regrade4-20260817-002726/tests/unit/test_first_run.py", line 208 in test_check_only_reports_blocked_backbone_without_weights
    artifacts/grading-round4/test_all.log:831  [username] personal username  File "<home>/<tooling-home>/worktrees/searcher-regrade4-20260817-002726/tests/unit/test_first_run.py", line 208 in test_check_only_reports_blocked_backbone_without_weights
    artifacts/grading-round4/test_all.log:832  [home_path] home-directory path  File "<home>/<tooling-home>/worktrees/searcher-regrade4-20260817-002726/.venv/lib/python3.13/site-packages/_pytest/python.py", line 167 in pytest_pyfunc_call
    artifacts/grading-round4/test_all.log:832  [username] personal username  File "<home>/<tooling-home>/worktrees/searcher-regrade4-20260817-002726/.venv/lib/python3.13/site-packages/_pytest/python.py", line 167 in pytest_pyfunc_call
    artifacts/grading-round4/test_all.log:833  [home_path] home-directory path  File "<home>/<tooling-home>/worktrees/searcher-regrade4-20260817-002726/.venv/lib/python3.13/site-packages/pluggy/_callers.py", line 121 in _multicall
    artifacts/grading-round4/test_all.log:833  [username] personal username  File "<home>/<tooling-home>/worktrees/searcher-regrade4-20260817-002726/.venv/lib/python3.13/site-packages/pluggy/_callers.py", line 121 in _multicall
    artifacts/grading-round4/test_all.log:834  [home_path] home-directory path  File "<home>/<tooling-home>/worktrees/searcher-regrade4-20260817-002726/.venv/lib/python3.13/site-packages/pluggy/_manager.py", line 120 in _hookexec
    artifacts/grading-round4/test_all.log:834  [username] personal username  File "<home>/<tooling-home>/worktrees/searcher-regrade4-20260817-002726/.venv/lib/python3.13/site-packages/pluggy/_manager.py", line 120 in _hookexec
    artifacts/grading-round4/test_all.log:835  [home_path] home-directory path  File "<home>/<tooling-home>/worktrees/searcher-regrade4-20260817-002726/.venv/lib/python3.13/site-packages/pluggy/_hooks.py", line 512 in __call__
    artifacts/grading-round4/test_all.log:835  [username] personal username  File "<home>/<tooling-home>/worktrees/searcher-regrade4-20260817-002726/.venv/lib/python3.13/site-packages/pluggy/_hooks.py", line 512 in __call__
    artifacts/grading-round4/test_all.log:836  [home_path] home-directory path  File "<home>/<tooling-home>/worktrees/searcher-regrade4-20260817-002726/.venv/lib/python3.13/site-packages/_pytest/python.py", line 1707 in runtest
    artifacts/grading-round4/test_all.log:836  [username] personal username  File "<home>/<tooling-home>/worktrees/searcher-regrade4-20260817-002726/.venv/lib/python3.13/site-packages/_pytest/python.py", line 1707 in runtest
    artifacts/grading-round4/test_all.log:837  [home_path] home-directory path  File "<home>/<tooling-home>/worktrees/searcher-regrade4-20260817-002726/.venv/lib/python3.13/site-packages/_pytest/runner.py", line 184 in pytest_runtest_call
    artifacts/grading-round4/test_all.log:837  [username] personal username  File "<home>/<tooling-home>/worktrees/searcher-regrade4-20260817-002726/.venv/lib/python3.13/site-packages/_pytest/runner.py", line 184 in pytest_runtest_call
    artifacts/grading-round4/test_all.log:838  [home_path] home-directory path  File "<home>/<tooling-home>/worktrees/searcher-regrade4-20260817-002726/.venv/lib/python3.13/site-packages/pluggy/_callers.py", line 121 in _multicall
    artifacts/grading-round4/test_all.log:838  [username] personal username  File "<home>/<tooling-home>/worktrees/searcher-regrade4-20260817-002726/.venv/lib/python3.13/site-packages/pluggy/_callers.py", line 121 in _multicall
    artifacts/grading-round4/test_all.log:839  [home_path] home-directory path  File "<home>/<tooling-home>/worktrees/searcher-regrade4-20260817-002726/.venv/lib/python3.13/site-packages/pluggy/_manager.py", line 120 in _hookexec
    artifacts/grading-round4/test_all.log:839  [username] personal username  File "<home>/<tooling-home>/worktrees/searcher-regrade4-20260817-002726/.venv/lib/python3.13/site-packages/pluggy/_manager.py", line 120 in _hookexec
    artifacts/grading-round4/test_all.log:840  [home_path] home-directory path  File "<home>/<tooling-home>/worktrees/searcher-regrade4-20260817-002726/.venv/lib/python3.13/site-packages/pluggy/_hooks.py", line 512 in __call__
    artifacts/grading-round4/test_all.log:840  [username] personal username  File "<home>/<tooling-home>/worktrees/searcher-regrade4-20260817-002726/.venv/lib/python3.13/site-packages/pluggy/_hooks.py", line 512 in __call__
    artifacts/grading-round4/test_all.log:841  [home_path] home-directory path  File "<home>/<tooling-home>/worktrees/searcher-regrade4-20260817-002726/.venv/lib/python3.13/site-packages/_pytest/runner.py", line 250 in <lambda>
    artifacts/grading-round4/test_all.log:841  [username] personal username  File "<home>/<tooling-home>/worktrees/searcher-regrade4-20260817-002726/.venv/lib/python3.13/site-packages/_pytest/runner.py", line 250 in <lambda>
    artifacts/grading-round4/test_all.log:842  [home_path] home-directory path  File "<home>/<tooling-home>/worktrees/searcher-regrade4-20260817-002726/.venv/lib/python3.13/site-packages/_pytest/runner.py", line 361 in from_call
    artifacts/grading-round4/test_all.log:842  [username] personal username  File "<home>/<tooling-home>/worktrees/searcher-regrade4-20260817-002726/.venv/lib/python3.13/site-packages/_pytest/runner.py", line 361 in from_call
    artifacts/grading-round4/test_all.log:843  [home_path] home-directory path  File "<home>/<tooling-home>/worktrees/searcher-regrade4-20260817-002726/.venv/lib/python3.13/site-packages/_pytest/runner.py", line 249 in call_and_report
    artifacts/grading-round4/test_all.log:843  [username] personal username  File "<home>/<tooling-home>/worktrees/searcher-regrade4-20260817-002726/.venv/lib/python3.13/site-packages/_pytest/runner.py", line 249 in call_and_report
    artifacts/grading-round4/test_all.log:844  [home_path] home-directory path  File "<home>/<tooling-home>/worktrees/searcher-regrade4-20260817-002726/.venv/lib/python3.13/site-packages/_pytest/runner.py", line 139 in runtestprotocol
    artifacts/grading-round4/test_all.log:844  [username] personal username  File "<home>/<tooling-home>/worktrees/searcher-regrade4-20260817-002726/.venv/lib/python3.13/site-packages/_pytest/runner.py", line 139 in runtestprotocol
    artifacts/grading-round4/test_all.log:845  [home_path] home-directory path  File "<home>/<tooling-home>/worktrees/searcher-regrade4-20260817-002726/.venv/lib/python3.13/site-packages/_pytest/runner.py", line 118 in pytest_runtest_protocol
    artifacts/grading-round4/test_all.log:845  [username] personal username  File "<home>/<tooling-home>/worktrees/searcher-regrade4-20260817-002726/.venv/lib/python3.13/site-packages/_pytest/runner.py", line 118 in pytest_runtest_protocol
    artifacts/grading-round4/test_all.log:846  [home_path] home-directory path  File "<home>/<tooling-home>/worktrees/searcher-regrade4-20260817-002726/.venv/lib/python3.13/site-packages/pluggy/_callers.py", line 121 in _multicall
    artifacts/grading-round4/test_all.log:846  [username] personal username  File "<home>/<tooling-home>/worktrees/searcher-regrade4-20260817-002726/.venv/lib/python3.13/site-packages/pluggy/_callers.py", line 121 in _multicall
    artifacts/grading-round4/test_all.log:847  [home_path] home-directory path  File "<home>/<tooling-home>/worktrees/searcher-regrade4-20260817-002726/.venv/lib/python3.13/site-packages/pluggy/_manager.py", line 120 in _hookexec
    artifacts/grading-round4/test_all.log:847  [username] personal username  File "<home>/<tooling-home>/worktrees/searcher-regrade4-20260817-002726/.venv/lib/python3.13/site-packages/pluggy/_manager.py", line 120 in _hookexec
    artifacts/grading-round4/test_all.log:848  [home_path] home-directory path  File "<home>/<tooling-home>/worktrees/searcher-regrade4-20260817-002726/.venv/lib/python3.13/site-packages/pluggy/_hooks.py", line 512 in __call__
    artifacts/grading-round4/test_all.log:848  [username] personal username  File "<home>/<tooling-home>/worktrees/searcher-regrade4-20260817-002726/.venv/lib/python3.13/site-packages/pluggy/_hooks.py", line 512 in __call__
    artifacts/grading-round4/test_all.log:849  [home_path] home-directory path  File "<home>/<tooling-home>/worktrees/searcher-regrade4-20260817-002726/.venv/lib/python3.13/site-packages/_pytest/main.py", line 408 in pytest_runtestloop
    artifacts/grading-round4/test_all.log:849  [username] personal username  File "<home>/<tooling-home>/worktrees/searcher-regrade4-20260817-002726/.venv/lib/python3.13/site-packages/_pytest/main.py", line 408 in pytest_runtestloop
    artifacts/grading-round4/test_all.log:850  [home_path] home-directory path  File "<home>/<tooling-home>/worktrees/searcher-regrade4-20260817-002726/.venv/lib/python3.13/site-packages/pluggy/_callers.py", line 121 in _multicall
    artifacts/grading-round4/test_all.log:850  [username] personal username  File "<home>/<tooling-home>/worktrees/searcher-regrade4-20260817-002726/.venv/lib/python3.13/site-packages/pluggy/_callers.py", line 121 in _multicall
    artifacts/grading-round4/test_all.log:851  [home_path] home-directory path  File "<home>/<tooling-home>/worktrees/searcher-regrade4-20260817-002726/.venv/lib/python3.13/site-packages/pluggy/_manager.py", line 120 in _hookexec
    artifacts/grading-round4/test_all.log:851  [username] personal username  File "<home>/<tooling-home>/worktrees/searcher-regrade4-20260817-002726/.venv/lib/python3.13/site-packages/pluggy/_manager.py", line 120 in _hookexec
    artifacts/grading-round4/test_all.log:852  [home_path] home-directory path  File "<home>/<tooling-home>/worktrees/searcher-regrade4-20260817-002726/.venv/lib/python3.13/site-packages/pluggy/_hooks.py", line 512 in __call__
    artifacts/grading-round4/test_all.log:852  [username] personal username  File "<home>/<tooling-home>/worktrees/searcher-regrade4-20260817-002726/.venv/lib/python3.13/site-packages/pluggy/_hooks.py", line 512 in __call__
    artifacts/grading-round4/test_all.log:853  [home_path] home-directory path  File "<home>/<tooling-home>/worktrees/searcher-regrade4-20260817-002726/.venv/lib/python3.13/site-packages/_pytest/main.py", line 384 in _main
    artifacts/grading-round4/test_all.log:853  [username] personal username  File "<home>/<tooling-home>/worktrees/searcher-regrade4-20260817-002726/.venv/lib/python3.13/site-packages/_pytest/main.py", line 384 in _main
    artifacts/grading-round4/test_all.log:854  [home_path] home-directory path  File "<home>/<tooling-home>/worktrees/searcher-regrade4-20260817-002726/.venv/lib/python3.13/site-packages/_pytest/main.py", line 330 in wrap_session
    artifacts/grading-round4/test_all.log:854  [username] personal username  File "<home>/<tooling-home>/worktrees/searcher-regrade4-20260817-002726/.venv/lib/python3.13/site-packages/_pytest/main.py", line 330 in wrap_session
    artifacts/grading-round4/test_all.log:855  [home_path] home-directory path  File "<home>/<tooling-home>/worktrees/searcher-regrade4-20260817-002726/.venv/lib/python3.13/site-packages/_pytest/main.py", line 377 in pytest_cmdline_main
    artifacts/grading-round4/test_all.log:855  [username] personal username  File "<home>/<tooling-home>/worktrees/searcher-regrade4-20260817-002726/.venv/lib/python3.13/site-packages/_pytest/main.py", line 377 in pytest_cmdline_main
    artifacts/grading-round4/test_all.log:856  [home_path] home-directory path  File "<home>/<tooling-home>/worktrees/searcher-regrade4-20260817-002726/.venv/lib/python3.13/site-packages/pluggy/_callers.py", line 121 in _multicall
    artifacts/grading-round4/test_all.log:856  [username] personal username  File "<home>/<tooling-home>/worktrees/searcher-regrade4-20260817-002726/.venv/lib/python3.13/site-packages/pluggy/_callers.py", line 121 in _multicall
    artifacts/grading-round4/test_all.log:857  [home_path] home-directory path  File "<home>/<tooling-home>/worktrees/searcher-regrade4-20260817-002726/.venv/lib/python3.13/site-packages/pluggy/_manager.py", line 120 in _hookexec
    artifacts/grading-round4/test_all.log:857  [username] personal username  File "<home>/<tooling-home>/worktrees/searcher-regrade4-20260817-002726/.venv/lib/python3.13/site-packages/pluggy/_manager.py", line 120 in _hookexec
    artifacts/grading-round4/test_all.log:858  [home_path] home-directory path  File "<home>/<tooling-home>/worktrees/searcher-regrade4-20260817-002726/.venv/lib/python3.13/site-packages/pluggy/_hooks.py", line 512 in __call__
    artifacts/grading-round4/test_all.log:858  [username] personal username  File "<home>/<tooling-home>/worktrees/searcher-regrade4-20260817-002726/.venv/lib/python3.13/site-packages/pluggy/_hooks.py", line 512 in __call__
    artifacts/grading-round4/test_all.log:859  [home_path] home-directory path  File "<home>/<tooling-home>/worktrees/searcher-regrade4-20260817-002726/.venv/lib/python3.13/site-packages/_pytest/config/__init__.py", line 229 in _main
    artifacts/grading-round4/test_all.log:859  [username] personal username  File "<home>/<tooling-home>/worktrees/searcher-regrade4-20260817-002726/.venv/lib/python3.13/site-packages/_pytest/config/__init__.py", line 229 in _main
    artifacts/grading-round4/test_all.log:860  [home_path] home-directory path  File "<home>/<tooling-home>/worktrees/searcher-regrade4-20260817-002726/.venv/lib/python3.13/site-packages/_pytest/config/__init__.py", line 253 in _console_main
    artifacts/grading-round4/test_all.log:860  [username] personal username  File "<home>/<tooling-home>/worktrees/searcher-regrade4-20260817-002726/.venv/lib/python3.13/site-packages/_pytest/config/__init__.py", line 253 in _console_main
    artifacts/grading-round4/test_all.log:861  [home_path] home-directory path  File "<home>/<tooling-home>/worktrees/searcher-regrade4-20260817-002726/.venv/bin/pytest", line 10 in <module>
    artifacts/grading-round4/test_all.log:861  [username] personal username  File "<home>/<tooling-home>/worktrees/searcher-regrade4-20260817-002726/.venv/bin/pytest", line 10 in <module>
    artifacts/grading-round4/test_all.log:868  [home_path] home-directory path  File "<home>/.local/share/uv/python/cpython-3.13.13-macos-aarch64-none/lib/python3.13/subprocess.py", line 1921 in _execute_child
    artifacts/grading-round4/test_all.log:868  [username] personal username  File "<home>/.local/share/uv/python/cpython-3.13.13-macos-aarch64-none/lib/python3.13/subprocess.py", line 1921 in _execute_child
    artifacts/grading-round4/test_all.log:869  [home_path] home-directory path  File "<home>/.local/share/uv/python/cpython-3.13.13-macos-aarch64-none/lib/python3.13/subprocess.py", line 1039 in __init__
    artifacts/grading-round4/test_all.log:869  [username] personal username  File "<home>/.local/share/uv/python/cpython-3.13.13-macos-aarch64-none/lib/python3.13/subprocess.py", line 1039 in __init__
    artifacts/grading-round4/test_all.log:870  [home_path] home-directory path  File "<home>/.local/share/uv/python/cpython-3.13.13-macos-aarch64-none/lib/python3.13/subprocess.py", line 554 in run
    artifacts/grading-round4/test_all.log:870  [username] personal username  File "<home>/.local/share/uv/python/cpython-3.13.13-macos-aarch64-none/lib/python3.13/subprocess.py", line 554 in run
    artifacts/grading-round4/test_all.log:871  [home_path] home-directory path  File "<home>/<tooling-home>/worktrees/searcher-regrade4-20260817-002726/tests/unit/test_probe_and_import.py", line 30 in _heavy_modules_after
    artifacts/grading-round4/test_all.log:871  [username] personal username  File "<home>/<tooling-home>/worktrees/searcher-regrade4-20260817-002726/tests/unit/test_probe_and_import.py", line 30 in _heavy_modules_after
    artifacts/grading-round4/test_all.log:872  [home_path] home-directory path  File "<home>/<tooling-home>/worktrees/searcher-regrade4-20260817-002726/tests/unit/test_probe_and_import.py", line 40 in test_import_searcher_does_not_import_torch
    artifacts/grading-round4/test_all.log:872  [username] personal username  File "<home>/<tooling-home>/worktrees/searcher-regrade4-20260817-002726/tests/unit/test_probe_and_import.py", line 40 in test_import_searcher_does_not_import_torch
    artifacts/grading-round4/test_all.log:873  [home_path] home-directory path  File "<home>/<tooling-home>/worktrees/searcher-regrade4-20260817-002726/.venv/lib/python3.13/site-packages/_pytest/python.py", line 167 in pytest_pyfunc_call
    artifacts/grading-round4/test_all.log:873  [username] personal username  File "<home>/<tooling-home>/worktrees/searcher-regrade4-20260817-002726/.venv/lib/python3.13/site-packages/_pytest/python.py", line 167 in pytest_pyfunc_call
    artifacts/grading-round4/test_all.log:874  [home_path] home-directory path  File "<home>/<tooling-home>/worktrees/searcher-regrade4-20260817-002726/.venv/lib/python3.13/site-packages/pluggy/_callers.py", line 121 in _multicall
    artifacts/grading-round4/test_all.log:874  [username] personal username  File "<home>/<tooling-home>/worktrees/searcher-regrade4-20260817-002726/.venv/lib/python3.13/site-packages/pluggy/_callers.py", line 121 in _multicall
    artifacts/grading-round4/test_all.log:875  [home_path] home-directory path  File "<home>/<tooling-home>/worktrees/searcher-regrade4-20260817-002726/.venv/lib/python3.13/site-packages/pluggy/_manager.py", line 120 in _hookexec
    artifacts/grading-round4/test_all.log:875  [username] personal username  File "<home>/<tooling-home>/worktrees/searcher-regrade4-20260817-002726/.venv/lib/python3.13/site-packages/pluggy/_manager.py", line 120 in _hookexec
    artifacts/grading-round4/test_all.log:876  [home_path] home-directory path  File "<home>/<tooling-home>/worktrees/searcher-regrade4-20260817-002726/.venv/lib/python3.13/site-packages/pluggy/_hooks.py", line 512 in __call__
    artifacts/grading-round4/test_all.log:876  [username] personal username  File "<home>/<tooling-home>/worktrees/searcher-regrade4-20260817-002726/.venv/lib/python3.13/site-packages/pluggy/_hooks.py", line 512 in __call__
    artifacts/grading-round4/test_all.log:877  [home_path] home-directory path  File "<home>/<tooling-home>/worktrees/searcher-regrade4-20260817-002726/.venv/lib/python3.13/site-packages/_pytest/python.py", line 1707 in runtest
    artifacts/grading-round4/test_all.log:877  [username] personal username  File "<home>/<tooling-home>/worktrees/searcher-regrade4-20260817-002726/.venv/lib/python3.13/site-packages/_pytest/python.py", line 1707 in runtest
    artifacts/grading-round4/test_all.log:878  [home_path] home-directory path  File "<home>/<tooling-home>/worktrees/searcher-regrade4-20260817-002726/.venv/lib/python3.13/site-packages/_pytest/runner.py", line 184 in pytest_runtest_call
    artifacts/grading-round4/test_all.log:878  [username] personal username  File "<home>/<tooling-home>/worktrees/searcher-regrade4-20260817-002726/.venv/lib/python3.13/site-packages/_pytest/runner.py", line 184 in pytest_runtest_call
    artifacts/grading-round4/test_all.log:879  [home_path] home-directory path  File "<home>/<tooling-home>/worktrees/searcher-regrade4-20260817-002726/.venv/lib/python3.13/site-packages/pluggy/_callers.py", line 121 in _multicall
    artifacts/grading-round4/test_all.log:879  [username] personal username  File "<home>/<tooling-home>/worktrees/searcher-regrade4-20260817-002726/.venv/lib/python3.13/site-packages/pluggy/_callers.py", line 121 in _multicall
    artifacts/grading-round4/test_all.log:880  [home_path] home-directory path  File "<home>/<tooling-home>/worktrees/searcher-regrade4-20260817-002726/.venv/lib/python3.13/site-packages/pluggy/_manager.py", line 120 in _hookexec
    artifacts/grading-round4/test_all.log:880  [username] personal username  File "<home>/<tooling-home>/worktrees/searcher-regrade4-20260817-002726/.venv/lib/python3.13/site-packages/pluggy/_manager.py", line 120 in _hookexec
    artifacts/grading-round4/test_all.log:881  [home_path] home-directory path  File "<home>/<tooling-home>/worktrees/searcher-regrade4-20260817-002726/.venv/lib/python3.13/site-packages/pluggy/_hooks.py", line 512 in __call__
    artifacts/grading-round4/test_all.log:881  [username] personal username  File "<home>/<tooling-home>/worktrees/searcher-regrade4-20260817-002726/.venv/lib/python3.13/site-packages/pluggy/_hooks.py", line 512 in __call__
    artifacts/grading-round4/test_all.log:882  [home_path] home-directory path  File "<home>/<tooling-home>/worktrees/searcher-regrade4-20260817-002726/.venv/lib/python3.13/site-packages/_pytest/runner.py", line 250 in <lambda>
    artifacts/grading-round4/test_all.log:882  [username] personal username  File "<home>/<tooling-home>/worktrees/searcher-regrade4-20260817-002726/.venv/lib/python3.13/site-packages/_pytest/runner.py", line 250 in <lambda>
    artifacts/grading-round4/test_all.log:883  [home_path] home-directory path  File "<home>/<tooling-home>/worktrees/searcher-regrade4-20260817-002726/.venv/lib/python3.13/site-packages/_pytest/runner.py", line 361 in from_call
    artifacts/grading-round4/test_all.log:883  [username] personal username  File "<home>/<tooling-home>/worktrees/searcher-regrade4-20260817-002726/.venv/lib/python3.13/site-packages/_pytest/runner.py", line 361 in from_call
    artifacts/grading-round4/test_all.log:884  [home_path] home-directory path  File "<home>/<tooling-home>/worktrees/searcher-regrade4-20260817-002726/.venv/lib/python3.13/site-packages/_pytest/runner.py", line 249 in call_and_report
    artifacts/grading-round4/test_all.log:884  [username] personal username  File "<home>/<tooling-home>/worktrees/searcher-regrade4-20260817-002726/.venv/lib/python3.13/site-packages/_pytest/runner.py", line 249 in call_and_report
    artifacts/grading-round4/test_all.log:885  [home_path] home-directory path  File "<home>/<tooling-home>/worktrees/searcher-regrade4-20260817-002726/.venv/lib/python3.13/site-packages/_pytest/runner.py", line 139 in runtestprotocol
    artifacts/grading-round4/test_all.log:885  [username] personal username  File "<home>/<tooling-home>/worktrees/searcher-regrade4-20260817-002726/.venv/lib/python3.13/site-packages/_pytest/runner.py", line 139 in runtestprotocol
    artifacts/grading-round4/test_all.log:886  [home_path] home-directory path  File "<home>/<tooling-home>/worktrees/searcher-regrade4-20260817-002726/.venv/lib/python3.13/site-packages/_pytest/runner.py", line 118 in pytest_runtest_protocol
    artifacts/grading-round4/test_all.log:886  [username] personal username  File "<home>/<tooling-home>/worktrees/searcher-regrade4-20260817-002726/.venv/lib/python3.13/site-packages/_pytest/runner.py", line 118 in pytest_runtest_protocol
    artifacts/grading-round4/test_all.log:887  [home_path] home-directory path  File "<home>/<tooling-home>/worktrees/searcher-regrade4-20260817-002726/.venv/lib/python3.13/site-packages/pluggy/_callers.py", line 121 in _multicall
    artifacts/grading-round4/test_all.log:887  [username] personal username  File "<home>/<tooling-home>/worktrees/searcher-regrade4-20260817-002726/.venv/lib/python3.13/site-packages/pluggy/_callers.py", line 121 in _multicall
    artifacts/grading-round4/test_all.log:888  [home_path] home-directory path  File "<home>/<tooling-home>/worktrees/searcher-regrade4-20260817-002726/.venv/lib/python3.13/site-packages/pluggy/_manager.py", line 120 in _hookexec
    artifacts/grading-round4/test_all.log:888  [username] personal username  File "<home>/<tooling-home>/worktrees/searcher-regrade4-20260817-002726/.venv/lib/python3.13/site-packages/pluggy/_manager.py", line 120 in _hookexec
    artifacts/grading-round4/test_all.log:889  [home_path] home-directory path  File "<home>/<tooling-home>/worktrees/searcher-regrade4-20260817-002726/.venv/lib/python3.13/site-packages/pluggy/_hooks.py", line 512 in __call__
    artifacts/grading-round4/test_all.log:889  [username] personal username  File "<home>/<tooling-home>/worktrees/searcher-regrade4-20260817-002726/.venv/lib/python3.13/site-packages/pluggy/_hooks.py", line 512 in __call__
    artifacts/grading-round4/test_all.log:890  [home_path] home-directory path  File "<home>/<tooling-home>/worktrees/searcher-regrade4-20260817-002726/.venv/lib/python3.13/site-packages/_pytest/main.py", line 408 in pytest_runtestloop
    artifacts/grading-round4/test_all.log:890  [username] personal username  File "<home>/<tooling-home>/worktrees/searcher-regrade4-20260817-002726/.venv/lib/python3.13/site-packages/_pytest/main.py", line 408 in pytest_runtestloop
    artifacts/grading-round4/test_all.log:891  [home_path] home-directory path  File "<home>/<tooling-home>/worktrees/searcher-regrade4-20260817-002726/.venv/lib/python3.13/site-packages/pluggy/_callers.py", line 121 in _multicall
    artifacts/grading-round4/test_all.log:891  [username] personal username  File "<home>/<tooling-home>/worktrees/searcher-regrade4-20260817-002726/.venv/lib/python3.13/site-packages/pluggy/_callers.py", line 121 in _multicall
    artifacts/grading-round4/test_all.log:892  [home_path] home-directory path  File "<home>/<tooling-home>/worktrees/searcher-regrade4-20260817-002726/.venv/lib/python3.13/site-packages/pluggy/_manager.py", line 120 in _hookexec
    artifacts/grading-round4/test_all.log:892  [username] personal username  File "<home>/<tooling-home>/worktrees/searcher-regrade4-20260817-002726/.venv/lib/python3.13/site-packages/pluggy/_manager.py", line 120 in _hookexec
    artifacts/grading-round4/test_all.log:893  [home_path] home-directory path  File "<home>/<tooling-home>/worktrees/searcher-regrade4-20260817-002726/.venv/lib/python3.13/site-packages/pluggy/_hooks.py", line 512 in __call__
    artifacts/grading-round4/test_all.log:893  [username] personal username  File "<home>/<tooling-home>/worktrees/searcher-regrade4-20260817-002726/.venv/lib/python3.13/site-packages/pluggy/_hooks.py", line 512 in __call__
    artifacts/grading-round4/test_all.log:894  [home_path] home-directory path  File "<home>/<tooling-home>/worktrees/searcher-regrade4-20260817-002726/.venv/lib/python3.13/site-packages/_pytest/main.py", line 384 in _main
    artifacts/grading-round4/test_all.log:894  [username] personal username  File "<home>/<tooling-home>/worktrees/searcher-regrade4-20260817-002726/.venv/lib/python3.13/site-packages/_pytest/main.py", line 384 in _main
    artifacts/grading-round4/test_all.log:895  [home_path] home-directory path  File "<home>/<tooling-home>/worktrees/searcher-regrade4-20260817-002726/.venv/lib/python3.13/site-packages/_pytest/main.py", line 330 in wrap_session
    artifacts/grading-round4/test_all.log:895  [username] personal username  File "<home>/<tooling-home>/worktrees/searcher-regrade4-20260817-002726/.venv/lib/python3.13/site-packages/_pytest/main.py", line 330 in wrap_session
    artifacts/grading-round4/test_all.log:896  [home_path] home-directory path  File "<home>/<tooling-home>/worktrees/searcher-regrade4-20260817-002726/.venv/lib/python3.13/site-packages/_pytest/main.py", line 377 in pytest_cmdline_main
    artifacts/grading-round4/test_all.log:896  [username] personal username  File "<home>/<tooling-home>/worktrees/searcher-regrade4-20260817-002726/.venv/lib/python3.13/site-packages/_pytest/main.py", line 377 in pytest_cmdline_main
    artifacts/grading-round4/test_all.log:897  [home_path] home-directory path  File "<home>/<tooling-home>/worktrees/searcher-regrade4-20260817-002726/.venv/lib/python3.13/site-packages/pluggy/_callers.py", line 121 in _multicall
    artifacts/grading-round4/test_all.log:897  [username] personal username  File "<home>/<tooling-home>/worktrees/searcher-regrade4-20260817-002726/.venv/lib/python3.13/site-packages/pluggy/_callers.py", line 121 in _multicall
    artifacts/grading-round4/test_all.log:898  [home_path] home-directory path  File "<home>/<tooling-home>/worktrees/searcher-regrade4-20260817-002726/.venv/lib/python3.13/site-packages/pluggy/_manager.py", line 120 in _hookexec
    artifacts/grading-round4/test_all.log:898  [username] personal username  File "<home>/<tooling-home>/worktrees/searcher-regrade4-20260817-002726/.venv/lib/python3.13/site-packages/pluggy/_manager.py", line 120 in _hookexec
    artifacts/grading-round4/test_all.log:899  [home_path] home-directory path  File "<home>/<tooling-home>/worktrees/searcher-regrade4-20260817-002726/.venv/lib/python3.13/site-packages/pluggy/_hooks.py", line 512 in __call__
    artifacts/grading-round4/test_all.log:899  [username] personal username  File "<home>/<tooling-home>/worktrees/searcher-regrade4-20260817-002726/.venv/lib/python3.13/site-packages/pluggy/_hooks.py", line 512 in __call__
    artifacts/grading-round4/test_all.log:900  [home_path] home-directory path  File "<home>/<tooling-home>/worktrees/searcher-regrade4-20260817-002726/.venv/lib/python3.13/site-packages/_pytest/config/__init__.py", line 229 in _main
    artifacts/grading-round4/test_all.log:900  [username] personal username  File "<home>/<tooling-home>/worktrees/searcher-regrade4-20260817-002726/.venv/lib/python3.13/site-packages/_pytest/config/__init__.py", line 229 in _main
    artifacts/grading-round4/test_all.log:901  [home_path] home-directory path  File "<home>/<tooling-home>/worktrees/searcher-regrade4-20260817-002726/.venv/lib/python3.13/site-packages/_pytest/config/__init__.py", line 253 in _console_main
    artifacts/grading-round4/test_all.log:901  [username] personal username  File "<home>/<tooling-home>/worktrees/searcher-regrade4-20260817-002726/.venv/lib/python3.13/site-packages/_pytest/config/__init__.py", line 253 in _console_main
    artifacts/grading-round4/test_all.log:902  [home_path] home-directory path  File "<home>/<tooling-home>/worktrees/searcher-regrade4-20260817-002726/.venv/bin/pytest", line 10 in <module>
    artifacts/grading-round4/test_all.log:902  [username] personal username  File "<home>/<tooling-home>/worktrees/searcher-regrade4-20260817-002726/.venv/bin/pytest", line 10 in <module>
    artifacts/grading-round4/test_all.log:908  [home_path] home-directory path  File "<home>/.local/share/uv/python/cpython-3.13.13-macos-aarch64-none/lib/python3.13/subprocess.py", line 1921 in _execute_child
    artifacts/grading-round4/test_all.log:908  [username] personal username  File "<home>/.local/share/uv/python/cpython-3.13.13-macos-aarch64-none/lib/python3.13/subprocess.py", line 1921 in _execute_child
    artifacts/grading-round4/test_all.log:909  [home_path] home-directory path  File "<home>/.local/share/uv/python/cpython-3.13.13-macos-aarch64-none/lib/python3.13/subprocess.py", line 1039 in __init__
    artifacts/grading-round4/test_all.log:909  [username] personal username  File "<home>/.local/share/uv/python/cpython-3.13.13-macos-aarch64-none/lib/python3.13/subprocess.py", line 1039 in __init__
    artifacts/grading-round4/test_all.log:910  [home_path] home-directory path  File "<home>/.local/share/uv/python/cpython-3.13.13-macos-aarch64-none/lib/python3.13/subprocess.py", line 554 in run
    artifacts/grading-round4/test_all.log:910  [username] personal username  File "<home>/.local/share/uv/python/cpython-3.13.13-macos-aarch64-none/lib/python3.13/subprocess.py", line 554 in run
    artifacts/grading-round4/test_all.log:911  [home_path] home-directory path  File "<home>/<tooling-home>/worktrees/searcher-regrade4-20260817-002726/tests/unit/test_probe_and_import.py", line 30 in _heavy_modules_after
    artifacts/grading-round4/test_all.log:911  [username] personal username  File "<home>/<tooling-home>/worktrees/searcher-regrade4-20260817-002726/tests/unit/test_probe_and_import.py", line 30 in _heavy_modules_after
    artifacts/grading-round4/test_all.log:912  [home_path] home-directory path  File "<home>/<tooling-home>/worktrees/searcher-regrade4-20260817-002726/tests/unit/test_probe_and_import.py", line 64 in test_probe_does_not_load_heavy_modules
    artifacts/grading-round4/test_all.log:912  [username] personal username  File "<home>/<tooling-home>/worktrees/searcher-regrade4-20260817-002726/tests/unit/test_probe_and_import.py", line 64 in test_probe_does_not_load_heavy_modules
    artifacts/grading-round4/test_all.log:913  [home_path] home-directory path  File "<home>/<tooling-home>/worktrees/searcher-regrade4-20260817-002726/.venv/lib/python3.13/site-packages/_pytest/python.py", line 167 in pytest_pyfunc_call
    artifacts/grading-round4/test_all.log:913  [username] personal username  File "<home>/<tooling-home>/worktrees/searcher-regrade4-20260817-002726/.venv/lib/python3.13/site-packages/_pytest/python.py", line 167 in pytest_pyfunc_call
    artifacts/grading-round4/test_all.log:914  [home_path] home-directory path  File "<home>/<tooling-home>/worktrees/searcher-regrade4-20260817-002726/.venv/lib/python3.13/site-packages/pluggy/_callers.py", line 121 in _multicall
    artifacts/grading-round4/test_all.log:914  [username] personal username  File "<home>/<tooling-home>/worktrees/searcher-regrade4-20260817-002726/.venv/lib/python3.13/site-packages/pluggy/_callers.py", line 121 in _multicall
    artifacts/grading-round4/test_all.log:915  [home_path] home-directory path  File "<home>/<tooling-home>/worktrees/searcher-regrade4-20260817-002726/.venv/lib/python3.13/site-packages/pluggy/_manager.py", line 120 in _hookexec
    artifacts/grading-round4/test_all.log:915  [username] personal username  File "<home>/<tooling-home>/worktrees/searcher-regrade4-20260817-002726/.venv/lib/python3.13/site-packages/pluggy/_manager.py", line 120 in _hookexec
    artifacts/grading-round4/test_all.log:916  [home_path] home-directory path  File "<home>/<tooling-home>/worktrees/searcher-regrade4-20260817-002726/.venv/lib/python3.13/site-packages/pluggy/_hooks.py", line 512 in __call__
    artifacts/grading-round4/test_all.log:916  [username] personal username  File "<home>/<tooling-home>/worktrees/searcher-regrade4-20260817-002726/.venv/lib/python3.13/site-packages/pluggy/_hooks.py", line 512 in __call__
    artifacts/grading-round4/test_all.log:917  [home_path] home-directory path  File "<home>/<tooling-home>/worktrees/searcher-regrade4-20260817-002726/.venv/lib/python3.13/site-packages/_pytest/python.py", line 1707 in runtest
    artifacts/grading-round4/test_all.log:917  [username] personal username  File "<home>/<tooling-home>/worktrees/searcher-regrade4-20260817-002726/.venv/lib/python3.13/site-packages/_pytest/python.py", line 1707 in runtest
    artifacts/grading-round4/test_all.log:918  [home_path] home-directory path  File "<home>/<tooling-home>/worktrees/searcher-regrade4-20260817-002726/.venv/lib/python3.13/site-packages/_pytest/runner.py", line 184 in pytest_runtest_call
    artifacts/grading-round4/test_all.log:918  [username] personal username  File "<home>/<tooling-home>/worktrees/searcher-regrade4-20260817-002726/.venv/lib/python3.13/site-packages/_pytest/runner.py", line 184 in pytest_runtest_call
    artifacts/grading-round4/test_all.log:919  [home_path] home-directory path  File "<home>/<tooling-home>/worktrees/searcher-regrade4-20260817-002726/.venv/lib/python3.13/site-packages/pluggy/_callers.py", line 121 in _multicall
    artifacts/grading-round4/test_all.log:919  [username] personal username  File "<home>/<tooling-home>/worktrees/searcher-regrade4-20260817-002726/.venv/lib/python3.13/site-packages/pluggy/_callers.py", line 121 in _multicall
    artifacts/grading-round4/test_all.log:920  [home_path] home-directory path  File "<home>/<tooling-home>/worktrees/searcher-regrade4-20260817-002726/.venv/lib/python3.13/site-packages/pluggy/_manager.py", line 120 in _hookexec
    artifacts/grading-round4/test_all.log:920  [username] personal username  File "<home>/<tooling-home>/worktrees/searcher-regrade4-20260817-002726/.venv/lib/python3.13/site-packages/pluggy/_manager.py", line 120 in _hookexec
    artifacts/grading-round4/test_all.log:921  [home_path] home-directory path  File "<home>/<tooling-home>/worktrees/searcher-regrade4-20260817-002726/.venv/lib/python3.13/site-packages/pluggy/_hooks.py", line 512 in __call__
    artifacts/grading-round4/test_all.log:921  [username] personal username  File "<home>/<tooling-home>/worktrees/searcher-regrade4-20260817-002726/.venv/lib/python3.13/site-packages/pluggy/_hooks.py", line 512 in __call__
    artifacts/grading-round4/test_all.log:922  [home_path] home-directory path  File "<home>/<tooling-home>/worktrees/searcher-regrade4-20260817-002726/.venv/lib/python3.13/site-packages/_pytest/runner.py", line 250 in <lambda>
    artifacts/grading-round4/test_all.log:922  [username] personal username  File "<home>/<tooling-home>/worktrees/searcher-regrade4-20260817-002726/.venv/lib/python3.13/site-packages/_pytest/runner.py", line 250 in <lambda>
    artifacts/grading-round4/test_all.log:923  [home_path] home-directory path  File "<home>/<tooling-home>/worktrees/searcher-regrade4-20260817-002726/.venv/lib/python3.13/site-packages/_pytest/runner.py", line 361 in from_call
    artifacts/grading-round4/test_all.log:923  [username] personal username  File "<home>/<tooling-home>/worktrees/searcher-regrade4-20260817-002726/.venv/lib/python3.13/site-packages/_pytest/runner.py", line 361 in from_call
    artifacts/grading-round4/test_all.log:924  [home_path] home-directory path  File "<home>/<tooling-home>/worktrees/searcher-regrade4-20260817-002726/.venv/lib/python3.13/site-packages/_pytest/runner.py", line 249 in call_and_report
    artifacts/grading-round4/test_all.log:924  [username] personal username  File "<home>/<tooling-home>/worktrees/searcher-regrade4-20260817-002726/.venv/lib/python3.13/site-packages/_pytest/runner.py", line 249 in call_and_report
    artifacts/grading-round4/test_all.log:925  [home_path] home-directory path  File "<home>/<tooling-home>/worktrees/searcher-regrade4-20260817-002726/.venv/lib/python3.13/site-packages/_pytest/runner.py", line 139 in runtestprotocol
    artifacts/grading-round4/test_all.log:925  [username] personal username  File "<home>/<tooling-home>/worktrees/searcher-regrade4-20260817-002726/.venv/lib/python3.13/site-packages/_pytest/runner.py", line 139 in runtestprotocol
    artifacts/grading-round4/test_all.log:926  [home_path] home-directory path  File "<home>/<tooling-home>/worktrees/searcher-regrade4-20260817-002726/.venv/lib/python3.13/site-packages/_pytest/runner.py", line 118 in pytest_runtest_protocol
    artifacts/grading-round4/test_all.log:926  [username] personal username  File "<home>/<tooling-home>/worktrees/searcher-regrade4-20260817-002726/.venv/lib/python3.13/site-packages/_pytest/runner.py", line 118 in pytest_runtest_protocol
    artifacts/grading-round4/test_all.log:927  [home_path] home-directory path  File "<home>/<tooling-home>/worktrees/searcher-regrade4-20260817-002726/.venv/lib/python3.13/site-packages/pluggy/_callers.py", line 121 in _multicall
    artifacts/grading-round4/test_all.log:927  [username] personal username  File "<home>/<tooling-home>/worktrees/searcher-regrade4-20260817-002726/.venv/lib/python3.13/site-packages/pluggy/_callers.py", line 121 in _multicall
    artifacts/grading-round4/test_all.log:928  [home_path] home-directory path  File "<home>/<tooling-home>/worktrees/searcher-regrade4-20260817-002726/.venv/lib/python3.13/site-packages/pluggy/_manager.py", line 120 in _hookexec
    artifacts/grading-round4/test_all.log:928  [username] personal username  File "<home>/<tooling-home>/worktrees/searcher-regrade4-20260817-002726/.venv/lib/python3.13/site-packages/pluggy/_manager.py", line 120 in _hookexec
    artifacts/grading-round4/test_all.log:929  [home_path] home-directory path  File "<home>/<tooling-home>/worktrees/searcher-regrade4-20260817-002726/.venv/lib/python3.13/site-packages/pluggy/_hooks.py", line 512 in __call__
    artifacts/grading-round4/test_all.log:929  [username] personal username  File "<home>/<tooling-home>/worktrees/searcher-regrade4-20260817-002726/.venv/lib/python3.13/site-packages/pluggy/_hooks.py", line 512 in __call__
    artifacts/grading-round4/test_all.log:930  [home_path] home-directory path  File "<home>/<tooling-home>/worktrees/searcher-regrade4-20260817-002726/.venv/lib/python3.13/site-packages/_pytest/main.py", line 408 in pytest_runtestloop
    artifacts/grading-round4/test_all.log:930  [username] personal username  File "<home>/<tooling-home>/worktrees/searcher-regrade4-20260817-002726/.venv/lib/python3.13/site-packages/_pytest/main.py", line 408 in pytest_runtestloop
    artifacts/grading-round4/test_all.log:931  [home_path] home-directory path  File "<home>/<tooling-home>/worktrees/searcher-regrade4-20260817-002726/.venv/lib/python3.13/site-packages/pluggy/_callers.py", line 121 in _multicall
    artifacts/grading-round4/test_all.log:931  [username] personal username  File "<home>/<tooling-home>/worktrees/searcher-regrade4-20260817-002726/.venv/lib/python3.13/site-packages/pluggy/_callers.py", line 121 in _multicall
    artifacts/grading-round4/test_all.log:932  [home_path] home-directory path  File "<home>/<tooling-home>/worktrees/searcher-regrade4-20260817-002726/.venv/lib/python3.13/site-packages/pluggy/_manager.py", line 120 in _hookexec
    artifacts/grading-round4/test_all.log:932  [username] personal username  File "<home>/<tooling-home>/worktrees/searcher-regrade4-20260817-002726/.venv/lib/python3.13/site-packages/pluggy/_manager.py", line 120 in _hookexec
    artifacts/grading-round4/test_all.log:933  [home_path] home-directory path  File "<home>/<tooling-home>/worktrees/searcher-regrade4-20260817-002726/.venv/lib/python3.13/site-packages/pluggy/_hooks.py", line 512 in __call__
    artifacts/grading-round4/test_all.log:933  [username] personal username  File "<home>/<tooling-home>/worktrees/searcher-regrade4-20260817-002726/.venv/lib/python3.13/site-packages/pluggy/_hooks.py", line 512 in __call__
    artifacts/grading-round4/test_all.log:934  [home_path] home-directory path  File "<home>/<tooling-home>/worktrees/searcher-regrade4-20260817-002726/.venv/lib/python3.13/site-packages/_pytest/main.py", line 384 in _main
    artifacts/grading-round4/test_all.log:934  [username] personal username  File "<home>/<tooling-home>/worktrees/searcher-regrade4-20260817-002726/.venv/lib/python3.13/site-packages/_pytest/main.py", line 384 in _main
    artifacts/grading-round4/test_all.log:935  [home_path] home-directory path  File "<home>/<tooling-home>/worktrees/searcher-regrade4-20260817-002726/.venv/lib/python3.13/site-packages/_pytest/main.py", line 330 in wrap_session
    artifacts/grading-round4/test_all.log:935  [username] personal username  File "<home>/<tooling-home>/worktrees/searcher-regrade4-20260817-002726/.venv/lib/python3.13/site-packages/_pytest/main.py", line 330 in wrap_session
    artifacts/grading-round4/test_all.log:936  [home_path] home-directory path  File "<home>/<tooling-home>/worktrees/searcher-regrade4-20260817-002726/.venv/lib/python3.13/site-packages/_pytest/main.py", line 377 in pytest_cmdline_main
    artifacts/grading-round4/test_all.log:936  [username] personal username  File "<home>/<tooling-home>/worktrees/searcher-regrade4-20260817-002726/.venv/lib/python3.13/site-packages/_pytest/main.py", line 377 in pytest_cmdline_main
    artifacts/grading-round4/test_all.log:937  [home_path] home-directory path  File "<home>/<tooling-home>/worktrees/searcher-regrade4-20260817-002726/.venv/lib/python3.13/site-packages/pluggy/_callers.py", line 121 in _multicall
    artifacts/grading-round4/test_all.log:937  [username] personal username  File "<home>/<tooling-home>/worktrees/searcher-regrade4-20260817-002726/.venv/lib/python3.13/site-packages/pluggy/_callers.py", line 121 in _multicall
    artifacts/grading-round4/test_all.log:938  [home_path] home-directory path  File "<home>/<tooling-home>/worktrees/searcher-regrade4-20260817-002726/.venv/lib/python3.13/site-packages/pluggy/_manager.py", line 120 in _hookexec
    artifacts/grading-round4/test_all.log:938  [username] personal username  File "<home>/<tooling-home>/worktrees/searcher-regrade4-20260817-002726/.venv/lib/python3.13/site-packages/pluggy/_manager.py", line 120 in _hookexec
    artifacts/grading-round4/test_all.log:939  [home_path] home-directory path  File "<home>/<tooling-home>/worktrees/searcher-regrade4-20260817-002726/.venv/lib/python3.13/site-packages/pluggy/_hooks.py", line 512 in __call__
    artifacts/grading-round4/test_all.log:939  [username] personal username  File "<home>/<tooling-home>/worktrees/searcher-regrade4-20260817-002726/.venv/lib/python3.13/site-packages/pluggy/_hooks.py", line 512 in __call__
    artifacts/grading-round4/test_all.log:940  [home_path] home-directory path  File "<home>/<tooling-home>/worktrees/searcher-regrade4-20260817-002726/.venv/lib/python3.13/site-packages/_pytest/config/__init__.py", line 229 in _main
    artifacts/grading-round4/test_all.log:940  [username] personal username  File "<home>/<tooling-home>/worktrees/searcher-regrade4-20260817-002726/.venv/lib/python3.13/site-packages/_pytest/config/__init__.py", line 229 in _main
    artifacts/grading-round4/test_all.log:941  [home_path] home-directory path  File "<home>/<tooling-home>/worktrees/searcher-regrade4-20260817-002726/.venv/lib/python3.13/site-packages/_pytest/config/__init__.py", line 253 in _console_main
    artifacts/grading-round4/test_all.log:941  [username] personal username  File "<home>/<tooling-home>/worktrees/searcher-regrade4-20260817-002726/.venv/lib/python3.13/site-packages/_pytest/config/__init__.py", line 253 in _console_main
    artifacts/grading-round4/test_all.log:942  [home_path] home-directory path  File "<home>/<tooling-home>/worktrees/searcher-regrade4-20260817-002726/.venv/bin/pytest", line 10 in <module>
    artifacts/grading-round4/test_all.log:942  [username] personal username  File "<home>/<tooling-home>/worktrees/searcher-regrade4-20260817-002726/.venv/bin/pytest", line 10 in <module>
    artifacts/grading-round4/test_all.log:950  [home_path] home-directory path  File "<home>/.local/share/uv/python/cpython-3.13.13-macos-aarch64-none/lib/python3.13/subprocess.py", line 1921 in _execute_child
    artifacts/grading-round4/test_all.log:950  [username] personal username  File "<home>/.local/share/uv/python/cpython-3.13.13-macos-aarch64-none/lib/python3.13/subprocess.py", line 1921 in _execute_child
    artifacts/grading-round4/test_all.log:951  [home_path] home-directory path  File "<home>/.local/share/uv/python/cpython-3.13.13-macos-aarch64-none/lib/python3.13/subprocess.py", line 1039 in __init__
    artifacts/grading-round4/test_all.log:951  [username] personal username  File "<home>/.local/share/uv/python/cpython-3.13.13-macos-aarch64-none/lib/python3.13/subprocess.py", line 1039 in __init__
    artifacts/grading-round4/test_all.log:952  [home_path] home-directory path  File "<home>/.local/share/uv/python/cpython-3.13.13-macos-aarch64-none/lib/python3.13/subprocess.py", line 554 in run
    artifacts/grading-round4/test_all.log:952  [username] personal username  File "<home>/.local/share/uv/python/cpython-3.13.13-macos-aarch64-none/lib/python3.13/subprocess.py", line 554 in run
    artifacts/grading-round4/test_all.log:953  [home_path] home-directory path  File "<home>/<tooling-home>/worktrees/searcher-regrade4-20260817-002726/tests/unit/test_serve_shared.py", line 26 in test_help_lists_modes_and_warns
    artifacts/grading-round4/test_all.log:953  [username] personal username  File "<home>/<tooling-home>/worktrees/searcher-regrade4-20260817-002726/tests/unit/test_serve_shared.py", line 26 in test_help_lists_modes_and_warns
    artifacts/grading-round4/test_all.log:954  [home_path] home-directory path  File "<home>/<tooling-home>/worktrees/searcher-regrade4-20260817-002726/.venv/lib/python3.13/site-packages/_pytest/python.py", line 167 in pytest_pyfunc_call
    artifacts/grading-round4/test_all.log:954  [username] personal username  File "<home>/<tooling-home>/worktrees/searcher-regrade4-20260817-002726/.venv/lib/python3.13/site-packages/_pytest/python.py", line 167 in pytest_pyfunc_call
    artifacts/grading-round4/test_all.log:955  [home_path] home-directory path  File "<home>/<tooling-home>/worktrees/searcher-regrade4-20260817-002726/.venv/lib/python3.13/site-packages/pluggy/_callers.py", line 121 in _multicall
    artifacts/grading-round4/test_all.log:955  [username] personal username  File "<home>/<tooling-home>/worktrees/searcher-regrade4-20260817-002726/.venv/lib/python3.13/site-packages/pluggy/_callers.py", line 121 in _multicall
    artifacts/grading-round4/test_all.log:956  [home_path] home-directory path  File "<home>/<tooling-home>/worktrees/searcher-regrade4-20260817-002726/.venv/lib/python3.13/site-packages/pluggy/_manager.py", line 120 in _hookexec
    artifacts/grading-round4/test_all.log:956  [username] personal username  File "<home>/<tooling-home>/worktrees/searcher-regrade4-20260817-002726/.venv/lib/python3.13/site-packages/pluggy/_manager.py", line 120 in _hookexec
    artifacts/grading-round4/test_all.log:957  [home_path] home-directory path  File "<home>/<tooling-home>/worktrees/searcher-regrade4-20260817-002726/.venv/lib/python3.13/site-packages/pluggy/_hooks.py", line 512 in __call__
    artifacts/grading-round4/test_all.log:957  [username] personal username  File "<home>/<tooling-home>/worktrees/searcher-regrade4-20260817-002726/.venv/lib/python3.13/site-packages/pluggy/_hooks.py", line 512 in __call__
    artifacts/grading-round4/test_all.log:958  [home_path] home-directory path  File "<home>/<tooling-home>/worktrees/searcher-regrade4-20260817-002726/.venv/lib/python3.13/site-packages/_pytest/python.py", line 1707 in runtest
    artifacts/grading-round4/test_all.log:958  [username] personal username  File "<home>/<tooling-home>/worktrees/searcher-regrade4-20260817-002726/.venv/lib/python3.13/site-packages/_pytest/python.py", line 1707 in runtest
    artifacts/grading-round4/test_all.log:959  [home_path] home-directory path  File "<home>/<tooling-home>/worktrees/searcher-regrade4-20260817-002726/.venv/lib/python3.13/site-packages/_pytest/runner.py", line 184 in pytest_runtest_call
    artifacts/grading-round4/test_all.log:959  [username] personal username  File "<home>/<tooling-home>/worktrees/searcher-regrade4-20260817-002726/.venv/lib/python3.13/site-packages/_pytest/runner.py", line 184 in pytest_runtest_call
    artifacts/grading-round4/test_all.log:960  [home_path] home-directory path  File "<home>/<tooling-home>/worktrees/searcher-regrade4-20260817-002726/.venv/lib/python3.13/site-packages/pluggy/_callers.py", line 121 in _multicall
    artifacts/grading-round4/test_all.log:960  [username] personal username  File "<home>/<tooling-home>/worktrees/searcher-regrade4-20260817-002726/.venv/lib/python3.13/site-packages/pluggy/_callers.py", line 121 in _multicall
    artifacts/grading-round4/test_all.log:961  [home_path] home-directory path  File "<home>/<tooling-home>/worktrees/searcher-regrade4-20260817-002726/.venv/lib/python3.13/site-packages/pluggy/_manager.py", line 120 in _hookexec
    artifacts/grading-round4/test_all.log:961  [username] personal username  File "<home>/<tooling-home>/worktrees/searcher-regrade4-20260817-002726/.venv/lib/python3.13/site-packages/pluggy/_manager.py", line 120 in _hookexec
    artifacts/grading-round4/test_all.log:962  [home_path] home-directory path  File "<home>/<tooling-home>/worktrees/searcher-regrade4-20260817-002726/.venv/lib/python3.13/site-packages/pluggy/_hooks.py", line 512 in __call__
    artifacts/grading-round4/test_all.log:962  [username] personal username  File "<home>/<tooling-home>/worktrees/searcher-regrade4-20260817-002726/.venv/lib/python3.13/site-packages/pluggy/_hooks.py", line 512 in __call__
    artifacts/grading-round4/test_all.log:963  [home_path] home-directory path  File "<home>/<tooling-home>/worktrees/searcher-regrade4-20260817-002726/.venv/lib/python3.13/site-packages/_pytest/runner.py", line 250 in <lambda>
    artifacts/grading-round4/test_all.log:963  [username] personal username  File "<home>/<tooling-home>/worktrees/searcher-regrade4-20260817-002726/.venv/lib/python3.13/site-packages/_pytest/runner.py", line 250 in <lambda>
    artifacts/grading-round4/test_all.log:964  [home_path] home-directory path  File "<home>/<tooling-home>/worktrees/searcher-regrade4-20260817-002726/.venv/lib/python3.13/site-packages/_pytest/runner.py", line 361 in from_call
    artifacts/grading-round4/test_all.log:964  [username] personal username  File "<home>/<tooling-home>/worktrees/searcher-regrade4-20260817-002726/.venv/lib/python3.13/site-packages/_pytest/runner.py", line 361 in from_call
    artifacts/grading-round4/test_all.log:965  [home_path] home-directory path  File "<home>/<tooling-home>/worktrees/searcher-regrade4-20260817-002726/.venv/lib/python3.13/site-packages/_pytest/runner.py", line 249 in call_and_report
    artifacts/grading-round4/test_all.log:965  [username] personal username  File "<home>/<tooling-home>/worktrees/searcher-regrade4-20260817-002726/.venv/lib/python3.13/site-packages/_pytest/runner.py", line 249 in call_and_report
    artifacts/grading-round4/test_all.log:966  [home_path] home-directory path  File "<home>/<tooling-home>/worktrees/searcher-regrade4-20260817-002726/.venv/lib/python3.13/site-packages/_pytest/runner.py", line 139 in runtestprotocol
    artifacts/grading-round4/test_all.log:966  [username] personal username  File "<home>/<tooling-home>/worktrees/searcher-regrade4-20260817-002726/.venv/lib/python3.13/site-packages/_pytest/runner.py", line 139 in runtestprotocol
    artifacts/grading-round4/test_all.log:967  [home_path] home-directory path  File "<home>/<tooling-home>/worktrees/searcher-regrade4-20260817-002726/.venv/lib/python3.13/site-packages/_pytest/runner.py", line 118 in pytest_runtest_protocol
    artifacts/grading-round4/test_all.log:967  [username] personal username  File "<home>/<tooling-home>/worktrees/searcher-regrade4-20260817-002726/.venv/lib/python3.13/site-packages/_pytest/runner.py", line 118 in pytest_runtest_protocol
    artifacts/grading-round4/test_all.log:968  [home_path] home-directory path  File "<home>/<tooling-home>/worktrees/searcher-regrade4-20260817-002726/.venv/lib/python3.13/site-packages/pluggy/_callers.py", line 121 in _multicall
    artifacts/grading-round4/test_all.log:968  [username] personal username  File "<home>/<tooling-home>/worktrees/searcher-regrade4-20260817-002726/.venv/lib/python3.13/site-packages/pluggy/_callers.py", line 121 in _multicall
    artifacts/grading-round4/test_all.log:969  [home_path] home-directory path  File "<home>/<tooling-home>/worktrees/searcher-regrade4-20260817-002726/.venv/lib/python3.13/site-packages/pluggy/_manager.py", line 120 in _hookexec
    artifacts/grading-round4/test_all.log:969  [username] personal username  File "<home>/<tooling-home>/worktrees/searcher-regrade4-20260817-002726/.venv/lib/python3.13/site-packages/pluggy/_manager.py", line 120 in _hookexec
    artifacts/grading-round4/test_all.log:970  [home_path] home-directory path  File "<home>/<tooling-home>/worktrees/searcher-regrade4-20260817-002726/.venv/lib/python3.13/site-packages/pluggy/_hooks.py", line 512 in __call__
    artifacts/grading-round4/test_all.log:970  [username] personal username  File "<home>/<tooling-home>/worktrees/searcher-regrade4-20260817-002726/.venv/lib/python3.13/site-packages/pluggy/_hooks.py", line 512 in __call__
    artifacts/grading-round4/test_all.log:971  [home_path] home-directory path  File "<home>/<tooling-home>/worktrees/searcher-regrade4-20260817-002726/.venv/lib/python3.13/site-packages/_pytest/main.py", line 408 in pytest_runtestloop
    artifacts/grading-round4/test_all.log:971  [username] personal username  File "<home>/<tooling-home>/worktrees/searcher-regrade4-20260817-002726/.venv/lib/python3.13/site-packages/_pytest/main.py", line 408 in pytest_runtestloop
    artifacts/grading-round4/test_all.log:972  [home_path] home-directory path  File "<home>/<tooling-home>/worktrees/searcher-regrade4-20260817-002726/.venv/lib/python3.13/site-packages/pluggy/_callers.py", line 121 in _multicall
    artifacts/grading-round4/test_all.log:972  [username] personal username  File "<home>/<tooling-home>/worktrees/searcher-regrade4-20260817-002726/.venv/lib/python3.13/site-packages/pluggy/_callers.py", line 121 in _multicall
    artifacts/grading-round4/test_all.log:973  [home_path] home-directory path  File "<home>/<tooling-home>/worktrees/searcher-regrade4-20260817-002726/.venv/lib/python3.13/site-packages/pluggy/_manager.py", line 120 in _hookexec
    artifacts/grading-round4/test_all.log:973  [username] personal username  File "<home>/<tooling-home>/worktrees/searcher-regrade4-20260817-002726/.venv/lib/python3.13/site-packages/pluggy/_manager.py", line 120 in _hookexec
    artifacts/grading-round4/test_all.log:974  [home_path] home-directory path  File "<home>/<tooling-home>/worktrees/searcher-regrade4-20260817-002726/.venv/lib/python3.13/site-packages/pluggy/_hooks.py", line 512 in __call__
    artifacts/grading-round4/test_all.log:974  [username] personal username  File "<home>/<tooling-home>/worktrees/searcher-regrade4-20260817-002726/.venv/lib/python3.13/site-packages/pluggy/_hooks.py", line 512 in __call__
    artifacts/grading-round4/test_all.log:975  [home_path] home-directory path  File "<home>/<tooling-home>/worktrees/searcher-regrade4-20260817-002726/.venv/lib/python3.13/site-packages/_pytest/main.py", line 384 in _main
    artifacts/grading-round4/test_all.log:975  [username] personal username  File "<home>/<tooling-home>/worktrees/searcher-regrade4-20260817-002726/.venv/lib/python3.13/site-packages/_pytest/main.py", line 384 in _main
    artifacts/grading-round4/test_all.log:976  [home_path] home-directory path  File "<home>/<tooling-home>/worktrees/searcher-regrade4-20260817-002726/.venv/lib/python3.13/site-packages/_pytest/main.py", line 330 in wrap_session
    artifacts/grading-round4/test_all.log:976  [username] personal username  File "<home>/<tooling-home>/worktrees/searcher-regrade4-20260817-002726/.venv/lib/python3.13/site-packages/_pytest/main.py", line 330 in wrap_session
    artifacts/grading-round4/test_all.log:977  [home_path] home-directory path  File "<home>/<tooling-home>/worktrees/searcher-regrade4-20260817-002726/.venv/lib/python3.13/site-packages/_pytest/main.py", line 377 in pytest_cmdline_main
    artifacts/grading-round4/test_all.log:977  [username] personal username  File "<home>/<tooling-home>/worktrees/searcher-regrade4-20260817-002726/.venv/lib/python3.13/site-packages/_pytest/main.py", line 377 in pytest_cmdline_main
    artifacts/grading-round4/test_all.log:978  [home_path] home-directory path  File "<home>/<tooling-home>/worktrees/searcher-regrade4-20260817-002726/.venv/lib/python3.13/site-packages/pluggy/_callers.py", line 121 in _multicall
    artifacts/grading-round4/test_all.log:978  [username] personal username  File "<home>/<tooling-home>/worktrees/searcher-regrade4-20260817-002726/.venv/lib/python3.13/site-packages/pluggy/_callers.py", line 121 in _multicall
    artifacts/grading-round4/test_all.log:979  [home_path] home-directory path  File "<home>/<tooling-home>/worktrees/searcher-regrade4-20260817-002726/.venv/lib/python3.13/site-packages/pluggy/_manager.py", line 120 in _hookexec
    artifacts/grading-round4/test_all.log:979  [username] personal username  File "<home>/<tooling-home>/worktrees/searcher-regrade4-20260817-002726/.venv/lib/python3.13/site-packages/pluggy/_manager.py", line 120 in _hookexec
    artifacts/grading-round4/test_all.log:980  [home_path] home-directory path  File "<home>/<tooling-home>/worktrees/searcher-regrade4-20260817-002726/.venv/lib/python3.13/site-packages/pluggy/_hooks.py", line 512 in __call__
    artifacts/grading-round4/test_all.log:980  [username] personal username  File "<home>/<tooling-home>/worktrees/searcher-regrade4-20260817-002726/.venv/lib/python3.13/site-packages/pluggy/_hooks.py", line 512 in __call__
    artifacts/grading-round4/test_all.log:981  [home_path] home-directory path  File "<home>/<tooling-home>/worktrees/searcher-regrade4-20260817-002726/.venv/lib/python3.13/site-packages/_pytest/config/__init__.py", line 229 in _main
    artifacts/grading-round4/test_all.log:981  [username] personal username  File "<home>/<tooling-home>/worktrees/searcher-regrade4-20260817-002726/.venv/lib/python3.13/site-packages/_pytest/config/__init__.py", line 229 in _main
    artifacts/grading-round4/test_all.log:982  [home_path] home-directory path  File "<home>/<tooling-home>/worktrees/searcher-regrade4-20260817-002726/.venv/lib/python3.13/site-packages/_pytest/config/__init__.py", line 253 in _console_main
    artifacts/grading-round4/test_all.log:982  [username] personal username  File "<home>/<tooling-home>/worktrees/searcher-regrade4-20260817-002726/.venv/lib/python3.13/site-packages/_pytest/config/__init__.py", line 253 in _console_main
    artifacts/grading-round4/test_all.log:983  [home_path] home-directory path  File "<home>/<tooling-home>/worktrees/searcher-regrade4-20260817-002726/.venv/bin/pytest", line 10 in <module>
    artifacts/grading-round4/test_all.log:983  [username] personal username  File "<home>/<tooling-home>/worktrees/searcher-regrade4-20260817-002726/.venv/bin/pytest", line 10 in <module>
    artifacts/grading-round4/test_all.log:989  [home_path] home-directory path  File "<home>/.local/share/uv/python/cpython-3.13.13-macos-aarch64-none/lib/python3.13/subprocess.py", line 1921 in _execute_child
    artifacts/grading-round4/test_all.log:989  [username] personal username  File "<home>/.local/share/uv/python/cpython-3.13.13-macos-aarch64-none/lib/python3.13/subprocess.py", line 1921 in _execute_child
    artifacts/grading-round4/test_all.log:990  [home_path] home-directory path  File "<home>/.local/share/uv/python/cpython-3.13.13-macos-aarch64-none/lib/python3.13/subprocess.py", line 1039 in __init__
    artifacts/grading-round4/test_all.log:990  [username] personal username  File "<home>/.local/share/uv/python/cpython-3.13.13-macos-aarch64-none/lib/python3.13/subprocess.py", line 1039 in __init__
    artifacts/grading-round4/test_all.log:991  [home_path] home-directory path  File "<home>/.local/share/uv/python/cpython-3.13.13-macos-aarch64-none/lib/python3.13/subprocess.py", line 554 in run
    artifacts/grading-round4/test_all.log:991  [username] personal username  File "<home>/.local/share/uv/python/cpython-3.13.13-macos-aarch64-none/lib/python3.13/subprocess.py", line 554 in run
    artifacts/grading-round4/test_all.log:992  [home_path] home-directory path  File "<home>/<tooling-home>/worktrees/searcher-regrade4-20260817-002726/tests/unit/test_serve_shared.py", line 44 in test_tunnel_refuses_without_cloudflared
    artifacts/grading-round4/test_all.log:992  [username] personal username  File "<home>/<tooling-home>/worktrees/searcher-regrade4-20260817-002726/tests/unit/test_serve_shared.py", line 44 in test_tunnel_refuses_without_cloudflared
    artifacts/grading-round4/test_all.log:993  [home_path] home-directory path  File "<home>/<tooling-home>/worktrees/searcher-regrade4-20260817-002726/.venv/lib/python3.13/site-packages/_pytest/python.py", line 167 in pytest_pyfunc_call
    artifacts/grading-round4/test_all.log:993  [username] personal username  File "<home>/<tooling-home>/worktrees/searcher-regrade4-20260817-002726/.venv/lib/python3.13/site-packages/_pytest/python.py", line 167 in pytest_pyfunc_call
    artifacts/grading-round4/test_all.log:994  [home_path] home-directory path  File "<home>/<tooling-home>/worktrees/searcher-regrade4-20260817-002726/.venv/lib/python3.13/site-packages/pluggy/_callers.py", line 121 in _multicall
    artifacts/grading-round4/test_all.log:994  [username] personal username  File "<home>/<tooling-home>/worktrees/searcher-regrade4-20260817-002726/.venv/lib/python3.13/site-packages/pluggy/_callers.py", line 121 in _multicall
    artifacts/grading-round4/test_all.log:995  [home_path] home-directory path  File "<home>/<tooling-home>/worktrees/searcher-regrade4-20260817-002726/.venv/lib/python3.13/site-packages/pluggy/_manager.py", line 120 in _hookexec
    artifacts/grading-round4/test_all.log:995  [username] personal username  File "<home>/<tooling-home>/worktrees/searcher-regrade4-20260817-002726/.venv/lib/python3.13/site-packages/pluggy/_manager.py", line 120 in _hookexec
    artifacts/grading-round4/test_all.log:996  [home_path] home-directory path  File "<home>/<tooling-home>/worktrees/searcher-regrade4-20260817-002726/.venv/lib/python3.13/site-packages/pluggy/_hooks.py", line 512 in __call__
    artifacts/grading-round4/test_all.log:996  [username] personal username  File "<home>/<tooling-home>/worktrees/searcher-regrade4-20260817-002726/.venv/lib/python3.13/site-packages/pluggy/_hooks.py", line 512 in __call__
    artifacts/grading-round4/test_all.log:997  [home_path] home-directory path  File "<home>/<tooling-home>/worktrees/searcher-regrade4-20260817-002726/.venv/lib/python3.13/site-packages/_pytest/python.py", line 1707 in runtest
    artifacts/grading-round4/test_all.log:997  [username] personal username  File "<home>/<tooling-home>/worktrees/searcher-regrade4-20260817-002726/.venv/lib/python3.13/site-packages/_pytest/python.py", line 1707 in runtest
    artifacts/grading-round4/test_all.log:998  [home_path] home-directory path  File "<home>/<tooling-home>/worktrees/searcher-regrade4-20260817-002726/.venv/lib/python3.13/site-packages/_pytest/runner.py", line 184 in pytest_runtest_call
    artifacts/grading-round4/test_all.log:998  [username] personal username  File "<home>/<tooling-home>/worktrees/searcher-regrade4-20260817-002726/.venv/lib/python3.13/site-packages/_pytest/runner.py", line 184 in pytest_runtest_call
    artifacts/grading-round4/test_all.log:999  [home_path] home-directory path  File "<home>/<tooling-home>/worktrees/searcher-regrade4-20260817-002726/.venv/lib/python3.13/site-packages/pluggy/_callers.py", line 121 in _multicall
    artifacts/grading-round4/test_all.log:999  [username] personal username  File "<home>/<tooling-home>/worktrees/searcher-regrade4-20260817-002726/.venv/lib/python3.13/site-packages/pluggy/_callers.py", line 121 in _multicall
    artifacts/grading-round4/test_all.log:1000  [home_path] home-directory path  File "<home>/<tooling-home>/worktrees/searcher-regrade4-20260817-002726/.venv/lib/python3.13/site-packages/pluggy/_manager.py", line 120 in _hookexec
    artifacts/grading-round4/test_all.log:1000  [username] personal username  File "<home>/<tooling-home>/worktrees/searcher-regrade4-20260817-002726/.venv/lib/python3.13/site-packages/pluggy/_manager.py", line 120 in _hookexec
    artifacts/grading-round4/test_all.log:1001  [home_path] home-directory path  File "<home>/<tooling-home>/worktrees/searcher-regrade4-20260817-002726/.venv/lib/python3.13/site-packages/pluggy/_hooks.py", line 512 in __call__
    artifacts/grading-round4/test_all.log:1001  [username] personal username  File "<home>/<tooling-home>/worktrees/searcher-regrade4-20260817-002726/.venv/lib/python3.13/site-packages/pluggy/_hooks.py", line 512 in __call__
    artifacts/grading-round4/test_all.log:1002  [home_path] home-directory path  File "<home>/<tooling-home>/worktrees/searcher-regrade4-20260817-002726/.venv/lib/python3.13/site-packages/_pytest/runner.py", line 250 in <lambda>
    artifacts/grading-round4/test_all.log:1002  [username] personal username  File "<home>/<tooling-home>/worktrees/searcher-regrade4-20260817-002726/.venv/lib/python3.13/site-packages/_pytest/runner.py", line 250 in <lambda>
    artifacts/grading-round4/test_all.log:1003  [home_path] home-directory path  File "<home>/<tooling-home>/worktrees/searcher-regrade4-20260817-002726/.venv/lib/python3.13/site-packages/_pytest/runner.py", line 361 in from_call
    artifacts/grading-round4/test_all.log:1003  [username] personal username  File "<home>/<tooling-home>/worktrees/searcher-regrade4-20260817-002726/.venv/lib/python3.13/site-packages/_pytest/runner.py", line 361 in from_call
    artifacts/grading-round4/test_all.log:1004  [home_path] home-directory path  File "<home>/<tooling-home>/worktrees/searcher-regrade4-20260817-002726/.venv/lib/python3.13/site-packages/_pytest/runner.py", line 249 in call_and_report
    artifacts/grading-round4/test_all.log:1004  [username] personal username  File "<home>/<tooling-home>/worktrees/searcher-regrade4-20260817-002726/.venv/lib/python3.13/site-packages/_pytest/runner.py", line 249 in call_and_report
    artifacts/grading-round4/test_all.log:1005  [home_path] home-directory path  File "<home>/<tooling-home>/worktrees/searcher-regrade4-20260817-002726/.venv/lib/python3.13/site-packages/_pytest/runner.py", line 139 in runtestprotocol
    artifacts/grading-round4/test_all.log:1005  [username] personal username  File "<home>/<tooling-home>/worktrees/searcher-regrade4-20260817-002726/.venv/lib/python3.13/site-packages/_pytest/runner.py", line 139 in runtestprotocol
    artifacts/grading-round4/test_all.log:1006  [home_path] home-directory path  File "<home>/<tooling-home>/worktrees/searcher-regrade4-20260817-002726/.venv/lib/python3.13/site-packages/_pytest/runner.py", line 118 in pytest_runtest_protocol
    artifacts/grading-round4/test_all.log:1006  [username] personal username  File "<home>/<tooling-home>/worktrees/searcher-regrade4-20260817-002726/.venv/lib/python3.13/site-packages/_pytest/runner.py", line 118 in pytest_runtest_protocol
    artifacts/grading-round4/test_all.log:1007  [home_path] home-directory path  File "<home>/<tooling-home>/worktrees/searcher-regrade4-20260817-002726/.venv/lib/python3.13/site-packages/pluggy/_callers.py", line 121 in _multicall
    artifacts/grading-round4/test_all.log:1007  [username] personal username  File "<home>/<tooling-home>/worktrees/searcher-regrade4-20260817-002726/.venv/lib/python3.13/site-packages/pluggy/_callers.py", line 121 in _multicall
    artifacts/grading-round4/test_all.log:1008  [home_path] home-directory path  File "<home>/<tooling-home>/worktrees/searcher-regrade4-20260817-002726/.venv/lib/python3.13/site-packages/pluggy/_manager.py", line 120 in _hookexec
    artifacts/grading-round4/test_all.log:1008  [username] personal username  File "<home>/<tooling-home>/worktrees/searcher-regrade4-20260817-002726/.venv/lib/python3.13/site-packages/pluggy/_manager.py", line 120 in _hookexec
    artifacts/grading-round4/test_all.log:1009  [home_path] home-directory path  File "<home>/<tooling-home>/worktrees/searcher-regrade4-20260817-002726/.venv/lib/python3.13/site-packages/pluggy/_hooks.py", line 512 in __call__
    artifacts/grading-round4/test_all.log:1009  [username] personal username  File "<home>/<tooling-home>/worktrees/searcher-regrade4-20260817-002726/.venv/lib/python3.13/site-packages/pluggy/_hooks.py", line 512 in __call__
    artifacts/grading-round4/test_all.log:1010  [home_path] home-directory path  File "<home>/<tooling-home>/worktrees/searcher-regrade4-20260817-002726/.venv/lib/python3.13/site-packages/_pytest/main.py", line 408 in pytest_runtestloop
    artifacts/grading-round4/test_all.log:1010  [username] personal username  File "<home>/<tooling-home>/worktrees/searcher-regrade4-20260817-002726/.venv/lib/python3.13/site-packages/_pytest/main.py", line 408 in pytest_runtestloop
    artifacts/grading-round4/test_all.log:1011  [home_path] home-directory path  File "<home>/<tooling-home>/worktrees/searcher-regrade4-20260817-002726/.venv/lib/python3.13/site-packages/pluggy/_callers.py", line 121 in _multicall
    artifacts/grading-round4/test_all.log:1011  [username] personal username  File "<home>/<tooling-home>/worktrees/searcher-regrade4-20260817-002726/.venv/lib/python3.13/site-packages/pluggy/_callers.py", line 121 in _multicall
    artifacts/grading-round4/test_all.log:1012  [home_path] home-directory path  File "<home>/<tooling-home>/worktrees/searcher-regrade4-20260817-002726/.venv/lib/python3.13/site-packages/pluggy/_manager.py", line 120 in _hookexec
    artifacts/grading-round4/test_all.log:1012  [username] personal username  File "<home>/<tooling-home>/worktrees/searcher-regrade4-20260817-002726/.venv/lib/python3.13/site-packages/pluggy/_manager.py", line 120 in _hookexec
    artifacts/grading-round4/test_all.log:1013  [home_path] home-directory path  File "<home>/<tooling-home>/worktrees/searcher-regrade4-20260817-002726/.venv/lib/python3.13/site-packages/pluggy/_hooks.py", line 512 in __call__
    artifacts/grading-round4/test_all.log:1013  [username] personal username  File "<home>/<tooling-home>/worktrees/searcher-regrade4-20260817-002726/.venv/lib/python3.13/site-packages/pluggy/_hooks.py", line 512 in __call__
    artifacts/grading-round4/test_all.log:1014  [home_path] home-directory path  File "<home>/<tooling-home>/worktrees/searcher-regrade4-20260817-002726/.venv/lib/python3.13/site-packages/_pytest/main.py", line 384 in _main
    artifacts/grading-round4/test_all.log:1014  [username] personal username  File "<home>/<tooling-home>/worktrees/searcher-regrade4-20260817-002726/.venv/lib/python3.13/site-packages/_pytest/main.py", line 384 in _main
    artifacts/grading-round4/test_all.log:1015  [home_path] home-directory path  File "<home>/<tooling-home>/worktrees/searcher-regrade4-20260817-002726/.venv/lib/python3.13/site-packages/_pytest/main.py", line 330 in wrap_session
    artifacts/grading-round4/test_all.log:1015  [username] personal username  File "<home>/<tooling-home>/worktrees/searcher-regrade4-20260817-002726/.venv/lib/python3.13/site-packages/_pytest/main.py", line 330 in wrap_session
    artifacts/grading-round4/test_all.log:1016  [home_path] home-directory path  File "<home>/<tooling-home>/worktrees/searcher-regrade4-20260817-002726/.venv/lib/python3.13/site-packages/_pytest/main.py", line 377 in pytest_cmdline_main
    artifacts/grading-round4/test_all.log:1016  [username] personal username  File "<home>/<tooling-home>/worktrees/searcher-regrade4-20260817-002726/.venv/lib/python3.13/site-packages/_pytest/main.py", line 377 in pytest_cmdline_main
    artifacts/grading-round4/test_all.log:1017  [home_path] home-directory path  File "<home>/<tooling-home>/worktrees/searcher-regrade4-20260817-002726/.venv/lib/python3.13/site-packages/pluggy/_callers.py", line 121 in _multicall
    artifacts/grading-round4/test_all.log:1017  [username] personal username  File "<home>/<tooling-home>/worktrees/searcher-regrade4-20260817-002726/.venv/lib/python3.13/site-packages/pluggy/_callers.py", line 121 in _multicall
    artifacts/grading-round4/test_all.log:1018  [home_path] home-directory path  File "<home>/<tooling-home>/worktrees/searcher-regrade4-20260817-002726/.venv/lib/python3.13/site-packages/pluggy/_manager.py", line 120 in _hookexec
    artifacts/grading-round4/test_all.log:1018  [username] personal username  File "<home>/<tooling-home>/worktrees/searcher-regrade4-20260817-002726/.venv/lib/python3.13/site-packages/pluggy/_manager.py", line 120 in _hookexec
    artifacts/grading-round4/test_all.log:1019  [home_path] home-directory path  File "<home>/<tooling-home>/worktrees/searcher-regrade4-20260817-002726/.venv/lib/python3.13/site-packages/pluggy/_hooks.py", line 512 in __call__
    artifacts/grading-round4/test_all.log:1019  [username] personal username  File "<home>/<tooling-home>/worktrees/searcher-regrade4-20260817-002726/.venv/lib/python3.13/site-packages/pluggy/_hooks.py", line 512 in __call__
    artifacts/grading-round4/test_all.log:1020  [home_path] home-directory path  File "<home>/<tooling-home>/worktrees/searcher-regrade4-20260817-002726/.venv/lib/python3.13/site-packages/_pytest/config/__init__.py", line 229 in _main
    artifacts/grading-round4/test_all.log:1020  [username] personal username  File "<home>/<tooling-home>/worktrees/searcher-regrade4-20260817-002726/.venv/lib/python3.13/site-packages/_pytest/config/__init__.py", line 229 in _main
    artifacts/grading-round4/test_all.log:1021  [home_path] home-directory path  File "<home>/<tooling-home>/worktrees/searcher-regrade4-20260817-002726/.venv/lib/python3.13/site-packages/_pytest/config/__init__.py", line 253 in _console_main
    artifacts/grading-round4/test_all.log:1021  [username] personal username  File "<home>/<tooling-home>/worktrees/searcher-regrade4-20260817-002726/.venv/lib/python3.13/site-packages/_pytest/config/__init__.py", line 253 in _console_main
    artifacts/grading-round4/test_all.log:1022  [home_path] home-directory path  File "<home>/<tooling-home>/worktrees/searcher-regrade4-20260817-002726/.venv/bin/pytest", line 10 in <module>
    artifacts/grading-round4/test_all.log:1022  [username] personal username  File "<home>/<tooling-home>/worktrees/searcher-regrade4-20260817-002726/.venv/bin/pytest", line 10 in <module>
    artifacts/grading-round4/test_all.log:1030  [username] personal username  tmp_path_factory = TempPathFactory(_given_basetemp=None, _trace=<pluggy._tracing.TagTracerSub object at 0x10877c050>, _basetemp=PosixPath...rs/yc/1c930rns2rz1_trh4xcd9_m00000gq/T/pytest-of-<user>/pytest-417'), _retention_count=3, _retention_policy='all')
    artifacts/grading-round4/test_all.log:1045  [username] personal username  data_root = PosixPath('/private/var/folders/yc/1c930rns2rz1_trh4xcd9_m00000gq/T/pytest-of-<user>/pytest-417/abuse-api0')
    artifacts/grading-round4/test_all.log:1064  [localhost] localhost/private address not on the documentation allowlist  "SEARCHER_API_HOST": "127.0.0.1",
    artifacts/grading-round4/test_all.log:1078  [localhost] localhost/private address not on the documentation allowlist  "127.0.0.1",
    artifacts/grading-round4/test_all.log:1089  [localhost] localhost/private address not on the documentation allowlist  base = f"http://127.0.0.1:{port}"
    artifacts/grading-round4/test_all.log:1102  [username] personal username  tmp_path_factory = TempPathFactory(_given_basetemp=None, _trace=<pluggy._tracing.TagTracerSub object at 0x10877c050>, _basetemp=PosixPath...rs/yc/1c930rns2rz1_trh4xcd9_m00000gq/T/pytest-of-<user>/pytest-417'), _retention_count=3, _retention_policy='all')
    artifacts/grading-round4/test_all.log:1117  [username] personal username  data_root = PosixPath('/private/var/folders/yc/1c930rns2rz1_trh4xcd9_m00000gq/T/pytest-of-<user>/pytest-417/abuse-api0')
    artifacts/grading-round4/test_all.log:1136  [localhost] localhost/private address not on the documentation allowlist  "SEARCHER_API_HOST": "127.0.0.1",
    artifacts/grading-round4/test_all.log:1150  [localhost] localhost/private address not on the documentation allowlist  "127.0.0.1",
    artifacts/grading-round4/test_all.log:1161  [localhost] localhost/private address not on the documentation allowlist  base = f"http://127.0.0.1:{port}"
    artifacts/grading-round4/test_all.log:1174  [username] personal username  tmp_path_factory = TempPathFactory(_given_basetemp=None, _trace=<pluggy._tracing.TagTracerSub object at 0x10877c050>, _basetemp=PosixPath...rs/yc/1c930rns2rz1_trh4xcd9_m00000gq/T/pytest-of-<user>/pytest-417'), _retention_count=3, _retention_policy='all')
    artifacts/grading-round4/test_all.log:1189  [username] personal username  data_root = PosixPath('/private/var/folders/yc/1c930rns2rz1_trh4xcd9_m00000gq/T/pytest-of-<user>/pytest-417/abuse-api0')
    artifacts/grading-round4/test_all.log:1208  [localhost] localhost/private address not on the documentation allowlist  "SEARCHER_API_HOST": "127.0.0.1",
    artifacts/grading-round4/test_all.log:1222  [localhost] localhost/private address not on the documentation allowlist  "127.0.0.1",
    artifacts/grading-round4/test_all.log:1233  [localhost] localhost/private address not on the documentation allowlist  base = f"http://127.0.0.1:{port}"
    artifacts/grading-round4/test_all.log:1246  [username] personal username  tmp_path_factory = TempPathFactory(_given_basetemp=None, _trace=<pluggy._tracing.TagTracerSub object at 0x10877c050>, _basetemp=PosixPath...rs/yc/1c930rns2rz1_trh4xcd9_m00000gq/T/pytest-of-<user>/pytest-417'), _retention_count=3, _retention_policy='all')
    artifacts/grading-round4/test_all.log:1261  [username] personal username  data_root = PosixPath('/private/var/folders/yc/1c930rns2rz1_trh4xcd9_m00000gq/T/pytest-of-<user>/pytest-417/abuse-api0')
    artifacts/grading-round4/test_all.log:1280  [localhost] localhost/private address not on the documentation allowlist  "SEARCHER_API_HOST": "127.0.0.1",
    artifacts/grading-round4/test_all.log:1294  [localhost] localhost/private address not on the documentation allowlist  "127.0.0.1",
    artifacts/grading-round4/test_all.log:1305  [localhost] localhost/private address not on the documentation allowlist  base = f"http://127.0.0.1:{port}"
    artifacts/grading-round4/test_all.log:1318  [username] personal username  tmp_path_factory = TempPathFactory(_given_basetemp=None, _trace=<pluggy._tracing.TagTracerSub object at 0x10877c050>, _basetemp=PosixPath...rs/yc/1c930rns2rz1_trh4xcd9_m00000gq/T/pytest-of-<user>/pytest-417'), _retention_count=3, _retention_policy='all')
    artifacts/grading-round4/test_all.log:1333  [username] personal username  data_root = PosixPath('/private/var/folders/yc/1c930rns2rz1_trh4xcd9_m00000gq/T/pytest-of-<user>/pytest-417/abuse-api0')
    artifacts/grading-round4/test_all.log:1352  [localhost] localhost/private address not on the documentation allowlist  "SEARCHER_API_HOST": "127.0.0.1",
    artifacts/grading-round4/test_all.log:1366  [localhost] localhost/private address not on the documentation allowlist  "127.0.0.1",
    artifacts/grading-round4/test_all.log:1377  [localhost] localhost/private address not on the documentation allowlist  base = f"http://127.0.0.1:{port}"
    artifacts/grading-round4/test_all.log:1390  [username] personal username  tmp_path_factory = TempPathFactory(_given_basetemp=None, _trace=<pluggy._tracing.TagTracerSub object at 0x10877c050>, _basetemp=PosixPath...rs/yc/1c930rns2rz1_trh4xcd9_m00000gq/T/pytest-of-<user>/pytest-417'), _retention_count=3, _retention_policy='all')
    artifacts/grading-round4/test_all.log:1405  [username] personal username  data_root = PosixPath('/private/var/folders/yc/1c930rns2rz1_trh4xcd9_m00000gq/T/pytest-of-<user>/pytest-417/abuse-api0')
    artifacts/grading-round4/test_all.log:1424  [localhost] localhost/private address not on the documentation allowlist  "SEARCHER_API_HOST": "127.0.0.1",
    artifacts/grading-round4/test_all.log:1438  [localhost] localhost/private address not on the documentation allowlist  "127.0.0.1",
    artifacts/grading-round4/test_all.log:1449  [localhost] localhost/private address not on the documentation allowlist  base = f"http://127.0.0.1:{port}"
    artifacts/grading-round4/test_all.log:1462  [username] personal username  tmp_path_factory = TempPathFactory(_given_basetemp=None, _trace=<pluggy._tracing.TagTracerSub object at 0x10877c050>, _basetemp=PosixPath...rs/yc/1c930rns2rz1_trh4xcd9_m00000gq/T/pytest-of-<user>/pytest-417'), _retention_count=3, _retention_policy='all')
    artifacts/grading-round4/test_all.log:1477  [username] personal username  data_root = PosixPath('/private/var/folders/yc/1c930rns2rz1_trh4xcd9_m00000gq/T/pytest-of-<user>/pytest-417/abuse-api0')
    artifacts/grading-round4/test_all.log:1496  [localhost] localhost/private address not on the documentation allowlist  "SEARCHER_API_HOST": "127.0.0.1",
    artifacts/grading-round4/test_all.log:1510  [localhost] localhost/private address not on the documentation allowlist  "127.0.0.1",
    artifacts/grading-round4/test_all.log:1521  [localhost] localhost/private address not on the documentation allowlist  base = f"http://127.0.0.1:{port}"
    artifacts/grading-round4/test_all.log:1534  [username] personal username  tmp_path_factory = TempPathFactory(_given_basetemp=None, _trace=<pluggy._tracing.TagTracerSub object at 0x10877c050>, _basetemp=PosixPath...rs/yc/1c930rns2rz1_trh4xcd9_m00000gq/T/pytest-of-<user>/pytest-417'), _retention_count=3, _retention_policy='all')
    artifacts/grading-round4/test_all.log:1549  [username] personal username  data_root = PosixPath('/private/var/folders/yc/1c930rns2rz1_trh4xcd9_m00000gq/T/pytest-of-<user>/pytest-417/abuse-api0')
    artifacts/grading-round4/test_all.log:1568  [localhost] localhost/private address not on the documentation allowlist  "SEARCHER_API_HOST": "127.0.0.1",
    artifacts/grading-round4/test_all.log:1582  [localhost] localhost/private address not on the documentation allowlist  "127.0.0.1",
    artifacts/grading-round4/test_all.log:1593  [localhost] localhost/private address not on the documentation allowlist  base = f"http://127.0.0.1:{port}"
    artifacts/grading-round4/test_all.log:1606  [username] personal username  tmp_path_factory = TempPathFactory(_given_basetemp=None, _trace=<pluggy._tracing.TagTracerSub object at 0x10877c050>, _basetemp=PosixPath...rs/yc/1c930rns2rz1_trh4xcd9_m00000gq/T/pytest-of-<user>/pytest-417'), _retention_count=3, _retention_policy='all')
    artifacts/grading-round4/test_all.log:1621  [username] personal username  data_root = PosixPath('/private/var/folders/yc/1c930rns2rz1_trh4xcd9_m00000gq/T/pytest-of-<user>/pytest-417/abuse-api0')
    artifacts/grading-round4/test_all.log:1640  [localhost] localhost/private address not on the documentation allowlist  "SEARCHER_API_HOST": "127.0.0.1",
    artifacts/grading-round4/test_all.log:1654  [localhost] localhost/private address not on the documentation allowlist  "127.0.0.1",
    artifacts/grading-round4/test_all.log:1665  [localhost] localhost/private address not on the documentation allowlist  base = f"http://127.0.0.1:{port}"
    artifacts/grading-round4/test_all.log:1678  [username] personal username  tmp_path_factory = TempPathFactory(_given_basetemp=None, _trace=<pluggy._tracing.TagTracerSub object at 0x10877c050>, _basetemp=PosixPath...rs/yc/1c930rns2rz1_trh4xcd9_m00000gq/T/pytest-of-<user>/pytest-417'), _retention_count=3, _retention_policy='all')
    artifacts/grading-round4/test_all.log:1693  [username] personal username  data_root = PosixPath('/private/var/folders/yc/1c930rns2rz1_trh4xcd9_m00000gq/T/pytest-of-<user>/pytest-417/abuse-api0')
    artifacts/grading-round4/test_all.log:1712  [localhost] localhost/private address not on the documentation allowlist  "SEARCHER_API_HOST": "127.0.0.1",
    artifacts/grading-round4/test_all.log:1726  [localhost] localhost/private address not on the documentation allowlist  "127.0.0.1",
    artifacts/grading-round4/test_all.log:1737  [localhost] localhost/private address not on the documentation allowlist  base = f"http://127.0.0.1:{port}"
    artifacts/grading-round4/test_all.log:1750  [username] personal username  tmp_path_factory = TempPathFactory(_given_basetemp=None, _trace=<pluggy._tracing.TagTracerSub object at 0x10877c050>, _basetemp=PosixPath...rs/yc/1c930rns2rz1_trh4xcd9_m00000gq/T/pytest-of-<user>/pytest-417'), _retention_count=3, _retention_policy='all')
    artifacts/grading-round4/test_all.log:1765  [username] personal username  data_root = PosixPath('/private/var/folders/yc/1c930rns2rz1_trh4xcd9_m00000gq/T/pytest-of-<user>/pytest-417/abuse-api0')
    artifacts/grading-round4/test_all.log:1784  [localhost] localhost/private address not on the documentation allowlist  "SEARCHER_API_HOST": "127.0.0.1",
    artifacts/grading-round4/test_all.log:1798  [localhost] localhost/private address not on the documentation allowlist  "127.0.0.1",
    artifacts/grading-round4/test_all.log:1809  [localhost] localhost/private address not on the documentation allowlist  base = f"http://127.0.0.1:{port}"
    artifacts/grading-round4/test_all.log:1822  [username] personal username  tmp_path_factory = TempPathFactory(_given_basetemp=None, _trace=<pluggy._tracing.TagTracerSub object at 0x10877c050>, _basetemp=PosixPath...rs/yc/1c930rns2rz1_trh4xcd9_m00000gq/T/pytest-of-<user>/pytest-417'), _retention_count=3, _retention_policy='all')
    artifacts/grading-round4/test_all.log:1837  [username] personal username  data_root = PosixPath('/private/var/folders/yc/1c930rns2rz1_trh4xcd9_m00000gq/T/pytest-of-<user>/pytest-417/abuse-api0')
    artifacts/grading-round4/test_all.log:1856  [localhost] localhost/private address not on the documentation allowlist  "SEARCHER_API_HOST": "127.0.0.1",
    artifacts/grading-round4/test_all.log:1870  [localhost] localhost/private address not on the documentation allowlist  "127.0.0.1",
    artifacts/grading-round4/test_all.log:1881  [localhost] localhost/private address not on the documentation allowlist  base = f"http://127.0.0.1:{port}"
    artifacts/grading-round4/test_all.log:1894  [username] personal username  tmp_path_factory = TempPathFactory(_given_basetemp=None, _trace=<pluggy._tracing.TagTracerSub object at 0x10877c050>, _basetemp=PosixPath...rs/yc/1c930rns2rz1_trh4xcd9_m00000gq/T/pytest-of-<user>/pytest-417'), _retention_count=3, _retention_policy='all')
    artifacts/grading-round4/test_all.log:1909  [username] personal username  data_root = PosixPath('/private/var/folders/yc/1c930rns2rz1_trh4xcd9_m00000gq/T/pytest-of-<user>/pytest-417/abuse-api0')
    artifacts/grading-round4/test_all.log:1928  [localhost] localhost/private address not on the documentation allowlist  "SEARCHER_API_HOST": "127.0.0.1",
    artifacts/grading-round4/test_all.log:1942  [localhost] localhost/private address not on the documentation allowlist  "127.0.0.1",
    artifacts/grading-round4/test_all.log:1953  [localhost] localhost/private address not on the documentation allowlist  base = f"http://127.0.0.1:{port}"
    artifacts/grading-round4/test_all.log:1966  [username] personal username  tmp_path_factory = TempPathFactory(_given_basetemp=None, _trace=<pluggy._tracing.TagTracerSub object at 0x10877c050>, _basetemp=PosixPath...rs/yc/1c930rns2rz1_trh4xcd9_m00000gq/T/pytest-of-<user>/pytest-417'), _retention_count=3, _retention_policy='all')
    artifacts/grading-round4/test_all.log:1981  [username] personal username  data_root = PosixPath('/private/var/folders/yc/1c930rns2rz1_trh4xcd9_m00000gq/T/pytest-of-<user>/pytest-417/abuse-api0')
    artifacts/grading-round4/test_all.log:2000  [localhost] localhost/private address not on the documentation allowlist  "SEARCHER_API_HOST": "127.0.0.1",
    artifacts/grading-round4/test_all.log:2014  [localhost] localhost/private address not on the documentation allowlist  "127.0.0.1",
    artifacts/grading-round4/test_all.log:2025  [localhost] localhost/private address not on the documentation allowlist  base = f"http://127.0.0.1:{port}"
    artifacts/grading-round4/test_all.log:2038  [username] personal username  tmp_path_factory = TempPathFactory(_given_basetemp=None, _trace=<pluggy._tracing.TagTracerSub object at 0x10877c050>, _basetemp=PosixPath...rs/yc/1c930rns2rz1_trh4xcd9_m00000gq/T/pytest-of-<user>/pytest-417'), _retention_count=3, _retention_policy='all')
    artifacts/grading-round4/test_all.log:2053  [username] personal username  data_root = PosixPath('/private/var/folders/yc/1c930rns2rz1_trh4xcd9_m00000gq/T/pytest-of-<user>/pytest-417/abuse-api0')
    artifacts/grading-round4/test_all.log:2072  [localhost] localhost/private address not on the documentation allowlist  "SEARCHER_API_HOST": "127.0.0.1",
    artifacts/grading-round4/test_all.log:2086  [localhost] localhost/private address not on the documentation allowlist  "127.0.0.1",
    artifacts/grading-round4/test_all.log:2097  [localhost] localhost/private address not on the documentation allowlist  base = f"http://127.0.0.1:{port}"
    artifacts/grading-round4/test_all.log:2110  [username] personal username  tmp_path_factory = TempPathFactory(_given_basetemp=None, _trace=<pluggy._tracing.TagTracerSub object at 0x10877c050>, _basetemp=PosixPath...rs/yc/1c930rns2rz1_trh4xcd9_m00000gq/T/pytest-of-<user>/pytest-417'), _retention_count=3, _retention_policy='all')
    artifacts/grading-round4/test_all.log:2125  [username] personal username  data_root = PosixPath('/private/var/folders/yc/1c930rns2rz1_trh4xcd9_m00000gq/T/pytest-of-<user>/pytest-417/abuse-api0')
    artifacts/grading-round4/test_all.log:2144  [localhost] localhost/private address not on the documentation allowlist  "SEARCHER_API_HOST": "127.0.0.1",
    artifacts/grading-round4/test_all.log:2158  [localhost] localhost/private address not on the documentation allowlist  "127.0.0.1",
    artifacts/grading-round4/test_all.log:2169  [localhost] localhost/private address not on the documentation allowlist  base = f"http://127.0.0.1:{port}"
    artifacts/grading-round4/test_all.log:2182  [username] personal username  tmp_path_factory = TempPathFactory(_given_basetemp=None, _trace=<pluggy._tracing.TagTracerSub object at 0x10877c050>, _basetemp=PosixPath...rs/yc/1c930rns2rz1_trh4xcd9_m00000gq/T/pytest-of-<user>/pytest-417'), _retention_count=3, _retention_policy='all')
    artifacts/grading-round4/test_all.log:2197  [username] personal username  data_root = PosixPath('/private/var/folders/yc/1c930rns2rz1_trh4xcd9_m00000gq/T/pytest-of-<user>/pytest-417/abuse-api0')
    artifacts/grading-round4/test_all.log:2216  [localhost] localhost/private address not on the documentation allowlist  "SEARCHER_API_HOST": "127.0.0.1",
    artifacts/grading-round4/test_all.log:2230  [localhost] localhost/private address not on the documentation allowlist  "127.0.0.1",
    artifacts/grading-round4/test_all.log:2241  [localhost] localhost/private address not on the documentation allowlist  base = f"http://127.0.0.1:{port}"
    artifacts/grading-round4/test_all.log:2254  [username] personal username  tmp_path_factory = TempPathFactory(_given_basetemp=None, _trace=<pluggy._tracing.TagTracerSub object at 0x10877c050>, _basetemp=PosixPath...rs/yc/1c930rns2rz1_trh4xcd9_m00000gq/T/pytest-of-<user>/pytest-417'), _retention_count=3, _retention_policy='all')
    artifacts/grading-round4/test_all.log:2269  [username] personal username  data_root = PosixPath('/private/var/folders/yc/1c930rns2rz1_trh4xcd9_m00000gq/T/pytest-of-<user>/pytest-417/abuse-api0')
    artifacts/grading-round4/test_all.log:2288  [localhost] localhost/private address not on the documentation allowlist  "SEARCHER_API_HOST": "127.0.0.1",
    artifacts/grading-round4/test_all.log:2302  [localhost] localhost/private address not on the documentation allowlist  "127.0.0.1",
    artifacts/grading-round4/test_all.log:2313  [localhost] localhost/private address not on the documentation allowlist  base = f"http://127.0.0.1:{port}"
    artifacts/grading-round4/test_all.log:2326  [username] personal username  tmp_path_factory = TempPathFactory(_given_basetemp=None, _trace=<pluggy._tracing.TagTracerSub object at 0x10877c050>, _basetemp=PosixPath...rs/yc/1c930rns2rz1_trh4xcd9_m00000gq/T/pytest-of-<user>/pytest-417'), _retention_count=3, _retention_policy='all')
    artifacts/grading-round4/test_all.log:2341  [username] personal username  data_root = PosixPath('/private/var/folders/yc/1c930rns2rz1_trh4xcd9_m00000gq/T/pytest-of-<user>/pytest-417/abuse-api0')
    artifacts/grading-round4/test_all.log:2360  [localhost] localhost/private address not on the documentation allowlist  "SEARCHER_API_HOST": "127.0.0.1",
    artifacts/grading-round4/test_all.log:2374  [localhost] localhost/private address not on the documentation allowlist  "127.0.0.1",
    artifacts/grading-round4/test_all.log:2385  [localhost] localhost/private address not on the documentation allowlist  base = f"http://127.0.0.1:{port}"
    artifacts/grading-round4/test_all.log:2398  [username] personal username  tmp_path_factory = TempPathFactory(_given_basetemp=None, _trace=<pluggy._tracing.TagTracerSub object at 0x10877c050>, _basetemp=PosixPath...rs/yc/1c930rns2rz1_trh4xcd9_m00000gq/T/pytest-of-<user>/pytest-417'), _retention_count=3, _retention_policy='all')
    artifacts/grading-round4/test_all.log:2413  [username] personal username  data_root = PosixPath('/private/var/folders/yc/1c930rns2rz1_trh4xcd9_m00000gq/T/pytest-of-<user>/pytest-417/abuse-api0')
    artifacts/grading-round4/test_all.log:2432  [localhost] localhost/private address not on the documentation allowlist  "SEARCHER_API_HOST": "127.0.0.1",
    artifacts/grading-round4/test_all.log:2446  [localhost] localhost/private address not on the documentation allowlist  "127.0.0.1",
    artifacts/grading-round4/test_all.log:2457  [localhost] localhost/private address not on the documentation allowlist  base = f"http://127.0.0.1:{port}"
    artifacts/grading-round4/test_all.log:2470  [username] personal username  tmp_path_factory = TempPathFactory(_given_basetemp=None, _trace=<pluggy._tracing.TagTracerSub object at 0x10877c050>, _basetemp=PosixPath...rs/yc/1c930rns2rz1_trh4xcd9_m00000gq/T/pytest-of-<user>/pytest-417'), _retention_count=3, _retention_policy='all')
    artifacts/grading-round4/test_all.log:2485  [username] personal username  data_root = PosixPath('/private/var/folders/yc/1c930rns2rz1_trh4xcd9_m00000gq/T/pytest-of-<user>/pytest-417/abuse-api0')
    artifacts/grading-round4/test_all.log:2504  [localhost] localhost/private address not on the documentation allowlist  "SEARCHER_API_HOST": "127.0.0.1",
    artifacts/grading-round4/test_all.log:2518  [localhost] localhost/private address not on the documentation allowlist  "127.0.0.1",
    artifacts/grading-round4/test_all.log:2529  [localhost] localhost/private address not on the documentation allowlist  base = f"http://127.0.0.1:{port}"
    artifacts/grading-round4/test_all.log:2542  [username] personal username  tmp_path_factory = TempPathFactory(_given_basetemp=None, _trace=<pluggy._tracing.TagTracerSub object at 0x10877c050>, _basetemp=PosixPath...rs/yc/1c930rns2rz1_trh4xcd9_m00000gq/T/pytest-of-<user>/pytest-417'), _retention_count=3, _retention_policy='all')
    artifacts/grading-round4/test_all.log:2557  [username] personal username  data_root = PosixPath('/private/var/folders/yc/1c930rns2rz1_trh4xcd9_m00000gq/T/pytest-of-<user>/pytest-417/abuse-api0')
    artifacts/grading-round4/test_all.log:2576  [localhost] localhost/private address not on the documentation allowlist  "SEARCHER_API_HOST": "127.0.0.1",
    artifacts/grading-round4/test_all.log:2590  [localhost] localhost/private address not on the documentation allowlist  "127.0.0.1",
    artifacts/grading-round4/test_all.log:2601  [localhost] localhost/private address not on the documentation allowlist  base = f"http://127.0.0.1:{port}"
    artifacts/grading-round4/test_all.log:2614  [username] personal username  tmp_path_factory = TempPathFactory(_given_basetemp=None, _trace=<pluggy._tracing.TagTracerSub object at 0x10877c050>, _basetemp=PosixPath...rs/yc/1c930rns2rz1_trh4xcd9_m00000gq/T/pytest-of-<user>/pytest-417'), _retention_count=3, _retention_policy='all')
    artifacts/grading-round4/test_all.log:2629  [username] personal username  data_root = PosixPath('/private/var/folders/yc/1c930rns2rz1_trh4xcd9_m00000gq/T/pytest-of-<user>/pytest-417/abuse-api0')
    artifacts/grading-round4/test_all.log:2648  [localhost] localhost/private address not on the documentation allowlist  "SEARCHER_API_HOST": "127.0.0.1",
    artifacts/grading-round4/test_all.log:2662  [localhost] localhost/private address not on the documentation allowlist  "127.0.0.1",
    artifacts/grading-round4/test_all.log:2673  [localhost] localhost/private address not on the documentation allowlist  base = f"http://127.0.0.1:{port}"
    artifacts/grading-round4/test_all.log:2686  [username] personal username  tmp_path_factory = TempPathFactory(_given_basetemp=None, _trace=<pluggy._tracing.TagTracerSub object at 0x10877c050>, _basetemp=PosixPath...rs/yc/1c930rns2rz1_trh4xcd9_m00000gq/T/pytest-of-<user>/pytest-417'), _retention_count=3, _retention_policy='all')
    artifacts/grading-round4/test_all.log:2701  [username] personal username  data_root = PosixPath('/private/var/folders/yc/1c930rns2rz1_trh4xcd9_m00000gq/T/pytest-of-<user>/pytest-417/abuse-api0')
    artifacts/grading-round4/test_all.log:2720  [localhost] localhost/private address not on the documentation allowlist  "SEARCHER_API_HOST": "127.0.0.1",
    artifacts/grading-round4/test_all.log:2734  [localhost] localhost/private address not on the documentation allowlist  "127.0.0.1",
    artifacts/grading-round4/test_all.log:2745  [localhost] localhost/private address not on the documentation allowlist  base = f"http://127.0.0.1:{port}"
    artifacts/grading-round4/test_all.log:2758  [username] personal username  tmp_path_factory = TempPathFactory(_given_basetemp=None, _trace=<pluggy._tracing.TagTracerSub object at 0x10877c050>, _basetemp=PosixPath...rs/yc/1c930rns2rz1_trh4xcd9_m00000gq/T/pytest-of-<user>/pytest-417'), _retention_count=3, _retention_policy='all')
    artifacts/grading-round4/test_all.log:2773  [username] personal username  data_root = PosixPath('/private/var/folders/yc/1c930rns2rz1_trh4xcd9_m00000gq/T/pytest-of-<user>/pytest-417/abuse-api0')
    artifacts/grading-round4/test_all.log:2792  [localhost] localhost/private address not on the documentation allowlist  "SEARCHER_API_HOST": "127.0.0.1",
    artifacts/grading-round4/test_all.log:2806  [localhost] localhost/private address not on the documentation allowlist  "127.0.0.1",
    artifacts/grading-round4/test_all.log:2817  [localhost] localhost/private address not on the documentation allowlist  base = f"http://127.0.0.1:{port}"
    artifacts/grading-round4/test_all.log:2830  [username] personal username  tmp_path_factory = TempPathFactory(_given_basetemp=None, _trace=<pluggy._tracing.TagTracerSub object at 0x10877c050>, _basetemp=PosixPath...rs/yc/1c930rns2rz1_trh4xcd9_m00000gq/T/pytest-of-<user>/pytest-417'), _retention_count=3, _retention_policy='all')
    artifacts/grading-round4/test_all.log:2845  [username] personal username  data_root = PosixPath('/private/var/folders/yc/1c930rns2rz1_trh4xcd9_m00000gq/T/pytest-of-<user>/pytest-417/soak-api0')
    artifacts/grading-round4/test_all.log:2864  [localhost] localhost/private address not on the documentation allowlist  "SEARCHER_API_HOST": "127.0.0.1",
    artifacts/grading-round4/test_all.log:2878  [localhost] localhost/private address not on the documentation allowlist  "127.0.0.1",
    artifacts/grading-round4/test_all.log:2889  [localhost] localhost/private address not on the documentation allowlist  base = f"http://127.0.0.1:{port}"
    artifacts/grading-round4/test_all.log:2903  [username] personal username  tmp_path = PosixPath('/private/var/folders/yc/1c930rns2rz1_trh4xcd9_m00000gq/T/pytest-of-<user>/pytest-417/test_disk_margin_and_caps_enfo0')
    artifacts/grading-round4/test_all.log:2927  [username] personal username  data_root = PosixPath('/private/var/folders/yc/1c930rns2rz1_trh4xcd9_m00000gq/T/pytest-of-<user>/pytest-417/test_disk_margin_and_caps_enfo0/caps')
    artifacts/grading-round4/test_all.log:2947  [localhost] localhost/private address not on the documentation allowlist  "SEARCHER_API_HOST": "127.0.0.1",
    artifacts/grading-round4/test_all.log:2961  [localhost] localhost/private address not on the documentation allowlist  "127.0.0.1",
    artifacts/grading-round4/test_all.log:2972  [localhost] localhost/private address not on the documentation allowlist  base = f"http://127.0.0.1:{port}"
    artifacts/grading-round4/test_all.log:2985  [username] personal username  tmp_path = PosixPath('/private/var/folders/yc/1c930rns2rz1_trh4xcd9_m00000gq/T/pytest-of-<user>/pytest-417/test_sigkill_resume_loses_zero0')
    artifacts/grading-round4/test_all.log:3003  [home_path] home-directory path  popenargs = (['<home>/<tooling-home>/worktrees/searcher-regrade4-20260817-002726/.venv/bin/python', '-m', 'searcher', 'db', 'migrate'],)
    artifacts/grading-round4/test_all.log:3003  [username] personal username  popenargs = (['<home>/<tooling-home>/worktrees/searcher-regrade4-20260817-002726/.venv/bin/python', '-m', 'searcher', 'db', 'migrate'],)
    artifacts/grading-round4/test_all.log:3004  [home_path] home-directory path  kwargs = {'cwd': PosixPath('<home>/<tooling-home>/worktrees/searcher-regrade4-20260817-002726'), 'env': {'AI_AGENT': ..._URL': 'https://api.anthropic.com', 'API_TIMEOUT_MS': '900000', 'AWS_PAGER': '', ...}, 'text': True, 'stdout': -1, ...}
    artifacts/grading-round4/test_all.log:3004  [username] personal username  kwargs = {'cwd': PosixPath('<home>/<tooling-home>/worktrees/searcher-regrade4-20260817-002726'), 'env': {'AI_AGENT': ..._URL': 'https://api.anthropic.com', 'API_TIMEOUT_MS': '900000', 'AWS_PAGER': '', ...}, 'text': True, 'stdout': -1, ...}
    artifacts/grading-round4/test_all.log:3073  [home_path] home-directory path  E               subprocess.CalledProcessError: Command '['<home>/<tooling-home>/worktrees/searcher-regrade4-20260817-002726/.venv/bin/python', '-m', 'searcher', 'db', 'migrate']' died with <Signals.SIGSEGV: 11>.
    artifacts/grading-round4/test_all.log:3073  [username] personal username  E               subprocess.CalledProcessError: Command '['<home>/<tooling-home>/worktrees/searcher-regrade4-20260817-002726/.venv/bin/python', '-m', 'searcher', 'db', 'migrate']' died with <Signals.SIGSEGV: 11>.
    artifacts/grading-round4/test_all.log:3078  [username] personal username  tmp_path = PosixPath('/private/var/folders/yc/1c930rns2rz1_trh4xcd9_m00000gq/T/pytest-of-<user>/pytest-417/test_sigkill_mid_pipeline_then0')
    artifacts/grading-round4/test_all.log:3201  [home_path] home-directory path  E        +  where -11 = CompletedProcess(args=['/bin/bash', '<home>/<tooling-home>/worktrees/searcher-regrade4-20260817-002726/scripts/first_run.sh', '--help'], returncode=-11, stdout='', stderr='').returncode
    artifacts/grading-round4/test_all.log:3201  [username] personal username  E        +  where -11 = CompletedProcess(args=['/bin/bash', '<home>/<tooling-home>/worktrees/searcher-regrade4-20260817-002726/scripts/first_run.sh', '--help'], returncode=-11, stdout='', stderr='').returncode
    artifacts/grading-round4/test_all.log:3209  [localhost] localhost/private address not on the documentation allowlist  sock.bind(("127.0.0.1", 0))
    artifacts/grading-round4/test_all.log:3279  [home_path] home-directory path  E        +  where -11 = CompletedProcess(args=['/bin/bash', '<home>/<tooling-home>/worktrees/searcher-regrade4-20260817-002726/scripts/serve_shared.sh', '--help'], returncode=-11, stdout='', stderr='').returncode
    artifacts/grading-round4/test_all.log:3279  [username] personal username  E        +  where -11 = CompletedProcess(args=['/bin/bash', '<home>/<tooling-home>/worktrees/searcher-regrade4-20260817-002726/scripts/serve_shared.sh', '--help'], returncode=-11, stdout='', stderr='').returncode
    artifacts/grading-round4/test_all.log:3284  [username] personal username  tmp_path = PosixPath('/private/var/folders/yc/1c930rns2rz1_trh4xcd9_m00000gq/T/pytest-of-<user>/pytest-417/test_check_only_reports_blocke0')
    artifacts/grading-round4/test_all.log:3302  [home_path] home-directory path  E        +  where -11 = CompletedProcess(args=['/bin/bash', '<home>/<tooling-home>/worktrees/searcher-regrade4-20260817-002726/scripts/first_run.sh', '--check-only'], returncode=-11, stdout='', stderr='').returncode
    artifacts/grading-round4/test_all.log:3302  [username] personal username  E        +  where -11 = CompletedProcess(args=['/bin/bash', '<home>/<tooling-home>/worktrees/searcher-regrade4-20260817-002726/scripts/first_run.sh', '--check-only'], returncode=-11, stdout='', stderr='').returncode
    artifacts/grading-round4/test_all.log:3318  [home_path] home-directory path  popenargs = (['<home>/<tooling-home>/worktrees/searcher-regrade4-20260817-002726/.venv/bin/python', '-c', "import searcher, sys; print(','.join(m for m in ('torch', 'cv2', 'playwright') if m in sys.modules))"],)
    artifacts/grading-round4/test_all.log:3318  [username] personal username  popenargs = (['<home>/<tooling-home>/worktrees/searcher-regrade4-20260817-002726/.venv/bin/python', '-c', "import searcher, sys; print(','.join(m for m in ('torch', 'cv2', 'playwright') if m in sys.modules))"],)
    artifacts/grading-round4/test_all.log:3388  [home_path] home-directory path  E               subprocess.CalledProcessError: Command '['<home>/<tooling-home>/worktrees/searcher-regrade4-20260817-002726/.venv/bin/python', '-c', "import searcher, sys; print(','.join(m for m in ('torch', 'cv2', 'playwright') if m in sys.modules))"]' died with <Signals.SIGSEGV: 11>.
    artifacts/grading-round4/test_all.log:3388  [username] personal username  E               subprocess.CalledProcessError: Command '['<home>/<tooling-home>/worktrees/searcher-regrade4-20260817-002726/.venv/bin/python', '-c', "import searcher, sys; print(','.join(m for m in ('torch', 'cv2', 'playwright') if m in sys.modules))"]' died with <Signals.SIGSEGV: 11>.
    artifacts/grading-round4/test_all.log:3404  [home_path] home-directory path  popenargs = (['<home>/<tooling-home>/worktrees/searcher-regrade4-20260817-002726/.venv/bin/python', '-c', "import sys; f...e import probe_timed; probe_timed(); print(','.join(m for m in ('torch', 'cv2', 'playwright') if m in sys.modules))"],)
    artifacts/grading-round4/test_all.log:3404  [username] personal username  popenargs = (['<home>/<tooling-home>/worktrees/searcher-regrade4-20260817-002726/.venv/bin/python', '-c', "import sys; f...e import probe_timed; probe_timed(); print(','.join(m for m in ('torch', 'cv2', 'playwright') if m in sys.modules))"],)
    artifacts/grading-round4/test_all.log:3474  [home_path] home-directory path  E               subprocess.CalledProcessError: Command '['<home>/<tooling-home>/worktrees/searcher-regrade4-20260817-002726/.venv/bin/python', '-c', "import sys; from searcher.integrations.visionmcp.probe import probe_timed; probe_timed(); print(','.join(m for m in ('torch', 'cv2', 'playwright') if m in sys.modules))"]' died with <Signals.SIGSEGV: 11>.
    artifacts/grading-round4/test_all.log:3474  [username] personal username  E               subprocess.CalledProcessError: Command '['<home>/<tooling-home>/worktrees/searcher-regrade4-20260817-002726/.venv/bin/python', '-c', "import sys; from searcher.integrations.visionmcp.probe import probe_timed; probe_timed(); print(','.join(m for m in ('torch', 'cv2', 'playwright') if m in sys.modules))"]' died with <Signals.SIGSEGV: 11>.
    artifacts/grading-round4/test_all.log:3488  [home_path] home-directory path  E        +  where -11 = CompletedProcess(args=['/bin/bash', '<home>/<tooling-home>/worktrees/searcher-regrade4-20260817-002726/scripts/serve_shared.sh', '--help'], returncode=-11, stdout='', stderr='').returncode
    artifacts/grading-round4/test_all.log:3488  [username] personal username  E        +  where -11 = CompletedProcess(args=['/bin/bash', '<home>/<tooling-home>/worktrees/searcher-regrade4-20260817-002726/scripts/serve_shared.sh', '--help'], returncode=-11, stdout='', stderr='').returncode
    artifacts/grading-round4/test_all.log:3493  [username] personal username  tmp_path = PosixPath('/private/var/folders/yc/1c930rns2rz1_trh4xcd9_m00000gq/T/pytest-of-<user>/pytest-417/test_tunnel_refuses_without_cl0')
    artifacts/grading-round4/test_all.log:3514  [home_path] home-directory path  FAILED tests/real_runtime/test_crash_resume.py::test_sigkill_resume_loses_zero_accepted_evidence - subprocess.CalledProcessError: Command '['<home>/<tooling-home>/worktrees/searcher-regrade4-20260817-002726/.venv/bin/python', '-m', 'searcher', 'db', 'migrate']' died with <Signals.SIGSEGV: 11>.
    artifacts/grading-round4/test_all.log:3514  [username] personal username  FAILED tests/real_runtime/test_crash_resume.py::test_sigkill_resume_loses_zero_accepted_evidence - subprocess.CalledProcessError: Command '['<home>/<tooling-home>/worktrees/searcher-regrade4-20260817-002726/.venv/bin/python', '-m', 'searcher', 'db', 'migrate']' died with <Signals.SIGSEGV: 11>.
    artifacts/grading-round4/test_all.log:3518  [home_path] home-directory path  +  where -11 = CompletedProcess(args=['/bin/bash', '<home>/<tooling-home>/worktrees/searcher-regrade4-20260817-002726/scripts/first_run.sh', '--help'], returncode=-11, stdout='', stderr='').returncode
    artifacts/grading-round4/test_all.log:3518  [username] personal username  +  where -11 = CompletedProcess(args=['/bin/bash', '<home>/<tooling-home>/worktrees/searcher-regrade4-20260817-002726/scripts/first_run.sh', '--help'], returncode=-11, stdout='', stderr='').returncode
    artifacts/grading-round4/test_all.log:3525  [home_path] home-directory path  +  where -11 = CompletedProcess(args=['/bin/bash', '<home>/<tooling-home>/worktrees/searcher-regrade4-20260817-002726/scripts/serve_shared.sh', '--help'], returncode=-11, stdout='', stderr='').returncode
    artifacts/grading-round4/test_all.log:3525  [username] personal username  +  where -11 = CompletedProcess(args=['/bin/bash', '<home>/<tooling-home>/worktrees/searcher-regrade4-20260817-002726/scripts/serve_shared.sh', '--help'], returncode=-11, stdout='', stderr='').returncode
    artifacts/grading-round4/test_all.log:3528  [home_path] home-directory path  +  where -11 = CompletedProcess(args=['/bin/bash', '<home>/<tooling-home>/worktrees/searcher-regrade4-20260817-002726/scripts/first_run.sh', '--check-only'], returncode=-11, stdout='', stderr='').returncode
    artifacts/grading-round4/test_all.log:3528  [username] personal username  +  where -11 = CompletedProcess(args=['/bin/bash', '<home>/<tooling-home>/worktrees/searcher-regrade4-20260817-002726/scripts/first_run.sh', '--check-only'], returncode=-11, stdout='', stderr='').returncode
    artifacts/grading-round4/test_all.log:3529  [home_path] home-directory path  FAILED tests/unit/test_probe_and_import.py::test_import_searcher_does_not_import_torch - subprocess.CalledProcessError: Command '['<home>/<tooling-home>/worktrees/searcher-regrade4-20260817-002726/.venv/bin/python', '-c', "import searcher, sys; print(','.join(m for m in ('torch', 'cv2', 'playwright') if m in sys.modules))"]' died with <Signals.SIGSEGV: 11>.
    artifacts/grading-round4/test_all.log:3529  [username] personal username  FAILED tests/unit/test_probe_and_import.py::test_import_searcher_does_not_import_torch - subprocess.CalledProcessError: Command '['<home>/<tooling-home>/worktrees/searcher-regrade4-20260817-002726/.venv/bin/python', '-c', "import searcher, sys; print(','.join(m for m in ('torch', 'cv2', 'playwright') if m in sys.modules))"]' died with <Signals.SIGSEGV: 11>.
    artifacts/grading-round4/test_all.log:3530  [home_path] home-directory path  FAILED tests/unit/test_probe_and_import.py::test_probe_does_not_load_heavy_modules - subprocess.CalledProcessError: Command '['<home>/<tooling-home>/worktrees/searcher-regrade4-20260817-002726/.venv/bin/python', '-c', "import sys; from searcher.integrations.visionmcp.probe import probe_timed; probe_timed(); print(','.join(m for m in ('torch', 'cv2', 'playwright') if m in sys.modules))"]' died with <Signals.SIGSEGV: 11>.
    artifacts/grading-round4/test_all.log:3530  [username] personal username  FAILED tests/unit/test_probe_and_import.py::test_probe_does_not_load_heavy_modules - subprocess.CalledProcessError: Command '['<home>/<tooling-home>/worktrees/searcher-regrade4-20260817-002726/.venv/bin/python', '-c', "import sys; from searcher.integrations.visionmcp.probe import probe_timed; probe_timed(); print(','.join(m for m in ('torch', 'cv2', 'playwright') if m in sys.modules))"]' died with <Signals.SIGSEGV: 11>.
    artifacts/grading-round4/test_all.log:3532  [home_path] home-directory path  +  where -11 = CompletedProcess(args=['/bin/bash', '<home>/<tooling-home>/worktrees/searcher-regrade4-20260817-002726/scripts/serve_shared.sh', '--help'], returncode=-11, stdout='', stderr='').returncode
    artifacts/grading-round4/test_all.log:3532  [username] personal username  +  where -11 = CompletedProcess(args=['/bin/bash', '<home>/<tooling-home>/worktrees/searcher-regrade4-20260817-002726/scripts/serve_shared.sh', '--help'], returncode=-11, stdout='', stderr='').returncode
    artifacts/grading-round4/tunnel-dns-cf.log:7  [tilde_home] tilde home path  2026-08-17T04:49:06Z INF Cannot determine default configuration path. No file [config.yml config.yaml] in [~/.cloudflared ~/.cloudflare-warp ~/cloudflare-warp /etc/cloudflared /usr/local/etc/cloudflared]
    artifacts/grading-round4/tunnel-dns-cf.log:10  [localhost] localhost/private address not on the documentation allowlist  2026-08-17T04:49:06Z INF Settings: map[ha-connections:1 no-autoupdate:true protocol:quic url:http://127.0.0.1:53891]
    artifacts/grading-round4/tunnel-dns-cf.log:14  [localhost] localhost/private address not on the documentation allowlist  2026-08-17T04:49:06Z INF ICMP proxy will use 192.168.2.158 as source for IPv4
    artifacts/grading-round4/tunnel-dns-cf.log:16  [localhost] localhost/private address not on the documentation allowlist  2026-08-17T04:49:06Z INF Created ICMP proxy listening on 192.168.2.158:0
    artifacts/grading-round4/tunnel-dns-cf.log:17  [localhost] localhost/private address not on the documentation allowlist  2026-08-17T04:49:06Z INF ICMP proxy will use 192.168.2.158 as source for IPv4
    artifacts/grading-round4/tunnel-dns-cf.log:19  [localhost] localhost/private address not on the documentation allowlist  2026-08-17T04:49:06Z INF Starting metrics server on 127.0.0.1:20242/metrics

GIT HISTORY (not rewritten by this script)
  counts:
    $HOME: 220
    home_path: 234
    username: 230
  findings:
    652490b62234e198e6383ca84cee4e299bafb771:artifacts/searcher-speed.receipt.json  [$HOME] $HOME / tilde expansion in history
    64f1a7adfd1a101ccfbedb806a1e00c0ef9e2ba8:artifacts/grading-round3/attacks.py  [home_path] home-directory path in history
    64f1a7adfd1a101ccfbedb806a1e00c0ef9e2ba8:artifacts/grading-round3/attacks.py  [username] personal username in history
    64f1a7adfd1a101ccfbedb806a1e00c0ef9e2ba8:artifacts/grading-round3/benchmark-all-dinov2.log  [home_path] home-directory path in history
    64f1a7adfd1a101ccfbedb806a1e00c0ef9e2ba8:artifacts/grading-round3/benchmark-all-dinov2.log  [username] personal username in history
    64f1a7adfd1a101ccfbedb806a1e00c0ef9e2ba8:artifacts/grading-round3/benchmark-all-noweights.log  [home_path] home-directory path in history
    64f1a7adfd1a101ccfbedb806a1e00c0ef9e2ba8:artifacts/grading-round3/benchmark-all-noweights.log  [username] personal username in history
    64f1a7adfd1a101ccfbedb806a1e00c0ef9e2ba8:artifacts/grading-round3/scrub.log  [home_path] home-directory path in history
    64f1a7adfd1a101ccfbedb806a1e00c0ef9e2ba8:artifacts/grading-round3/scrub.log  [username] personal username in history
    64f1a7adfd1a101ccfbedb806a1e00c0ef9e2ba8:artifacts/grading-round3/scrub.log  [$HOME] $HOME / tilde expansion in history
    64f1a7adfd1a101ccfbedb806a1e00c0ef9e2ba8:docs/grading/ROUND_2.md  [$HOME] $HOME / tilde expansion in history
    060ddd6523cf49137747d57fefd834f73f347a72:artifacts/grading-round2/benchmark-all-dinov2.log  [home_path] home-directory path in history
    060ddd6523cf49137747d57fefd834f73f347a72:artifacts/grading-round2/benchmark-all-dinov2.log  [username] personal username in history
    060ddd6523cf49137747d57fefd834f73f347a72:artifacts/grading-round2/benchmark-all.log  [home_path] home-directory path in history
    060ddd6523cf49137747d57fefd834f73f347a72:artifacts/grading-round2/benchmark-all.log  [username] personal username in history
    060ddd6523cf49137747d57fefd834f73f347a72:artifacts/grading-round2/ruff.log  [home_path] home-directory path in history
    060ddd6523cf49137747d57fefd834f73f347a72:artifacts/grading-round2/ruff.log  [username] personal username in history
    060ddd6523cf49137747d57fefd834f73f347a72:artifacts/grading-round2/scrub.full.txt  [home_path] home-directory path in history
    060ddd6523cf49137747d57fefd834f73f347a72:artifacts/grading-round2/scrub.full.txt  [username] personal username in history
    060ddd6523cf49137747d57fefd834f73f347a72:artifacts/grading-round2/scrub.log  [home_path] home-directory path in history
    060ddd6523cf49137747d57fefd834f73f347a72:artifacts/grading-round2/scrub.log  [username] personal username in history
    eb7b57ea85e8625737c140bac015b151d418e0f3:artifacts/grading-round2/benchmark-all-dinov2.log  [home_path] home-directory path in history
    eb7b57ea85e8625737c140bac015b151d418e0f3:artifacts/grading-round2/benchmark-all-dinov2.log  [username] personal username in history
    eb7b57ea85e8625737c140bac015b151d418e0f3:artifacts/grading-round2/benchmark-all.log  [home_path] home-directory path in history
    eb7b57ea85e8625737c140bac015b151d418e0f3:artifacts/grading-round2/benchmark-all.log  [username] personal username in history
    eb7b57ea85e8625737c140bac015b151d418e0f3:artifacts/grading-round2/ruff.log  [home_path] home-directory path in history
    eb7b57ea85e8625737c140bac015b151d418e0f3:artifacts/grading-round2/ruff.log  [username] personal username in history
    eb7b57ea85e8625737c140bac015b151d418e0f3:artifacts/grading-round2/scrub.full.txt  [home_path] home-directory path in history
    eb7b57ea85e8625737c140bac015b151d418e0f3:artifacts/grading-round2/scrub.full.txt  [username] personal username in history
    eb7b57ea85e8625737c140bac015b151d418e0f3:artifacts/grading-round2/scrub.full.txt  [$HOME] $HOME / tilde expansion in history
    eb7b57ea85e8625737c140bac015b151d418e0f3:artifacts/grading-round2/scrub.log  [home_path] home-directory path in history
    eb7b57ea85e8625737c140bac015b151d418e0f3:artifacts/grading-round2/scrub.log  [username] personal username in history
    eb7b57ea85e8625737c140bac015b151d418e0f3:artifacts/grading-round2/scrub.log  [$HOME] $HOME / tilde expansion in history
    eb7b57ea85e8625737c140bac015b151d418e0f3:docs/grading/ROUND_2.md  [$HOME] $HOME / tilde expansion in history
    cdff1c2aa59cdfd194cd6aefacc5c8bff8ea6c78:artifacts/redteam-receipt-comparison.json  [$HOME] $HOME / tilde expansion in history
    5a3915c62a43932dd4a073e1c39d8484dc4900ec:artifacts/redteam-receipt-comparison.json  [$HOME] $HOME / tilde expansion in history
    5a3915c62a43932dd4a073e1c39d8484dc4900ec:docs/audit/REDTEAM_COMPLETENESS.md  [$HOME] $HOME / tilde expansion in history
    7d5c9e1a961346bb8766c1acc490f3c763af829b:scripts/known_item_check.sh  [$HOME] $HOME / tilde expansion in history
    7d5c9e1a961346bb8766c1acc490f3c763af829b:tests/unit/test_index.py  [home_path] home-directory path in history
    5761fe9aa43a504d15a1c4fc3fb6ea1e21b19641:scripts/known_item_check.sh  [$HOME] $HOME / tilde expansion in history
    cee67647585a8c2a37a60916f99ee3ef7e39a85a:tests/unit/test_index.py  [home_path] home-directory path in history
    55e3142cd213b61b2f57c43b6d80ac9c83739436:artifacts/audit/reuse-ledger.receipt.json  [$HOME] $HOME / tilde expansion in history
    55e3142cd213b61b2f57c43b6d80ac9c83739436:artifacts/audit/source-authority.receipt.json  [$HOME] $HOME / tilde expansion in history
    55e3142cd213b61b2f57c43b6d80ac9c83739436:docs/audit/MTP_CAPABILITY_HARVEST.md  [$HOME] $HOME / tilde expansion in history
    55e3142cd213b61b2f57c43b6d80ac9c83739436:docs/audit/SOURCE_AUTHORITY.md  [$HOME] $HOME / tilde expansion in history
    55e3142cd213b61b2f57c43b6d80ac9c83739436:docs/audit/VISIONMCP_CAPABILITY_HARVEST.md  [$HOME] $HOME / tilde expansion in history
    55e3142cd213b61b2f57c43b6d80ac9c83739436:scripts/scrub_public_tree.sh  [$HOME] $HOME / tilde expansion in history
    1e99adadefa0658d9ac1103291bd1dae76880e85:docs/audit/JOB_SCRAPER_CAPABILITY_HARVEST.md  [$HOME] $HOME / tilde expansion in history
    1e92900c4e3f913ea512bd6ae8d3208572dc7aa4:artifacts/audit/reuse-ledger.receipt.json  [$HOME] $HOME / tilde expansion in history
    1e92900c4e3f913ea512bd6ae8d3208572dc7aa4:artifacts/audit/source-authority.receipt.json  [$HOME] $HOME / tilde expansion in history
    1e92900c4e3f913ea512bd6ae8d3208572dc7aa4:docs/audit/JOB_SCRAPER_CAPABILITY_HARVEST.md  [$HOME] $HOME / tilde expansion in history
    1e92900c4e3f913ea512bd6ae8d3208572dc7aa4:docs/audit/MTP_CAPABILITY_HARVEST.md  [$HOME] $HOME / tilde expansion in history
    1e92900c4e3f913ea512bd6ae8d3208572dc7aa4:docs/audit/SOURCE_AUTHORITY.md  [$HOME] $HOME / tilde expansion in history
    1e92900c4e3f913ea512bd6ae8d3208572dc7aa4:docs/audit/VISIONMCP_CAPABILITY_HARVEST.md  [$HOME] $HOME / tilde expansion in history
    15602d7b6d02150835b74070126435adba73a90f:docs/SEARCHER_FULL_IMPLEMENTATION_BIBLE.md  [$HOME] $HOME / tilde expansion in history

History findings are reported only. A history rewrite is the supervising engineer's call. Set SEARCHER_SCRUB_FAIL_ON_HISTORY=1 to make leftover history fail the gate after that rewrite.

FAIL: 1981 working-tree finding(s)
